Date	Open	High	Low	Close	Volume
28/03/2006	181.23	186.09	180.31	185	1096341
29/03/2006	186.27	190.25	184.44	189.78	867109
30/03/2006	190.32	192.13	188.27	190.19	1105940
31/03/2006	190.56	190.56	185.63	186.34	964382
03/04/2006	187.5	197.19	187.5	196.38	1567790
04/04/2006	198.88	199.12	195.01	197.04	1133881
05/04/2006	197.19	198.94	193.81	194.67	952612
07/04/2006	210.32	215.56	197.17	197.94	3926770
10/04/2006	201.19	204.38	198.34	199.33	1080528
12/04/2006	201.56	202.49	191.6	192.23	1694989
13/04/2006	193.5	196.54	186.38	188.68	2569190
17/04/2006	195.31	202.8	193.76	201.87	2581949
18/04/2006	203.46	209.19	203.46	208.5	1575534
19/04/2006	209.38	209.81	203.13	204.93	923049
20/04/2006	205	205.63	202.26	204.79	792376
21/04/2006	205.63	207.79	203.25	206.36	986940
24/04/2006	206.88	206.88	199.06	200.3	1108937
25/04/2006	200.63	200.63	194.38	196.37	1260108
26/04/2006	197.5	202.81	196.88	201.56	839431
27/04/2006	202	202	194.5	195.79	1883371
28/04/2006	196.25	197	187.56	196.23	914814
02/05/2006	199.34	202.19	197	197.77	999136
03/05/2006	198.56	199.5	196.2	198.21	729933
04/05/2006	198.25	201.53	198.25	200.71	484327
05/05/2006	200.94	203.06	199.38	200.76	503115
08/05/2006	202.19	202.47	201.25	201.77	308525
09/05/2006	201.06	203.94	198.82	202.32	579767
10/05/2006	202.19	204.5	202.19	203.52	493230
11/05/2006	203.31	204.55	200.95	203.5	556985
12/05/2006	202.19	205.31	199.44	202.64	558157
15/05/2006	199.38	203.06	194.44	196.94	909991
16/05/2006	197.5	206.25	191.31	196.88	863942
17/05/2006	199.37	203.06	197.81	200.51	647645
18/05/2006	199.57	199.57	187.5	189.62	1034941
19/05/2006	195	196.56	183.25	185.9	1257204
22/05/2006	189.04	193.61	173.44	176.48	1339265
23/05/2006	176.88	184.06	173.21	181.92	1005754
24/05/2006	183.75	183.81	175.7	178.81	1131211
25/05/2006	176.88	179.18	174.94	176.78	1691344
26/05/2006	179.38	185.92	179.18	183.39	915922
29/05/2006	183.75	186.5	183	185.48	415954
30/05/2006	185.88	192.81	184.78	189.16	1056003
31/05/2006	185.63	187.44	178.13	181.87	1195873
01/06/2006	184.31	185.31	175.32	176.87	1481478
02/06/2006	178.13	181.25	175.63	180.38	1007672
05/06/2006	182.38	182.75	175.64	176.52	1047856
06/06/2006	175	177.75	171.6	172.84	697867
07/06/2006	172.13	174.38	168.75	172.7	997412
08/06/2006	174.09	174.09	162.83	168.99	1638458
09/06/2006	167.7	176.56	167.7	174.67	898460
12/06/2006	175	178	170.31	172.7	803644
13/06/2006	171.69	171.88	163.77	164.94	896844
14/06/2006	168.42	169.94	153.13	155.32	2176197
15/06/2006	160	172.56	158.75	170.44	1219271
16/06/2006	172.56	182.11	172.56	175.07	1552768
19/06/2006	175	180.63	173.44	179.45	1098990
20/06/2006	178.63	179.38	175.06	177.75	705032
21/06/2006	176.56	183.44	175.63	182.7	854794
22/06/2006	187.17	187.17	183.19	184.49	770996
23/06/2006	183.19	188.13	180.63	186.97	682321
26/06/2006	187.44	187.44	180.63	181.26	685124
27/06/2006	181.56	186.25	177.63	185.47	1012546
28/06/2006	183.2	187.13	180	185.91	549783
29/06/2006	187.13	188.75	186.58	187.1	764786
30/06/2006	192.75	195.63	189.06	192.43	876688
03/07/2006	192.81	197.5	191.4	197.15	615360
04/07/2006	197.5	199.36	195.94	196.85	606075
05/07/2006	198.75	200.27	194.44	199.63	1022133
06/07/2006	196.63	199.38	195.31	197.74	461271
07/07/2006	199.38	202.5	193.25	194.06	707861
10/07/2006	199.31	199.69	193.82	199.25	764033
11/07/2006	199.94	201.56	195.94	196.76	810381
12/07/2006	206.25	212.5	200.31	211.6	4251043
13/07/2006	218.5	224.88	208.25	210.24	1423289
14/07/2006	206.25	207.63	202.5	206.09	1737712
17/07/2006	205.13	205.71	200	200.66	1552356
18/07/2006	201.29	205.63	200.63	203.69	1323057
19/07/2006	207.63	207.63	199.64	200.57	1448682
20/07/2006	212.34	212.34	204.13	205.98	1503490
21/07/2006	204.35	204.35	197.56	200.26	1140542
24/07/2006	199.96	202.45	196.5	201.41	1289813
25/07/2006	203.63	205.49	200	201.34	1349768
26/07/2006	203.14	206.85	200	205.8	1531257
27/07/2006	205.63	208.43	203.19	207.29	1810411
28/07/2006	207.64	207.76	201.29	203.78	784890
31/07/2006	205.63	208.75	204.58	206.94	1855611
01/08/2006	206.25	208.59	205.13	207.25	1146606
02/08/2006	207.13	209.88	206.25	208.33	1179629
03/08/2006	208.82	214.63	207.26	209.12	2402362
04/08/2006	209.38	211.99	208.75	210.08	1172978
07/08/2006	210	211.24	208.74	209.2	710928
08/08/2006	209.38	211.25	209.26	210.53	438892
09/08/2006	210.25	213.5	208.75	212.76	1221288
10/08/2006	212.5	214.75	211.38	213.58	1119607
11/08/2006	213.75	218.75	213.13	217.78	1530582
14/08/2006	219	220.58	217.51	219.44	791349
16/08/2006	221.25	223.13	217.54	219.04	1176127
17/08/2006	220.01	221.64	218.07	219.7	1031039
18/08/2006	220.63	221.09	201.25	220.25	552395
21/08/2006	220.5	225	218.63	224.76	1427415
22/08/2006	225.13	226.13	221.9	222.64	576198
23/08/2006	223.61	224.31	219.75	220.99	787832
24/08/2006	220	221.88	218.13	220.86	1087864
25/08/2006	221.75	222.49	220	220.84	638426
28/08/2006	220.84	222.14	218.13	221.59	605362
29/08/2006	222.5	226.38	222.25	225.73	1114522
30/08/2006	226.25	226.25	223.88	225.15	665088
31/08/2006	226	227.38	225.01	225.8	1228539
01/09/2006	226.25	226.88	225.02	226.31	603907
04/09/2006	226.5	231.88	226.39	230.96	756301
05/09/2006	233.75	233.75	228.13	229.37	372511
06/09/2006	231.25	231.25	228.72	229.36	736267
07/09/2006	228.09	228.7	224.88	225.86	1254551
08/09/2006	225.88	227.38	222.25	223.68	1247960
11/09/2006	225.14	225.14	215.01	216.69	940192
12/09/2006	217.5	222.5	215.14	221.44	1016220
13/09/2006	223.75	226.88	223.75	226.18	1144267
14/09/2006	226.92	230.13	226.88	228.91	1328208
15/09/2006	229.38	229.38	223.63	226.33	985739
18/09/2006	228.13	228.13	226.31	227.17	718067
19/09/2006	227.25	229.34	225.25	227.05	1213027
20/09/2006	225	229.88	224.54	228.81	897445
21/09/2006	230	231.25	228.46	229.76	957949
22/09/2006	228	229.75	226.42	228.75	677083
25/09/2006	228.63	228.63	226.5	227.07	393039
26/09/2006	229.38	230.83	227.63	229.98	745865
27/09/2006	230.01	231.49	229.07	229.71	769730
28/09/2006	230	234.4	227.75	232.27	1103193
29/09/2006	234.75	234.75	230.64	231.21	497551
03/10/2006	234.38	234.38	226.5	227.28	1106239
04/10/2006	229.11	230	224.38	224.99	1649642
05/10/2006	228	233.75	226.88	233.15	1223635
06/10/2006	233.13	234.96	230.67	234.19	844377
09/10/2006	233.13	239.99	231.31	237.02	1344539
10/10/2006	239.1	243.75	237.51	238.28	2101050
11/10/2006	250	255.55	244.38	247.5	3577516
12/10/2006	251.94	253.13	246.38	252.51	2313775
13/10/2006	253.75	262.49	253.75	261.13	3028448
16/10/2006	262.38	268.23	261.31	262.54	2240813
17/10/2006	263.63	265.61	256.52	258.84	1647165
18/10/2006	257.52	262.35	257.5	259.16	1569261
19/10/2006	258.75	260.46	257.5	258.56	966427
20/10/2006	261.25	261.25	256.88	258.01	932700
23/10/2006	262.5	262.5	254.38	255.19	777012
26/10/2006	255.19	260	255.19	259.17	1590685
27/10/2006	256.94	264.38	256.94	261.57	855210
30/10/2006	261.88	266.88	258.75	265.96	712012
31/10/2006	266.88	266.88	260.89	261.94	1066839
01/11/2006	262	264.73	260.14	262.93	554623
02/11/2006	261.63	262.5	259.63	260.59	700286
03/11/2006	261.19	261.85	257.38	259.36	731210
06/11/2006	261.24	261.24	256.94	258.75	407595
07/11/2006	260.01	266.71	260.01	262.79	1165747
08/11/2006	265	269	263.44	265.73	1703685
09/11/2006	267.49	269.75	263.79	267.14	1184989
10/11/2006	268.13	269.74	266.75	267.48	1539162
13/11/2006	267.5	270.75	266.88	270.02	1041867
14/11/2006	271.86	278.38	271.86	276.32	2259904
15/11/2006	277.18	280.02	274.03	277.83	944190
16/11/2006	277.13	278.09	269.26	274.99	1505112
17/11/2006	275.25	276.11	270.03	273.3	539331
20/11/2006	271.25	282.8	269.03	281.73	2439179
21/11/2006	283.13	283.13	276.97	282.06	2837819
22/11/2006	275	281.13	272.49	278.19	1738256
23/11/2006	278.19	280.63	278.19	279.63	781813
24/11/2006	278.75	280.84	277.79	279.44	437974
27/11/2006	279.38	279.93	276.63	277.23	475012
28/11/2006	275.34	275.34	270	270.61	1332855
29/11/2006	273.74	274.86	266.5	269.58	1550915
30/11/2006	271.86	274.38	270	272.46	1268278
01/12/2006	273.63	275.75	273.13	274.38	531626
04/12/2006	274.75	276.78	272.64	275.91	725524
05/12/2006	277.5	281.13	277.5	279.89	1304409
06/12/2006	280	285	277.77	281.11	1768578
07/12/2006	281.11	281.73	275.5	277.98	1606721
08/12/2006	278.13	278.48	273.78	274.44	1110995
11/12/2006	276.25	279.38	270.94	274.35	1451817
12/12/2006	274.75	278.25	267.65	270.53	1941761
13/12/2006	270.75	272.5	265.66	268.71	1560477
14/12/2006	271.25	275.96	270.13	274.51	918497
15/12/2006	274.38	280	274.38	279.19	1078563
18/12/2006	279.75	282.5	272.76	278.06	1971674
19/12/2006	276.26	276.52	266.88	269.7	2241204
20/12/2006	270.63	274.88	268.88	271.34	1266426
21/12/2006	271.88	271.88	268.13	270.46	835754
22/12/2006	271.25	272.63	270.01	271.73	516939
26/12/2006	270.63	278.09	270.63	277.43	758509
27/12/2006	278.13	282.4	278.13	281.58	1079694
28/12/2006	284.38	284.49	280.06	281.02	1122702
29/12/2006	281.5	283.23	278.29	280.23	761696
02/01/2007	281.63	287.13	279.76	284.08	1078733
03/01/2007	284.08	290	284.08	288.92	1361157
04/01/2007	290.15	290.63	284.38	285.66	1097133
05/01/2007	285.75	288.13	281.94	284.38	877744
08/01/2007	284.38	285	274.06	275.7	2310171
09/01/2007	277	279.43	271.68	273.76	1677051
10/01/2007	275	275	269.18	270.56	1894898
11/01/2007	272.63	276.86	261.89	272.88	4261526
12/01/2007	275	278.96	275	277.93	1729086
15/01/2007	279.12	280.94	278.75	280.37	1266845
16/01/2007	280.65	281.25	277.01	277.77	639226
17/01/2007	280.63	280.63	274.64	275.68	1100425
18/01/2007	275.75	279.13	275.75	278.02	988269
19/01/2007	278.13	279.75	273.13	275.29	1443893
22/01/2007	276.88	282.5	275.55	281.75	1215174
23/01/2007	281	281	277.52	279.39	863396
24/01/2007	275.13	282.13	275.13	279.26	457610
25/01/2007	280.13	281.84	277.68	280.13	849794
29/01/2007	279.38	281.88	276.54	280.55	818864
31/01/2007	280	281.88	277.67	280.91	1146388
01/02/2007	281.25	284.38	279.79	283.62	420908
02/02/2007	284.38	285	280.26	283.19	1230365
05/02/2007	279.38	284.55	279.38	283.66	912384
06/02/2007	283.75	285.87	282.5	284.12	820118
07/02/2007	281.94	296.25	281.94	294.63	1812308
08/02/2007	295.63	297.5	291.7	296.71	821431
09/02/2007	296.8	299.75	292.25	295.16	788101
12/02/2007	291.88	296.21	288.89	293.91	608511
13/02/2007	293.88	294.81	284.58	288.02	945127
14/02/2007	285.27	289.38	282.71	285.58	1205275
15/02/2007	290.61	301.88	286.88	297.87	1247356
19/02/2007	297.75	300	295.37	297.01	385831
20/02/2007	296.88	298.48	293.88	294.99	308990
21/02/2007	295	296.5	287.76	288.86	1168590
22/02/2007	288.5	291.88	283.75	285.94	1298600
23/02/2007	284.75	288.88	276.52	279.71	1444897
26/02/2007	279.25	280.88	269.38	277.27	1458781
27/02/2007	278.75	278.75	270.66	273.38	1119612
28/02/2007	272.5	272.5	256.25	259.69	3125049
01/03/2007	260	273.12	259.5	269.89	1704332
02/03/2007	271.7	272.38	259.38	261.69	1521013
05/03/2007	259.74	259.74	250	250.89	1743846
06/03/2007	251.63	269.21	251.63	264.31	1819108
07/03/2007	270.93	270.93	256.29	260.67	1283784
08/03/2007	261.25	268.25	260.16	266.97	1532651
09/03/2007	266.29	268.75	262.04	265.12	1010651
12/03/2007	265	267.99	262.5	264.41	1133243
13/03/2007	264.63	266.24	258.73	263.13	1433228
14/03/2007	259.38	261.21	251.53	252.5	2001160
15/03/2007	256.38	263.11	254.5	259.93	2143630
16/03/2007	261.25	263.13	253.13	255.93	945972
19/03/2007	258.75	261.47	255.9	260.91	682727
20/03/2007	262.5	263.59	256.25	256.99	672323
21/03/2007	257.7	262.5	256.04	261.74	1157339
22/03/2007	263.75	268.13	262.5	264.88	996793
23/03/2007	265	266.88	260.13	261.58	1359660
26/03/2007	263.13	263.13	255.03	257.27	1993575
28/03/2007	253.75	253.75	248.5	249.01	2684238
29/03/2007	245.24	253.63	244.89	248.84	3240899
30/03/2007	249.38	253.71	249.38	252.33	1811694
02/04/2007	250	250	239	240.37	1842360
03/04/2007	240.63	246.81	238.75	245.58	2194220
04/04/2007	247.5	249.98	243.78	249.29	1511198
05/04/2007	248.75	249.99	243.21	249.04	766225
09/04/2007	245	256.75	245	255.94	764018
10/04/2007	256.25	258	247.64	249.86	1481454
11/04/2007	250.63	254.88	248.47	249.53	1540596
12/04/2007	248.63	256.99	245	255.73	2253235
13/04/2007	262.5	266.5	253.29	260.86	4637018
16/04/2007	268.75	269.5	260.88	266.09	1677910
17/04/2007	263.75	266	258.26	260.34	1722421
18/04/2007	260.81	262.34	257.9	259.54	1186452
19/04/2007	256.27	257.18	253.16	254.99	1586206
20/04/2007	261.85	261.85	256.14	256.89	987653
23/04/2007	259.97	259.97	257.52	258.66	775565
24/04/2007	253.19	259.23	253.13	257.24	1304488
25/04/2007	255.75	256.25	251.5	252.31	1471188
26/04/2007	254.38	256.24	251	252.36	1449003
27/04/2007	253.75	254.34	248.88	250.64	1647492
30/04/2007	250.63	257.5	250.63	256.36	987568
03/05/2007	257.13	261.66	257.13	260.21	1065828
04/05/2007	260.04	261.25	256.52	258.99	919290
07/05/2007	259	259.38	254.44	255.23	965642
08/05/2007	253.75	254.38	249.39	250.28	1472354
09/05/2007	250.25	250.81	246.88	247.58	1478866
10/05/2007	251.13	251.84	246.25	246.78	1561674
11/05/2007	246.25	252.5	243.88	250.08	1587793
14/05/2007	252.25	252.96	247.83	250.24	916963
15/05/2007	249.88	250	246	246.68	1088213
16/05/2007	246.63	247.75	242	243.96	1958530
17/05/2007	245	248.63	245	247.94	2142384
18/05/2007	247.38	250.74	246	247.74	1198609
21/05/2007	248.26	249	243.78	245.05	1657902
22/05/2007	243.76	245.11	241.38	243.34	2378502
23/05/2007	243.75	244.25	240.01	240.72	1316432
24/05/2007	240.63	243.74	239.75	242.13	2395866
25/05/2007	243.75	249	238.13	248.19	2238083
28/05/2007	244.46	251.71	244.46	246.44	1669527
29/05/2007	246.88	246.88	243.16	244.21	832935
30/05/2007	243.13	244.97	237.63	238.27	2559607
31/05/2007	240	242.39	238.75	240.44	1746065
01/06/2007	241.63	243.74	241.5	242.32	967775
04/06/2007	243.75	246.09	238.6	239.54	1175648
05/06/2007	240	243.75	238.5	242.9	1787841
06/06/2007	246.75	246.75	241.25	242.29	2061002
07/06/2007	230.86	246.5	230.86	244.64	1664381
08/06/2007	243.74	246.88	238.94	243.86	2618464
11/06/2007	246.75	249.5	246.25	247.48	2305776
12/06/2007	245.25	249.86	245.25	248.69	1186206
13/06/2007	214.38	249.88	214.38	248.59	767901
14/06/2007	249.38	253.88	249.38	252.4	1986856
15/06/2007	253.75	254.75	250	251.18	1064914
18/06/2007	253.13	253.63	248.19	248.68	1235097
19/06/2007	248.75	248.86	242.75	244.58	1750723
20/06/2007	245.75	246.75	243.77	244.28	854423
21/06/2007	244.25	245.75	241.9	244.81	844835
22/06/2007	245.59	245.59	241.88	243.85	834245
25/06/2007	243.85	245.36	239.88	242.08	694669
26/06/2007	241.25	243.5	240	240.27	760742
27/06/2007	241.38	243.28	241	241.92	686031
28/06/2007	242.5	243.45	239.14	240.63	1049904
29/06/2007	243.75	246.25	240	241.13	1722066
02/07/2007	243	244.36	241.13	242.98	1148721
03/07/2007	243.75	244.13	241.91	243.43	704245
04/07/2007	245.13	245.13	240.25	241.38	729810
05/07/2007	241.39	242.5	238.75	239.6	959238
06/07/2007	230.84	247.09	230.84	246.48	2191955
09/07/2007	248.63	251.18	248.29	249.22	1805543
10/07/2007	249.38	255.24	249.38	252.56	2184938
11/07/2007	250	250	240.63	241.21	4702736
12/07/2007	243.75	244.96	239.38	240.28	3903578
13/07/2007	241.52	244.8	240.26	242.48	3367793
16/07/2007	243.13	244.38	241	241.98	1709987
17/07/2007	242.5	244.84	241.75	242.32	1106782
18/07/2007	242.64	244.31	241.9	243.07	846528
19/07/2007	243.5	250	243.25	249.56	2084644
20/07/2007	250	252.38	246.32	248.28	1631286
23/07/2007	246.76	247.99	241.4	243.48	1879252
24/07/2007	243.48	247.49	242.57	246.89	1111548
25/07/2007	247	251.25	243.13	248.61	1455899
26/07/2007	249.75	256.25	249.38	254.29	2836423
27/07/2007	250.13	251.88	245.21	250.98	1733311
30/07/2007	250.98	251.25	245.79	248.3	699777
31/07/2007	248.75	254.38	244.41	246.98	904263
01/08/2007	248.5	248.5	240.38	241.19	1479865
02/08/2007	243.75	243.75	236.56	237.4	1478333
03/08/2007	237.63	240.43	237.25	239.58	837398
06/08/2007	242.48	242.48	232.54	233.16	1127300
07/08/2007	234.38	237.5	232.89	234.81	1377863
08/08/2007	236.25	249.75	236.25	245.91	3064476
09/08/2007	248.75	250.63	240.63	241.78	1280598
10/08/2007	231.89	245.88	231.89	244.99	1856530
13/08/2007	246.25	246.25	240.15	243.74	784684
14/08/2007	243.75	245.13	241.83	244.43	561334
16/08/2007	233.75	240.88	232.78	239.14	1766986
17/08/2007	239.87	239.87	217.89	231.82	3440529
20/08/2007	239.38	239.38	227.56	228.65	1719108
21/08/2007	228.88	231.26	219.03	220.17	2510504
22/08/2007	220.63	226.05	218.75	223.59	1183042
23/08/2007	231.13	231.24	224.03	226.44	1723906
24/08/2007	222.64	229.19	222.64	228.2	925678
27/08/2007	229.88	231.38	227.04	230.96	670614
28/08/2007	228.75	236.75	228.25	235.03	1267184
29/08/2007	230.13	233.75	227.56	229.66	1451962
30/08/2007	231.25	233.8	230.13	233.15	1121626
31/08/2007	235.63	235.63	231	231.82	985667
03/09/2007	233.13	233.75	231.88	232.58	596234
04/09/2007	240.34	240.34	221.88	236.21	699221
05/09/2007	235.5	240.62	235.41	236.88	1087659
06/09/2007	234.5	238.63	234.5	237.98	485152
07/09/2007	238.88	240.63	237.63	238.56	669722
10/09/2007	236.56	238.09	233.21	233.94	741055
11/09/2007	235.75	235.75	226.88	227.85	975866
12/09/2007	228.13	233.25	226.64	227.73	997235
13/09/2007	228.13	232.75	227.94	229.28	1203850
14/09/2007	230	232.25	228.79	229.64	1193786
17/09/2007	231.75	231.86	224.06	225.6	1378864
18/09/2007	225	226.84	223.31	225.57	1676002
19/09/2007	230	233.5	230	231.45	2151113
20/09/2007	230	230.63	224.39	225.05	1292508
21/09/2007	223.75	231.25	219.13	228.24	1916075
24/09/2007	228.5	228.74	220	220.38	2173348
25/09/2007	223.13	224.38	218.56	221.42	2173126
26/09/2007	222.5	229.34	221.25	228.14	1640783
27/09/2007	234.01	241.59	229.38	239.48	3869012
28/09/2007	240.63	243.75	233.38	236.59	2016986
01/10/2007	236.88	239.38	231.59	238.17	1514862
03/10/2007	240	251.86	238.75	250.19	3321528
04/10/2007	251.25	251.25	245.25	249.86	1794366
05/10/2007	250	250	246.95	247.86	1054183
08/10/2007	250	253.13	248	250.46	1086969
09/10/2007	248.13	256.5	248.13	255.93	1631749
10/10/2007	261.83	267.74	257.5	265.63	2788226
11/10/2007	262.5	262.5	245.38	247.11	4435431
12/10/2007	245.63	246.86	237.98	241.21	2568275
15/10/2007	245.98	245.98	239.25	240.98	1850719
16/10/2007	232.66	241.25	230.01	233.29	2584534
17/10/2007	225	238.5	223.13	236.29	2013136
18/10/2007	237.5	243.75	232.1	236.25	2358882
19/10/2007	237.5	241.25	234.52	238.71	1389848
22/10/2007	232.25	238.78	232.25	235.84	1335429
23/10/2007	237.5	239.7	233.75	235.43	1543293
24/10/2007	237.63	239.75	229.14	230.56	1430781
25/10/2007	231.38	234.48	228.13	229.63	1619480
26/10/2007	229.38	231.88	228	231.03	1034888
29/10/2007	237.5	237.5	231.9	232.58	666060
30/10/2007	233.75	235.5	229.95	231.78	749555
31/10/2007	233.69	235.64	227.26	229.68	1253191
01/11/2007	233.96	235	229.5	234.24	1190316
02/11/2007	231.25	241.25	227.63	239.64	1276101
05/11/2007	237.5	241.09	230.04	231.75	776435
06/11/2007	231.25	234.38	231.25	231.47	564729
07/11/2007	231.42	231.42	216.88	218.24	2893925
08/11/2007	214.84	218.13	212.88	214.54	1963155
09/11/2007	218.63	218.63	211.26	212.64	177058
12/11/2007	209.38	209.38	201.27	205.23	3165604
13/11/2007	203.13	211.64	200.88	203.39	2939639
14/11/2007	210	216.25	207	213.49	2032751
15/11/2007	212.5	212.5	204.75	205.91	1631725
16/11/2007	205.91	208	202.25	203.13	1213941
19/11/2007	206.25	206.25	202	202.49	1805145
20/11/2007	200.88	202.5	194.17	195.71	2842109
21/11/2007	193.13	198.38	192.5	193.39	2065484
22/11/2007	193.74	195.01	189.88	191.45	1572093
23/11/2007	193.75	200.59	191.71	194.69	2085087
26/11/2007	195.63	199.68	195.63	196.99	1189440
27/11/2007	196.99	198.25	195.34	196.71	1468733
28/11/2007	198.63	199.38	194.88	196.16	1182368
29/11/2007	200.63	201.75	193.75	195.91	3007634
30/11/2007	196.75	203.11	196.75	200.31	3421174
03/12/2007	200.31	204	198.58	200.04	2512630
04/12/2007	199.81	203.46	198.85	201.91	1420957
05/12/2007	202.46	202.46	198.81	200.44	1249594
06/12/2007	201.41	206.13	201.41	204.42	1768050
07/12/2007	206.25	218.66	203.78	215.29	2717145
10/12/2007	217.44	220.96	212.5	218.59	1553271
11/12/2007	218.59	219.88	213.38	218.04	1055549
12/12/2007	213.75	215	207.13	210.72	1543875
13/12/2007	211.75	212.36	206.53	207.49	831607
14/12/2007	206.5	209.34	204.76	205.79	535147
17/12/2007	206.25	207.38	201.5	203.04	918375
19/12/2007	204.33	206.25	204.02	204.93	662235
20/12/2007	205.88	215	205.59	211.94	1900506
24/12/2007	214.8	227.38	213.75	226.27	2045667
26/12/2007	227.5	228.19	221.25	227.23	575547
27/12/2007	228	229.85	224.02	225.3	1044813
28/12/2007	221.25	226.25	213.76	224.53	598020
31/12/2007	225.13	225.63	219.89	221.24	659118
01/01/2008	220.83	222.33	217.78	218.36	250203
02/01/2008	218.75	219.92	214.05	218.54	769382
03/01/2008	224.63	224.63	211.25	213.63	1553245
04/01/2008	218.43	218.43	210	211.86	770790
07/01/2008	208.75	211.25	202.88	204.61	1656775
08/01/2008	206.88	209.99	202.77	207.78	1941408
09/01/2008	206.88	212.38	205.79	206.62	1839335
10/01/2008	210.93	211.25	198.5	200.32	1937285
11/01/2008	212.5	217.41	195.63	197.72	2829143
14/01/2008	199.88	201.25	190.63	191.19	2006353
15/01/2008	193	194.36	187.5	187.76	1598278
16/01/2008	187.5	189.88	183.76	186.91	1390887
17/01/2008	187.5	190.66	185.63	186.3	1212450
21/01/2008	182.49	186.25	163.03	173.89	2771192
22/01/2008	167.5	180.5	156.88	172.61	3460069
23/01/2008	181.13	182.33	171.53	177.75	2228398
24/01/2008	181.13	187.88	174.38	177.82	1742858
25/01/2008	178.75	192.35	178.75	189.98	831274
28/01/2008	184.25	187.5	175.91	180.79	973586
29/01/2008	181.25	188.72	181.25	186.58	1130083
30/01/2008	188.88	188.88	184.03	186.66	892477
31/01/2008	187	191.86	183.78	187.38	2235662
01/02/2008	188.25	201	188.25	199.33	1392995
04/02/2008	204.31	208.12	200.63	205.01	1420146
05/02/2008	204.63	204.63	198.13	201.16	1002589
06/02/2008	188.13	196.86	187.5	188.74	1243002
07/02/2008	193.21	193.21	184.03	185.29	522450
08/02/2008	185	197.13	184.88	194.04	1647574
11/02/2008	193.75	200	190.03	194.74	1747350
12/02/2008	195	200	191.92	193.16	1057804
13/02/2008	196.25	206.26	187.67	193.18	1236746
14/02/2008	190.69	199.93	190.69	193.34	1468743
15/02/2008	192.5	197.5	187.63	195.68	1119032
18/02/2008	196.25	197.38	192.53	194.39	408272
19/02/2008	195	196.91	190.81	194.56	669549
20/02/2008	196.38	198.73	194.56	196.11	875363
21/02/2008	199.99	206.25	196.54	203.44	1295846
22/02/2008	201.5	202.85	196.44	197.58	621313
25/02/2008	199.85	202.98	197.88	201.89	949056
26/02/2008	202.38	209	201.25	207.86	1050338
27/02/2008	208.13	210.93	201.89	202.36	1054095
28/02/2008	201.13	202.5	199.02	199.92	1463254
29/02/2008	196.25	200.24	190.13	193.53	993136
03/03/2008	192.63	192.63	181.25	183.49	1545592
04/03/2008	190.51	190.51	176.25	177.38	1349870
05/03/2008	178.13	187.5	175.63	184.85	1424587
07/03/2008	181.25	181.25	175.04	178.82	1145585
10/03/2008	176.75	184.83	175	178.89	707142
11/03/2008	179.88	179.88	175.63	178.29	2005428
12/03/2008	184.25	184.38	172	173.14	1703273
13/03/2008	172.5	173.1	163.88	167.21	985186
14/03/2008	166.88	173.63	166.25	171.28	1202846
17/03/2008	168.5	169.29	163.88	167.23	729010
18/03/2008	167.5	170.13	162.5	164.33	1841428
19/03/2008	168.74	171.63	164.5	167.96	1954652
24/03/2008	169.66	173.5	167.9	170.06	1699501
25/03/2008	175.21	193.36	173.75	186.54	2842385
26/03/2008	188.13	189.73	181.39	187.44	1477398
27/03/2008	186.26	186.26	178.26	180.22	2086563
28/03/2008	179	192.34	177.5	190.15	1478736
31/03/2008	185.25	187.5	175.51	179.99	2524790
01/04/2008	180.64	183	176.28	177.88	786151
02/04/2008	184.38	187.38	183.13	185.35	1394010
03/04/2008	183.76	191.25	183.76	190.31	1222270
04/04/2008	183.88	190.88	179	185.68	1003504
07/04/2008	187.38	191.05	184.53	186.51	2012148
08/04/2008	186.5	186.88	181.53	183.37	1548206
09/04/2008	183.37	186	181.38	184.99	1128569
10/04/2008	183.13	188.74	180.38	181.58	2141258
11/04/2008	183.75	185	176.63	177.74	3016789
15/04/2008	180	190.63	177.5	188.8	4550317
16/04/2008	190.63	201.88	190	200.03	3826451
17/04/2008	203.74	211.25	202.5	207.39	4614910
21/04/2008	209.88	214.63	203.5	205.73	1852749
22/04/2008	203.75	205.64	197.5	199.83	2099681
23/04/2008	200	206.64	199.64	205.99	2079013
24/04/2008	206.25	213.49	204.13	212.01	2293319
25/04/2008	212.49	214.45	206.38	210.54	1986998
28/04/2008	211.25	212.5	206.39	207.96	1078732
29/04/2008	206.25	220.24	205.14	218.69	4245846
30/04/2008	220	226.25	216.26	219.14	2624917
02/05/2008	221.88	224.63	221.04	223.43	2168626
05/05/2008	223.38	226.25	220.52	223.24	1224035
06/05/2008	220.7	231.25	217	225.93	2222832
07/05/2008	229.61	232.38	227.33	230.52	2760656
08/05/2008	225.63	229.38	218.18	223.08	1942209
09/05/2008	222.63	223.93	217.13	218.67	1801600
12/05/2008	221.18	224.88	211.92	221.68	2037730
13/05/2008	223.13	226.86	214.38	218.59	2256197
14/05/2008	217.5	229.38	217.5	228.11	2027864
15/05/2008	228	238.56	228	236.64	3622804
16/05/2008	237.13	239.41	232.51	233.93	2108093
20/05/2008	233.13	239.13	226.88	235.96	1746160
21/05/2008	234.25	235.5	231.75	233.83	1069923
22/05/2008	232.5	237.38	230.88	232.96	1534739
23/05/2008	232.96	235.5	227.04	228.59	1462271
26/05/2008	226.25	236.88	223.88	235.63	2674644
27/05/2008	236.25	237.38	233.25	235.39	1290445
28/05/2008	235.38	240	234.56	238.95	1928601
29/05/2008	238.13	238.56	232.07	235.68	1987314
30/05/2008	236.25	247.25	233.13	245.35	3451866
02/06/2008	247.5	253.75	242.56	243.85	2081428
03/06/2008	240.63	243.78	235.13	240.28	1948540
04/06/2008	240	240	231.64	233.84	1602354
05/06/2008	235.96	248.38	233.75	247.44	2393102
06/06/2008	250	255.81	247.58	249.19	1852033
09/06/2008	242.63	246.25	235.83	237.69	1753294
10/06/2008	236.25	240	224.56	231.76	2923784
11/06/2008	235.63	238	232.78	236.61	1202466
12/06/2008	229.51	235.75	228.89	234.36	1550053
13/06/2008	236.38	239.36	231.89	233.33	1284986
16/06/2008	236.99	242.5	235	238.48	1579574
17/06/2008	243.75	243.75	235.49	238.94	1344338
18/06/2008	239.75	240.59	231.75	232.81	1300225
19/06/2008	231.75	235.21	229.57	232.8	836908
20/06/2008	233.13	235.69	227	228.38	1461858
23/06/2008	226.95	233.35	225.14	230.73	1204105
24/06/2008	230.73	232.5	220.63	224.31	1359007
25/06/2008	223.75	223.75	212.65	218.34	2786768
26/06/2008	217.51	225	217.51	223.14	2145229
27/06/2008	217.52	220.63	211.88	213.18	1426310
30/06/2008	214.38	218.6	213.75	217.1	1460712
01/07/2008	218	221.13	213.13	214.63	1544980
02/07/2008	215.63	230.5	215.25	227.58	1797365
03/07/2008	225.16	225.16	216.5	217.88	1521145
04/07/2008	218.5	223.63	216.42	219.48	1204238
07/07/2008	222.5	228.13	221.88	224.98	1040351
08/07/2008	222.13	222.13	213.96	217.08	1624617
09/07/2008	219.5	229	219	227.74	1875628
10/07/2008	235.63	235.63	222.5	225.66	1883984
11/07/2008	230.63	234.33	205.19	209.61	6596234
14/07/2008	207.53	208.75	192.79	194.44	3688791
15/07/2008	191.88	197.38	187.88	193.08	3231972
16/07/2008	195.15	197.13	191	193.45	1565876
17/07/2008	197.5	200.98	195.64	197.79	1628085
18/07/2008	198.13	199.88	187.88	193.43	2167356
21/07/2008	191.75	197.96	190.64	195.16	1288006
22/07/2008	194.86	199.78	193.28	197.29	1162831
23/07/2008	200	206.26	194.42	200.28	2002057
24/07/2008	202.63	202.63	185.63	195.91	2863760
25/07/2008	190.63	197.75	184.39	193.83	1326823
28/07/2008	194.16	199.5	190.75	192.43	1308560
29/07/2008	191.23	193.24	188.49	192.59	1051765
30/07/2008	195.01	201.22	194.25	200.26	1873291
31/07/2008	201	201.5	195.04	197.93	2494591
01/08/2008	195	205.81	193.13	204.93	1268708
04/08/2008	204.75	210.49	203	207.36	1215788
05/08/2008	207.36	211.94	202.26	209.82	1764530
06/08/2008	212.88	215.63	205.96	212.42	3340041
07/08/2008	212.88	216.75	210.25	215.77	967179
08/08/2008	208.17	214.97	208.17	209.95	1190426
11/08/2008	211.88	214.63	207.08	208.8	1682016
12/08/2008	206.88	212.1	198.2	200.49	3314599
13/08/2008	199.93	204.25	198.4	203.24	1701767
14/08/2008	205	213.05	202.38	211.69	2047007
18/08/2008	212.63	217.13	211.89	213.04	1208855
19/08/2008	213.88	214.34	210.42	211.59	838666
20/08/2008	210.03	213.71	210.03	212.41	564858
21/08/2008	212.5	212.88	206.59	207.68	585681
22/08/2008	207.49	212.84	205.78	212.06	1093749
25/08/2008	217.5	218.13	212.63	213.31	307641
26/08/2008	215.01	217.48	211.25	212.25	2322344
27/08/2008	212.75	214.88	212.06	213.53	1372306
28/08/2008	214.13	214.63	212	212.43	1435100
29/08/2008	213.63	218.75	213.63	218.64	1148336
01/09/2008	218.75	220.84	212.74	215.41	1394238
02/09/2008	218.63	222.75	215.17	221.91	1050466
04/09/2008	220.14	225.63	218.95	223.63	2698673
05/09/2008	222.49	222.49	213.31	214.04	1377615
08/09/2008	219.13	220.25	216.92	218.76	1189800
09/09/2008	218.48	219.75	214.65	218.68	1166227
10/09/2008	217.41	221.53	215.15	219.97	1365934
11/09/2008	218.53	220	216.54	218.83	1658233
12/09/2008	219.13	219.13	204.66	205.5	3039391
15/09/2008	205	205	190.25	197.27	2151470
16/09/2008	191.26	198.25	188.75	195.8	1962599
17/09/2008	197.5	205.87	196.25	197.38	2291582
18/09/2008	188.76	195	177.66	190.68	3347524
19/09/2008	196.88	205.74	194.5	203.12	3899993
22/09/2008	205.63	207.54	201	203.74	1602974
23/09/2008	200	203	192.01	192.99	1672282
24/09/2008	193.75	195.98	186.25	190.54	2423213
25/09/2008	191.26	191.26	186.38	188.36	2301783
26/09/2008	187.75	188.36	179.51	180.86	1219495
29/09/2008	180.64	181.5	170.75	174.16	2151224
30/09/2008	171.25	181.71	165	174.76	2935383
01/10/2008	178.13	183.38	176.88	181.16	3296002
03/10/2008	179.13	180	172.5	173.99	1721033
06/10/2008	170	173.75	159.38	164.83	1614777
07/10/2008	167.02	171.63	158.27	162.73	2316967
08/10/2008	162.5	162.5	149.03	156.78	2856899
10/10/2008	150	160	130	153.15	4656963
13/10/2008	156.25	170	152.5	164.82	2484636
14/10/2008	173.13	176.44	168.75	174.74	1926817
15/10/2008	172.5	172.5	163.63	166.93	1570565
16/10/2008	162.5	162.5	150.4	157.88	1675009
17/10/2008	159.38	163.63	148.78	150.34	1520078
20/10/2008	155	163.87	152.63	161.82	1462423
21/10/2008	165	174.25	162.88	168.45	2280066
22/10/2008	165.25	166.16	160.32	162.44	1877619
23/10/2008	159.88	169.8	154.46	160.41	2544895
24/10/2008	156.16	162.5	150	155.76	2335466
27/10/2008	153.75	161.25	145	156.48	2501139
29/10/2008	165.67	168.75	160	163.04	3112257
31/10/2008	166.87	179.99	166.87	173.62	3885618
03/11/2008	175.14	180.88	168.81	172.33	2282784
04/11/2008	168.75	172.24	160.63	166.49	2780463
05/11/2008	168.63	174.38	162.89	165.25	2162760
06/11/2008	161.88	164.75	153.76	155.71	1681657
07/11/2008	154.38	161.25	150.27	157.85	1263657
10/11/2008	160.63	169.36	154.63	167.31	1290263
11/11/2008	167.31	168.55	155.79	157.09	1154402
12/11/2008	151.88	163.36	151.88	157.43	1674295
14/11/2008	160.13	161.84	148.5	151.65	2002145
17/11/2008	151.88	155.5	146.41	154.05	2255382
18/11/2008	152.5	152.5	146.25	147.56	1913580
19/11/2008	147.75	150	140.79	146.59	2817633
21/11/2008	140	150	136.25	148.08	1524713
24/11/2008	141.88	152.48	141.88	149.53	1754908
25/11/2008	148.13	154.61	146.95	147.74	1238741
26/11/2008	147.38	149.38	142.77	148.39	1796180
28/11/2008	146.27	156.88	140.01	155.48	3003928
01/12/2008	156.25	162.34	152.25	153.9	2342337
02/12/2008	153	153	147.13	151.04	1601791
03/12/2008	150.5	152.75	142.5	144.57	2233667
04/12/2008	145	149.74	143.54	149.05	1415505
05/12/2008	149	149	140.32	141.81	1526266
08/12/2008	144.4	148.75	142.26	144.72	2957643
10/12/2008	148.11	150.84	144.89	146.72	2804550
11/12/2008	147.11	147.21	140.29	141.86	2062642
12/12/2008	140	140	134.65	138.11	1634794
15/12/2008	140	142.25	136.26	137.79	1717269
16/12/2008	137.88	141.63	135.63	140.6	1112590
17/12/2008	142.46	147	140.38	142.69	3054630
18/12/2008	143.13	148.05	143.13	147.13	1583678
19/12/2008	147.64	150	143.66	148.91	1565092
22/12/2008	150	150.63	145.76	148.35	1093648
23/12/2008	146.98	148.75	145.45	147.01	887526
24/12/2008	147.5	152.78	145.96	146.75	1068882
26/12/2008	144.63	148.6	138.13	138.66	1486165
29/12/2008	138.76	139.95	133.13	139.22	1783086
30/12/2008	140.25	141.73	136.39	140.99	1057188
31/12/2008	141.88	142.38	137.89	139.43	902665
01/01/2009	139.5	144.11	138.97	143.52	932024
02/01/2009	145.63	145.63	140.48	141.51	1126510
05/01/2009	142.5	148.09	142.46	146.6	1405154
06/01/2009	147.5	148.75	143.17	146.07	1445483
07/01/2009	146.39	149.69	143.2	148.44	2817294
09/01/2009	148.26	158.32	146.25	150.43	5022770
12/01/2009	143.96	151.24	142.28	144.96	3908647
13/01/2009	147.49	155.3	139.88	153.52	5494582
14/01/2009	153.19	164.25	153.19	162.95	5193908
15/01/2009	157.5	157.99	151.88	156.46	3169897
16/01/2009	157.25	159.24	155	158.43	1589659
19/01/2009	158.38	159.09	155.07	157.76	1192961
20/01/2009	155	157.13	153.75	156.47	621836
21/01/2009	153.88	156.44	151.75	152.98	971342
22/01/2009	154.38	154.88	150.38	153.86	1097010
23/01/2009	151.25	153.35	148.82	150.58	1453128
27/01/2009	152.38	157.5	151.88	156.51	1313398
28/01/2009	157.88	162	156.25	160.84	898481
29/01/2009	161.25	164.88	160.88	163.77	3250219
30/01/2009	162.63	164.25	160.88	163.33	1453959
02/02/2009	161.5	162.13	158.49	159.96	2108751
03/02/2009	160.75	162.75	157.57	160.31	2015634
04/02/2009	160.63	163.28	159.54	160.21	946788
05/02/2009	160.75	161.88	154.69	156.98	2192203
06/02/2009	157.36	162.18	156	161.11	1752502
09/02/2009	158.5	165	158.5	164.01	1439205
10/02/2009	164.31	165.63	161.88	163.55	1670970
11/02/2009	161.25	163.11	160	162.74	882128
12/02/2009	161.88	161.88	156.26	156.82	1405332
13/02/2009	158.74	159.99	155.51	156.46	1598917
16/02/2009	157.49	157.5	151.89	152.68	1485717
17/02/2009	151	152.35	145.63	146.74	1878148
18/02/2009	147.31	148.5	139.42	147.35	1387082
19/02/2009	146.88	151.71	146.5	151.11	1235350
20/02/2009	148.75	149.54	145.63	147.14	954482
24/02/2009	144.38	149	143.19	148.19	963601
25/02/2009	149	153.06	148.75	152.18	1328126
26/02/2009	150.5	155	150	154.5	2071481
27/02/2009	153.46	154.73	150.47	153.91	1665847
02/03/2009	152.25	153.48	148.75	152.38	1477574
03/03/2009	150.75	152.48	148.93	149.7	1102306
04/03/2009	150.13	152.13	147.5	149.9	1080201
05/03/2009	150.63	153.1	146.95	147.74	867470
06/03/2009	147.75	154.75	143.94	152.42	1284869
09/03/2009	150.64	152	148.76	150.26	1232930
12/03/2009	151.51	156.98	151.38	153.48	2062794
13/03/2009	156.18	162.49	155	162.13	1832622
16/03/2009	162.88	162.88	158.64	160.98	1687408
17/03/2009	160.5	160.5	157.13	158.19	1237249
18/03/2009	158.13	162.75	158.13	159.76	1833538
19/03/2009	160.63	163.82	158.75	162.15	1678133
20/03/2009	165.43	165.43	160.63	162.03	1187893
23/03/2009	162.53	167.49	161.9	166.41	1530355
24/03/2009	168.13	170.03	163.89	165.09	1343332
25/03/2009	164.03	168.75	164.03	167.37	1637410
26/03/2009	168.13	174.64	167.78	172.39	2993265
27/03/2009	171.88	173.25	166.26	168.11	2087452
30/03/2009	165	166.13	158.21	162.66	1549176
31/03/2009	163.75	167.49	162.63	165.49	1596903
01/04/2009	166.39	172.49	163.17	171.72	1554861
02/04/2009	174.5	179.38	172.82	177.43	1964717
06/04/2009	180.41	183.63	173.01	176.76	1732122
08/04/2009	173.76	179.33	169.56	178.14	2475722
09/04/2009	179.38	179.61	174.5	178.38	1882711
13/04/2009	179.38	183.37	172.15	176.16	2354564
15/04/2009	168.5	172.75	162.52	171.33	5579534
16/04/2009	171.5	175	165	168.15	3413414
17/04/2009	168.75	177.6	168.75	174.66	2937426
20/04/2009	173.13	176.25	171.63	174.18	1866587
21/04/2009	172.38	173.74	169.38	170.31	1001733
22/04/2009	170.25	173.5	169.44	172.64	1327780
23/04/2009	171.39	182.46	169.55	181.31	1524324
24/04/2009	180.14	182.25	175.57	181.08	1426411
27/04/2009	180.99	181.24	176.88	179.49	1204763
28/04/2009	178.75	183.64	177.25	178.84	1179462
29/04/2009	180	189.71	178.79	188.66	1926779
04/05/2009	190.01	204.49	190.01	203.53	2501760
05/05/2009	201.94	203.13	193.79	197.76	2303825
06/05/2009	196.94	201.13	193.49	196.66	1808524
07/05/2009	196.25	196.74	191.16	194.09	1817268
08/05/2009	193.63	196.38	187.65	190.09	1618896
11/05/2009	190	192.34	186.53	189.71	817225
12/05/2009	188.13	200.63	187.95	199.81	1766472
13/05/2009	200.03	200.03	195	196.74	938561
14/05/2009	192.5	198.5	191.61	195.9	1068409
15/05/2009	196.38	200.88	195.07	199.1	1047206
18/05/2009	213.13	238.86	210.13	225.01	17453
19/05/2009	213.91	224.38	193.5	194.87	5552238
20/05/2009	194.75	201	189.42	191.36	4176075
21/05/2009	190.13	194.38	186.5	187.8	2427936
22/05/2009	186.25	191.13	185.63	190.29	1139895
25/05/2009	191.25	191.25	186.32	188.88	1307070
26/05/2009	190.51	195.08	188.89	193.46	1456708
27/05/2009	195.25	199.63	194.52	198.52	1237356
28/05/2009	189.69	203.63	189.69	197.38	2608362
29/05/2009	198.59	201.88	196.88	200.64	1739799
01/06/2009	201.92	210.71	200.67	209.56	1648466
02/06/2009	212.48	213.5	207.88	211.08	1303270
03/06/2009	211.03	213.5	201.65	205.19	1714253
04/06/2009	204.35	206.18	200.13	203.74	1368127
05/06/2009	206.5	214.38	204.38	212.36	2074335
08/06/2009	212.25	219	211.5	217.76	1409798
09/06/2009	216.25	225	215.03	224.35	2109443
10/06/2009	223.75	229.75	220.38	226.1	2216671
11/06/2009	230.55	230.55	215.08	218.87	2032225
12/06/2009	220.13	221.88	214.13	216.06	1183384
15/06/2009	215.61	221.99	210.52	214.39	2076594
16/06/2009	213.5	216.87	210.63	215.58	1189962
17/06/2009	212.25	217.76	209.54	213.93	1683838
18/06/2009	211.5	220.25	210.71	215.72	1589301
19/06/2009	216	223.14	214.64	221.3	1871865
22/06/2009	222.53	223.65	218.5	220.8	1177326
23/06/2009	217.66	221.24	212.63	218.42	1579004
24/06/2009	218.79	221.86	215.28	219.69	1273803
25/06/2009	220.56	224.73	218.53	219.89	1653860
26/06/2009	223.13	230	219.38	228.39	1618272
29/06/2009	232.49	258.75	221.38	222.87	1224429
30/06/2009	224.38	224.88	219.78	222.06	1119606
01/07/2009	221.32	226.47	220.58	224.4	999018
02/07/2009	223.89	225.5	220.64	224.58	1052380
03/07/2009	223.15	227	218.46	225.64	1111481
06/07/2009	226.25	227.43	218.79	220.15	1693586
07/07/2009	224.63	224.63	215.63	217.24	1585745
08/07/2009	216.13	217.25	211.25	213.3	1128074
09/07/2009	213.75	213.75	208.75	209.69	1365224
10/07/2009	212.5	221.23	208.13	215.14	3025675
13/07/2009	214.1	221.86	212.64	221.26	1031125
14/07/2009	221.24	227.49	218.89	226.48	1455859
15/07/2009	225.21	227.93	219.38	223.96	1946854
16/07/2009	225	227.2	220.86	224.39	1174159
17/07/2009	225.28	234.25	225.25	233.29	1571441
20/07/2009	233.76	249.25	233.76	246.43	2509467
21/07/2009	245.61	246.25	240.69	242.89	1815567
22/07/2009	242.89	246.85	236.58	239.98	1914283
23/07/2009	240	247.32	240	244.84	2161061
24/07/2009	245.01	252.13	245.01	250.46	1755151
27/07/2009	250	255.61	249.41	253.49	1305415
28/07/2009	251.88	254.82	245.88	249.63	1762641
29/07/2009	245.04	249.74	243.03	248.09	1740951
30/07/2009	248.28	252.75	248.28	251.74	2785187
31/07/2009	253.99	259.88	253.34	258.04	2072870
03/08/2009	258	261.68	256.02	259.56	1830103
04/08/2009	260	260.93	252.63	255.47	1198107
05/08/2009	257.46	263.38	257.46	262.33	1293391
06/08/2009	262.5	262.5	255.01	257.3	854106
07/08/2009	257.25	257.25	253.13	254.96	1231325
10/08/2009	256.25	264.38	256.25	260.96	1551510
11/08/2009	259.88	263.75	257.43	260.59	1150907
12/08/2009	258.5	258.75	249.5	255.35	914275
13/08/2009	256.39	260.46	254.58	257.98	1432465
14/08/2009	258.13	258.13	253.25	255.29	613261
17/08/2009	253.13	253.13	246.41	247.81	1349613
18/08/2009	246.25	249.63	244.38	246.67	1359883
19/08/2009	248.13	248.13	241.88	243.94	951149
20/08/2009	246.38	249.58	245	248.81	587072
21/08/2009	249.38	255.63	246.25	254.14	1229653
24/08/2009	257.49	260.55	256.33	259.49	739876
25/08/2009	256.41	263.12	254.38	261.88	1018529
26/08/2009	263.13	273.5	263.13	272.46	1787897
27/08/2009	272.46	275.5	270.08	273.98	1640473
28/08/2009	272.63	274.88	267.65	273.83	911586
31/08/2009	270.7	270.7	265.28	266.39	1348579
01/09/2009	267.49	273.75	265.33	268.11	1430765
02/09/2009	267.5	272.5	265	270.61	980991
03/09/2009	271.38	275.5	266.99	273.4	1705466
04/09/2009	272.49	277	270.14	275.13	1126865
07/09/2009	276.88	278.75	274.52	278.02	1016675
08/09/2009	278.51	279.88	274.67	275.48	988641
09/09/2009	275.64	277.31	272.13	273.71	944575
10/09/2009	276.75	281.24	276.75	280.04	1103118
11/09/2009	275.98	284.36	275.98	283.43	1199265
14/09/2009	278.48	282.97	278.48	281.27	788059
15/09/2009	280.74	284.38	280	283.82	803527
16/09/2009	284.98	290.63	284.02	290.01	1260744
17/09/2009	291.25	296.23	290	295.24	1282666
18/09/2009	293.95	298.5	292.69	295.53	746889
22/09/2009	294.91	302.63	293.76	301.27	1659109
23/09/2009	300	300.48	294.76	295.87	1366667
24/09/2009	292.5	292.5	282.49	285.56	5521211
25/09/2009	286.24	286.54	279.14	280.06	2650032
29/09/2009	284.89	287.5	284.15	286.92	847853
30/09/2009	283	290.63	283	288.3	1005372
01/10/2009	291.25	293.75	286.04	292.09	1880814
05/10/2009	289.38	291.88	286.39	290.39	877926
06/10/2009	292.49	294.08	285.16	289.04	1305673
07/10/2009	289.38	291.01	278.38	281.59	1979646
08/10/2009	282.75	283.12	273.66	276.35	2259258
09/10/2009	278.75	284.6	270.83	272.2	3237951
12/10/2009	273.75	280.63	273.5	279.93	1143337
14/10/2009	286	286	276.38	281.98	1020475
15/10/2009	283.13	283.96	273.25	277.18	900591
16/10/2009	277.25	279.95	273.13	273.74	1039249
20/10/2009	274.88	277.88	271.27	273.54	1573984
21/10/2009	275.6	279.88	272.5	277.08	1612418
22/10/2009	275	281.25	273.9	276.64	1889645
23/10/2009	278.75	284.38	276.52	282.5	1566527
26/10/2009	283.18	287.43	278.75	284.24	1253722
27/10/2009	283.13	287.49	276.96	280.33	1792157
28/10/2009	280.08	283.5	277.54	282.09	1532847
29/10/2009	281.13	281.13	274.4	276.04	1907586
30/10/2009	278.5	281.13	267.77	275.77	1785341
03/11/2009	275.38	280.91	266.26	267.88	1505283
04/11/2009	269.88	282.5	269.88	279.64	1596411
05/11/2009	278.27	280.28	270.61	277.71	1127050
06/11/2009	280.05	281.25	274.07	277.33	825166
09/11/2009	278.75	280	275	279.01	635839
10/11/2009	283.25	283.73	275.08	277.24	765985
11/11/2009	276.5	289.38	276.25	288.34	1184337
12/11/2009	285.84	293.63	285.84	290.8	1000152
13/11/2009	291.61	296.81	289.08	294.96	906402
16/11/2009	295.93	296.84	291.91	293.99	637386
17/11/2009	294.51	300.6	294.51	299.79	1018493
18/11/2009	299.96	305.43	299.91	304.16	1102088
19/11/2009	295.98	302.5	295.98	301.24	812327
20/11/2009	300.14	306.13	297.5	303.34	769552
23/11/2009	302.61	302.61	298.88	300.87	581876
24/11/2009	301.59	305.86	298.78	304.34	915738
25/11/2009	304.5	307.13	302.02	304.82	628247
26/11/2009	305.63	305.68	295.88	299.18	955480
27/11/2009	294.5	299.38	288.39	290.98	1021161
30/11/2009	294.08	299.11	293.78	297.42	876127
01/12/2009	303.38	303.38	294.38	299.47	813885
02/12/2009	300.61	301	294.75	299.43	926253
03/12/2009	300.25	302.38	295.51	297.12	918060
04/12/2009	297.75	302.94	296.28	297.95	964840
07/12/2009	299.36	303.31	296.88	298.83	861237
08/12/2009	299.96	306.38	297.52	305.81	1076474
09/12/2009	303.75	307.75	302.77	307.07	958758
10/12/2009	308.06	308.06	303.76	306.62	564681
11/12/2009	308.13	311.08	306.44	307.59	855054
14/12/2009	306.88	314.75	306.26	312.34	1148722
15/12/2009	311.25	314.38	310.65	313.26	1093356
16/12/2009	313.25	319.5	310.83	318.11	1145384
17/12/2009	318.13	321.49	316.9	319.88	1075386
18/12/2009	320.5	320.5	313.63	315.74	1397597
21/12/2009	310.36	318.1	309.59	313.76	1095751
22/12/2009	314.99	316.26	312.1	312.8	720271
23/12/2009	313.88	324.38	313.88	322.97	1338582
24/12/2009	324.24	325	320.02	323.98	697893
29/12/2009	324.39	325.24	320.41	322.14	785243
30/12/2009	320.89	326.25	320.46	322.5	621300
31/12/2009	323.13	326.75	323.13	325.14	1156906
04/01/2010	326.25	328.75	324.41	326.58	508658
05/01/2010	327.5	328.84	325.01	327.67	861941
06/01/2010	335.38	335.38	321.89	322.89	852161
07/01/2010	323.33	323.33	314.77	315.63	1361575
08/01/2010	314.88	315.41	307.25	308.02	1581164
11/01/2010	309.39	313.09	309.25	311.21	981207
12/01/2010	312.5	324.25	312.5	323.37	3107460
13/01/2010	309.61	336.88	309.61	335.44	2463005
14/01/2010	334.88	337.86	331.28	336.22	1051738
15/01/2010	336.22	336.56	331.77	334.48	631188
18/01/2010	332.88	336.25	332	335.83	767511
19/01/2010	335	336	328.51	329.49	729689
20/01/2010	331.08	334.15	329.75	332.21	761499
21/01/2010	330.38	333.09	325	328.15	835349
22/01/2010	325	326.25	319	321.95	1685812
25/01/2010	318.75	321.24	314.75	317.79	812339
27/01/2010	316.5	316.73	310.64	312.78	1230107
28/01/2010	314.13	319.36	309.94	311.47	1591609
29/01/2010	306.55	312.5	300.6	309.44	1876535
01/02/2010	305.88	316.25	298.76	306.41	1538598
02/02/2010	312.63	312.63	302.71	304.99	1236173
03/02/2010	306.25	312.5	306.25	309.15	800701
04/02/2010	308.13	308.75	301.56	303.63	772051
05/02/2010	298.8	299.81	291.13	294.09	1693109
08/02/2010	296.86	305.25	293.06	300.45	1156560
09/02/2010	300.5	310.25	299.28	309.23	1298424
10/02/2010	311.38	312.02	306	308.37	898498
11/02/2010	309.13	314.77	308.75	312.31	806736
15/02/2010	313.38	317.8	309.36	312.33	1118766
16/02/2010	312.5	318.88	311.03	317.68	552262
17/02/2010	318.77	320.8	314.2	314.83	998898
18/02/2010	315.38	318.38	314	316.71	465212
19/02/2010	315.61	318.06	313.14	316.55	749874
22/02/2010	319.39	323.96	319.39	321.04	731925
23/02/2010	319.76	323.63	319.38	322.66	473254
24/02/2010	321	324.79	318.88	322.04	678377
25/02/2010	321.33	328.71	321.33	327.17	1091196
26/02/2010	327.38	328.75	322.76	325.24	1318296
02/03/2010	328.94	331.34	327.83	330.13	1066832
03/03/2010	331.39	334.56	329.08	333.28	738122
04/03/2010	332.75	333	325.5	327.98	844405
05/03/2010	329.24	330	326.63	329.46	623101
08/03/2010	331.63	334.92	329.76	332.44	1083124
09/03/2010	331.26	337.69	327.23	335.49	994844
10/03/2010	334.36	336.43	331.25	332.41	916369
11/03/2010	333.13	336.88	331.25	335.37	537303
12/03/2010	337.49	338	332.04	334.16	397115
15/03/2010	331.8	339.06	329.5	337.66	1322857
16/03/2010	337.5	343.12	335.29	341.54	735168
17/03/2010	341.88	344.21	339.13	342.29	794000
18/03/2010	342.5	349.24	342.5	348.45	1115381
19/03/2010	347.51	349.38	345.01	346.54	1572818
22/03/2010	344.01	347.13	342.86	344.68	513566
23/03/2010	346.26	349.88	345.52	346.94	599070
25/03/2010	346.38	358.75	343.86	351.74	1900941
26/03/2010	352	353.13	345.38	346.86	1138210
29/03/2010	344.75	346.25	337.53	339.58	1747713
30/03/2010	339.38	339.38	328.83	330.51	1331242
31/03/2010	331.74	334.59	325.83	326.99	1633763
01/04/2010	327.52	334.75	327.5	333.81	1023375
05/04/2010	334.88	336.25	329.75	334.74	914827
06/04/2010	335.25	335.63	330.66	331.41	668601
07/04/2010	331.94	334.35	327.18	330.47	1047610
08/04/2010	330	334.74	328.75	332.97	903498
09/04/2010	333.75	337.21	333.13	334.53	1032539
12/04/2010	335.74	337.25	331.51	335.39	1040706
13/04/2010	336.25	349.23	329.38	347.74	7204425
15/04/2010	348.5	353.09	344.91	350.2	2799391
16/04/2010	349.01	351.13	346.38	348.58	780543
19/04/2010	346.83	346.83	342	343.99	1094362
20/04/2010	345.69	348.74	340	340.91	1192766
21/04/2010	342.88	343.72	337.54	339.06	812036
22/04/2010	338.5	345.36	336.63	339.8	872268
23/04/2010	341.88	344.21	339.61	340.87	736042
26/04/2010	341.26	344.25	340.63	342.37	556786
27/04/2010	341.14	342.8	340.8	342.18	410032
28/04/2010	338.76	341.49	336.39	337.44	693062
29/04/2010	337.38	341.61	334.38	338.64	1414995
30/04/2010	339	344.85	334.64	342.27	1008378
03/05/2010	338.5	339.37	335.25	336.86	676119
04/05/2010	338.13	338.25	331.94	333.27	822026
05/05/2010	331.18	338.5	326.25	336.63	1515260
06/05/2010	336.29	336.29	330.69	332.27	976045
07/05/2010	329.76	330.67	325.88	327.11	1123049
10/05/2010	327.5	335.48	327.5	334.46	704426
11/05/2010	333.73	334.31	329.5	332.59	725353
12/05/2010	332	337.36	331.53	335.21	1148147
13/05/2010	335.5	340.38	332.66	338.27	615485
14/05/2010	338.75	340.88	328.75	331.49	853062
17/05/2010	329.38	331.01	322.01	327.04	1021353
18/05/2010	332.5	332.5	322.76	328.65	893075
19/05/2010	328.25	331.54	324.18	325.36	1492405
20/05/2010	326.5	329.32	323.31	325.09	813609
21/05/2010	321	326	319.79	322.72	890900
24/05/2010	326.38	328.75	322.41	325.05	898263
25/05/2010	323.36	323.36	313.76	316.68	1104766
26/05/2010	320.63	329.99	319.53	327.63	983607
27/05/2010	328.48	333	324.39	330.42	1414087
28/05/2010	333.76	335.55	329.66	334.68	849249
31/05/2010	341.88	341.88	328.07	332.25	877594
01/06/2010	331.88	332.19	327.2	328.04	722861
02/06/2010	329.38	331.49	328.01	330.03	819643
03/06/2010	332.5	338.23	332.5	337.25	689637
04/06/2010	337.25	342.25	335.31	341.12	618800
07/06/2010	338.75	338.75	331.25	333.96	972744
08/06/2010	333.96	336.13	330.98	331.81	831393
09/06/2010	333.5	333.5	327.06	328.12	678390
10/06/2010	328.15	331.75	327.57	330.69	648431
11/06/2010	333.11	336.36	327.63	328.84	1239108
14/06/2010	331.26	344.86	331.26	343.3	1216106
15/06/2010	343.31	347.5	340.26	341.84	993289
16/06/2010	344.36	347.44	342.75	346.18	715008
17/06/2010	347	347.98	342	345.61	704905
18/06/2010	338.48	351.88	338.48	348.28	1044529
21/06/2010	349.93	352.35	348.91	350.1	895594
22/06/2010	348.75	349.92	345	345.89	595461
23/06/2010	343.39	350.62	339.73	349.72	618511
24/06/2010	351.8	354.21	347.88	352.84	1539513
25/06/2010	351.25	351.49	346.38	347.21	418208
28/06/2010	346.25	352.13	346.25	351.13	479271
29/06/2010	349.13	351.7	345.89	349.19	471634
30/06/2010	347.25	351.08	341.5	348.88	1181247
01/07/2010	348.88	348.88	343.88	345.88	730906
02/07/2010	346.87	346.87	339.5	340.94	1396180
05/07/2010	341.25	344	340	342.93	452090
06/07/2010	342.88	349.88	342.88	348.14	734075
07/07/2010	349.95	349.95	345.65	347.72	740424
08/07/2010	350.75	355.8	350.01	353.56	784774
09/07/2010	354.76	360.06	354.76	359.23	982389
12/07/2010	356.26	363.75	356.25	361.99	1074655
13/07/2010	358.75	359.38	347.63	349.59	3187798
14/07/2010	348.74	351.13	342.13	342.86	1774241
15/07/2010	343.62	347	342.5	344.95	1041017
16/07/2010	344.38	348.88	343.88	347.13	1025695
19/07/2010	343.63	349.1	341.97	346.31	880890
20/07/2010	346.31	347.81	344.19	344.96	631842
21/07/2010	345.91	347.38	345	346.46	329310
22/07/2010	345.59	345.59	340.88	344.31	1028369
23/07/2010	348.38	358.76	345.63	348.31	665387
26/07/2010	348.75	351.25	348.75	350.56	558852
27/07/2010	350.38	354.25	350.38	353.6	636745
28/07/2010	353.63	354.81	351.5	354.01	465646
29/07/2010	353.1	355	351.36	354.14	451626
30/07/2010	351.88	353.91	345	348.55	559084
02/08/2010	350	351.6	347.64	349.62	476904
03/08/2010	350.63	352.38	346.19	348.04	304323
04/08/2010	348.75	361.5	348.75	359.31	1192003
05/08/2010	360	363.35	357.69	358.66	824287
06/08/2010	357.63	361.5	356.5	357.98	459560
09/08/2010	356.06	360.36	352.03	359.33	525193
10/08/2010	358.75	358.75	351.88	353.63	601498
11/08/2010	354.25	357.24	350	351.36	668100
12/08/2010	349.5	349.5	344.25	346.59	871675
13/08/2010	346.88	349.75	344.38	347.16	695226
16/08/2010	345	347.25	343.75	345.24	649201
17/08/2010	344.38	347.06	341.25	343.81	642580
18/08/2010	345.64	352.44	344.77	350.91	766018
19/08/2010	351.88	353.13	348.49	350.58	603343
20/08/2010	350.38	350.38	344.25	346.2	578103
23/08/2010	346.5	351.25	345.16	350.39	563979
24/08/2010	348.63	348.63	344.4	345.66	655944
25/08/2010	345.25	349.24	344.49	346.36	437751
26/08/2010	346.88	347.87	343.42	345.71	979373
27/08/2010	344.75	344.75	335.18	338.74	871725
30/08/2010	339.92	342	333.29	337.56	597646
31/08/2010	335.63	340.5	334.52	339.23	965285
01/09/2010	339.23	348.06	338.53	347.02	1266475
02/09/2010	349.88	351.75	343.24	344.13	425314
03/09/2010	345.14	350.5	345.14	347.18	950836
06/09/2010	348.28	355	348.2	353.96	798899
07/09/2010	355	359.11	351.28	358.12	1040159
08/09/2010	357.13	360.83	353.13	359.93	1173312
09/09/2010	358.76	362.5	357.25	361.88	948924
13/09/2010	361.25	368.13	360.25	367.11	831311
14/09/2010	368.83	375	368.75	371.95	1220893
15/09/2010	371.88	382.5	371.13	381.61	1793081
16/09/2010	379.01	379.01	369.78	370.74	886123
17/09/2010	370.74	376.56	369.93	371.27	1077061
20/09/2010	371.88	377.25	371.88	376.08	628247
21/09/2010	376.88	383.13	374.58	382.39	1152989
22/09/2010	382.56	382.86	374.31	376.79	1350805
23/09/2010	375.63	379.34	371.63	377.86	1397672
24/09/2010	377.86	382.34	374.21	381.14	1098940
27/09/2010	381.88	382.5	377.92	379.08	901290
28/09/2010	378.13	378.51	375.13	377.08	776143
29/09/2010	378.25	384.88	375.33	378.88	1121615
30/09/2010	380.87	384.38	375.93	381.31	1708227
01/10/2010	381.38	388.76	378.29	387.77	1010814
04/10/2010	389	395.25	382.82	384.81	954580
05/10/2010	384.38	388.88	383.75	385.59	648644
06/10/2010	388.25	390.36	384.58	387.98	723566
07/10/2010	386.13	387.19	380.25	381.68	854209
08/10/2010	382.5	385.71	379.63	384.54	818520
11/10/2010	385.04	387.13	382.33	384.31	561729
12/10/2010	384	385.62	381.29	384.4	578203
13/10/2010	385.13	395.6	384.4	394.11	1628063
14/10/2010	395.64	403.62	394.53	398.16	1149172
15/10/2010	400	404.75	382.64	384.54	3233795
18/10/2010	385.06	389.86	379.91	388.38	1573887
19/10/2010	386.84	388.13	375.13	376.28	1759714
20/10/2010	376.23	380.58	373.75	377.33	886732
21/10/2010	374.73	379.8	372.51	379.31	1153990
22/10/2010	375.66	385.61	375.38	381.64	1418218
25/10/2010	382.35	384.36	376.26	377.39	653054
26/10/2010	377.5	380.41	375.34	376.73	865734
27/10/2010	375.25	376.25	370.9	372.53	1134087
28/10/2010	373	379.11	368.51	371.36	2279019
29/10/2010	373.63	374.75	368	371.46	860753
01/11/2010	372.88	378.99	372.88	375.21	569118
02/11/2010	375.25	379.08	373.1	378.38	624813
03/11/2010	378.99	380.59	376.88	378.04	380942
04/11/2010	380.5	385.63	379.12	384.64	689349
05/11/2010	385.49	386.5	383.86	384.86	78837
08/11/2010	385.5	385.5	375.84	376.99	672690
09/11/2010	379.6	384.38	378.75	382.48	658370
10/11/2010	381	388.13	378.76	385.33	1216054
11/11/2010	385.5	385.5	381.38	381.83	698299
12/11/2010	379.75	379.84	373.63	374.73	937432
15/11/2010	375.38	380.62	372.2	378.76	731311
16/11/2010	376.5	377.38	367.53	371.37	1046892
18/11/2010	373.63	378.98	369.83	375.49	891028
19/11/2010	373.44	376.09	368.13	370.48	708099
22/11/2010	371.42	383.5	371.42	380.46	1097518
23/11/2010	378.49	382.35	372.49	376.51	572484
24/11/2010	377.99	379.36	368.78	374.49	504861
25/11/2010	375.69	388.88	375.69	383.04	2291497
26/11/2010	383.75	388	378.37	380.26	1189474
29/11/2010	383.13	386.96	381.39	382.99	620541
30/11/2010	380.44	385.34	376.53	381.38	1134068
01/12/2010	381.23	383.31	379.38	381.55	578012
02/12/2010	382	388.68	379	387.31	899670
03/12/2010	388.38	393.49	387.88	390.63	830977
06/12/2010	391.25	397.05	390.75	392.93	752956
07/12/2010	393.23	399.38	392.53	397.33	760687
08/12/2010	394.88	395.51	389.25	391.39	868889
09/12/2010	393.13	397.76	392.64	393.93	991391
10/12/2010	393.13	395.25	389.73	393.03	765640
13/12/2010	393.63	394.55	384.38	393.16	856135
14/12/2010	395.46	396.75	390.85	394.83	491698
15/12/2010	393.34	401.13	393.34	400.43	1031799
16/12/2010	402.43	412.5	401.25	411.66	1063643
20/12/2010	406.51	420.48	406.5	418.74	1418290
21/12/2010	418.82	421.2	413.88	416.16	1007480
22/12/2010	415.63	419.96	414.22	416.56	740910
23/12/2010	418	421.5	416.16	420.99	778938
24/12/2010	418.38	422.73	417.76	421.27	452508
27/12/2010	419.63	423.98	419.63	422.11	461470
28/12/2010	421.38	423.74	420.44	422.83	319305
29/12/2010	422.63	426.88	421.39	425.61	475365
30/12/2010	426.25	431.75	425.25	430.87	1123961
31/12/2010	429.13	431.38	425.64	430.34	732466
03/01/2011	430.5	433.71	428.46	432.29	631068
04/01/2011	432.13	437.38	432.13	435.18	1014911
05/01/2011	433.13	434.63	430.64	432.45	440395
06/01/2011	435	436.63	430.51	434.77	586480
07/01/2011	432.92	436.88	419.54	421.34	1068866
10/01/2011	421.88	430.39	419	424.47	1298801
11/01/2011	417.5	427.93	411.01	415.71	1539927
12/01/2011	418.75	423.75	414.78	422.16	1254425
13/01/2011	411.63	412.38	399.38	400.65	2794109
14/01/2011	398.27	409.74	398.13	400.54	1290205
17/01/2011	400	410.21	398.91	408.6	1027327
18/01/2011	406.25	416.96	406.25	415.38	1224646
19/01/2011	413.39	414.25	404.48	406.2	866886
20/01/2011	404	413.43	402.26	411.99	903981
21/01/2011	408.88	409.75	403.88	405.48	578353
24/01/2011	405	411.25	403.41	410.58	937670
25/01/2011	408.13	413.11	404.51	407.46	1240739
27/01/2011	408.63	408.63	398.19	399.61	1588831
28/01/2011	400.73	408.57	392.58	396.02	1585537
31/01/2011	392.31	392.31	385.78	389.71	968671
01/02/2011	390.79	391.05	380.39	386.15	1287711
02/02/2011	389.13	395.5	383.13	386.16	1146841
03/02/2011	387.68	394.13	385.78	389.7	756176
04/02/2011	387.38	390.46	378.3	380.99	869985
07/02/2011	384.36	389.24	382.63	385.93	917641
08/02/2011	387.5	390	384	387.08	752999
09/02/2011	385.63	394.96	383.49	391.34	938018
10/02/2011	388.21	389.25	380.13	381.65	1031519
11/02/2011	378.78	383.59	377.54	380.11	1401769
14/02/2011	380.5	389.79	380.06	388.07	872381
15/02/2011	387.5	391.13	384.27	388.32	574994
16/02/2011	385.28	390.46	385.14	387.88	365048
17/02/2011	389.81	391	387.78	389.17	424123
18/02/2011	390.63	393.13	386.14	387.54	887788
21/02/2011	387.5	397.23	384.5	395.66	1174869
22/02/2011	392.53	395.88	389.25	392.73	760706
23/02/2011	388.24	388.24	383.76	384.85	884548
24/02/2011	381.25	385	374.38	376.1	2060815
25/02/2011	377.9	380.33	370.75	375.91	1295840
28/02/2011	377.75	391.85	370.93	374.64	1814309
01/03/2011	378.75	388.5	376	385.3	1047204
03/03/2011	382.26	382.38	375.13	378.26	1571482
04/03/2011	383.38	386.25	381	382.78	1221364
07/03/2011	379.5	384.38	378.19	380.34	919716
08/03/2011	378.78	391.5	377.53	389.54	1064314
09/03/2011	390	391.6	383.88	386.94	834555
10/03/2011	386.88	387.5	382.81	386.28	429775
11/03/2011	383.5	384.88	380.63	381.74	909784
14/03/2011	379.38	388.5	378.83	387.6	444744
15/03/2011	379	382.36	375.75	378.77	1129728
16/03/2011	378.13	382.68	377.51	378.86	699340
17/03/2011	373.01	374.88	371.38	372.34	1040172
18/03/2011	372.52	374.35	366.58	367.64	933500
21/03/2011	368.93	369.63	363.04	365.29	825887
22/03/2011	366.89	369.59	365.5	367.88	639968
23/03/2011	366.84	374.85	365.88	374.17	908340
24/03/2011	374.12	376.53	372.34	375.35	1023654
25/03/2011	380.5	398.13	380.01	395.38	1582849
28/03/2011	392.38	394.69	388.72	392.44	1507079
29/03/2011	391.5	398.59	391.12	396.67	1232574
30/03/2011	396.5	400.44	394.58	396.36	701016
31/03/2011	397.75	408.13	395.49	405.16	2354991
01/04/2011	404.39	407.03	401	402.27	698536
04/04/2011	403.13	412	402.63	410.39	921999
05/04/2011	409.62	411.63	403.89	410.41	537817
06/04/2011	409.88	412.38	406.51	409.39	845865
07/04/2011	407.74	407.74	404.71	405.74	475036
08/04/2011	405.25	408.08	400.93	403.41	604116
11/04/2011	399.41	407.73	397.63	405.2	1000008
13/04/2011	401.38	414.64	399.5	413.28	1383613
15/04/2011	412.02	412.33	372.19	373.69	10127467
18/04/2011	364.88	370.88	360	363.26	5135839
19/04/2011	363.25	365.88	360.13	360.92	2401329
20/04/2011	364.88	365.99	361.38	363.41	2243732
21/04/2011	364.84	367.56	362.64	363.75	2994212
25/04/2011	364.38	370.49	363.43	367.66	1940905
26/04/2011	366.88	369.37	365	367.79	2278860
27/04/2011	368.13	370.58	367.81	369.14	1247666
28/04/2011	368.63	369.75	365.13	366.14	2927413
29/04/2011	363.75	366.13	360.99	363.28	2031792
02/05/2011	364.88	368	363.75	365.32	1683523
03/05/2011	365	369.64	362.49	363.88	1654255
04/05/2011	362.63	363.13	355.34	358.72	2115550
05/05/2011	358.41	359.86	354.63	356.06	1582654
06/05/2011	357.24	363.75	356	361.63	1491333
09/05/2011	363.75	364.63	358.44	363.57	617275
10/05/2011	363.46	365.61	359	360.01	609171
11/05/2011	360.25	365.5	359.99	363.26	801259
12/05/2011	362.24	363.63	359	360.16	624560
13/05/2011	360.4	364	358.91	359.79	1035292
16/05/2011	359.5	359.5	355.29	356.3	808671
17/05/2011	356.05	359.66	352.99	355.52	946309
18/05/2011	356.25	360.29	350.38	355.31	1272062
19/05/2011	357.46	357.46	354.45	355.81	931995
20/05/2011	355.63	357.96	354.02	356.23	1002959
23/05/2011	355.98	356.6	353.48	354.63	847360
24/05/2011	354.13	357.98	354.13	355.56	953183
25/05/2011	353.46	353.46	344.58	348.58	1384427
26/05/2011	349.25	349.72	344.75	347.07	1059522
27/05/2011	345	350.88	345	348.44	783118
30/05/2011	350.76	350.76	345.13	347.58	858419
31/05/2011	349.13	352.25	347.07	348.21	2551326
01/06/2011	349.25	353	348	351.44	1013233
02/06/2011	347.5	352.5	347.13	350.38	889661
03/06/2011	351.38	355.35	351.36	352.03	786673
06/06/2011	352.75	355.74	349.39	354.74	471158
07/06/2011	353.76	363	353.76	361.57	997333
08/06/2011	361.13	361.53	358.41	358.96	743246
09/06/2011	360.19	360.19	356.82	357.69	527702
10/06/2011	358.56	360.1	356.4	357.79	898408
13/06/2011	356.06	360.28	352.46	359.7	966648
14/06/2011	359.73	360.44	358.09	359.04	983763
15/06/2011	357.72	357.72	353.36	354.45	916985
16/06/2011	353.63	353.63	349.38	350.04	953620
17/06/2011	350.01	350.42	341.41	346.21	1065646
20/06/2011	346.04	347.47	331.56	338.69	1557269
21/06/2011	340.38	344.38	336.66	340.89	942852
22/06/2011	344.13	347.71	342.76	344.38	703125
23/06/2011	343.75	348.64	341.94	347.39	519846
24/06/2011	348.88	359.71	348.88	357.49	1402411
27/06/2011	353.96	365.38	352.53	358.88	1340537
28/06/2011	358.76	359.61	355.48	358.16	560849
29/06/2011	358.5	363.38	358.5	360.22	600094
30/06/2011	360.76	364.88	360.19	363.81	1417730
01/07/2011	366.88	371.24	365.51	366.77	800308
04/07/2011	370.83	372.13	366.88	367.37	514324
05/07/2011	369.63	371.24	365.75	369.56	802966
06/07/2011	368.38	371.56	367.14	369.21	430028
07/07/2011	369.4	375	367.88	374.46	718934
08/07/2011	375	377.99	370.91	372.07	708724
11/07/2011	369.24	372.01	361.07	365.14	1150815
12/07/2011	356.25	356.25	343.35	348.94	3706582
13/07/2011	345.75	350.92	345.13	347.16	1667271
14/07/2011	345.03	345.5	341.38	342.54	1361403
15/07/2011	343	345.37	340	341.42	799078
18/07/2011	341.88	342.91	338.42	339.18	1176082
19/07/2011	340.13	345.25	339.58	343.81	1040553
20/07/2011	346.6	346.6	343.13	344.06	777839
21/07/2011	343.15	348.06	342.1	346.01	737136
22/07/2011	348.04	355.5	346.25	353.53	968703
25/07/2011	352.25	353.13	348.89	350.97	925532
26/07/2011	351.13	353	348.44	350.23	856092
27/07/2011	350.13	354.49	348.9	349.58	1063305
28/07/2011	345.63	346.74	341.81	343.89	1185172
29/07/2011	342.63	347.81	340.68	346.99	1219699
01/08/2011	347.51	352.98	347.51	351.89	761869
02/08/2011	349.82	349.82	343.13	343.87	616566
03/08/2011	341.88	342.46	338.56	341.58	705761
04/08/2011	342.5	344.99	338	338.64	816236
05/08/2011	330.45	330.45	315.63	323.9	1969759
08/08/2011	312.5	312.5	303.88	308.81	2021280
09/08/2011	293.88	304.99	293.77	296.82	2106218
10/08/2011	306	309.55	301.39	305.89	1744495
11/08/2011	304	308.63	301.87	305.08	1025779
12/08/2011	311	311	292.79	296.9	1762260
16/08/2011	303.75	304.78	296.54	299.91	1268338
17/08/2011	299.5	308.19	299.5	306.12	1066416
19/08/2011	284.25	284.25	271.45	278.09	3612400
22/08/2011	276.74	280.64	271.88	274.33	1963509
23/08/2011	275.16	287.83	274.25	284.62	2142930
24/08/2011	285	285.62	278.75	281.36	1075768
25/08/2011	281.27	283.14	270.19	272.93	3356719
26/08/2011	273.31	281.61	272.83	275.32	2627745
29/08/2011	279.88	289.03	279	287.03	1402816
30/08/2011	291.38	295	285	292.87	1517865
02/09/2011	298.13	298.13	284.41	289.9	1870113
05/09/2011	286.71	286.71	280.02	283.14	1362818
06/09/2011	281.74	290	277.78	287.82	1352087
07/09/2011	287.24	289.29	283.46	286.43	1644679
08/09/2011	287.5	294.25	287.38	292.31	1378484
09/09/2011	291.01	291.01	282.63	284.29	1549013
12/09/2011	276	277.17	272.58	274.81	1024783
13/09/2011	277.89	282.46	274.47	277.76	1295652
14/09/2011	281.38	295.86	281.13	293.96	2154610
15/09/2011	297.25	303.56	291.25	301.24	1712932
16/09/2011	307.24	307.24	296.7	299.39	1413013
19/09/2011	299.88	301.45	294.51	295.33	819804
20/09/2011	297.13	305	296.89	304.57	1126113
21/09/2011	305	306.86	302.5	304.46	925310
22/09/2011	298	301.48	292.08	294.08	1129732
23/09/2011	291	298.73	290.13	292.35	1306054
26/09/2011	293.13	295.63	287.64	294.38	818036
27/09/2011	297.15	308.58	297.15	305.52	1292628
28/09/2011	310	317.5	306.56	308.78	2507720
29/09/2011	310.25	321.24	308.91	318.89	2907043
30/09/2011	316.49	320.5	313.52	316.63	1341332
03/10/2011	311.25	314.75	308.46	309.49	1235641
04/10/2011	306.52	310.22	301.7	304.81	979810
05/10/2011	307.24	312.38	303.51	305.87	1346482
07/10/2011	320	321.86	310.96	313.59	2307216
10/10/2011	318.13	325.11	316.05	323.74	2118304
11/10/2011	324.18	324.38	311.25	313.07	2792406
12/10/2011	324.38	336	324.38	334.92	4329213
13/10/2011	339.88	341.13	335.63	337.09	2255192
14/10/2011	338.89	344.59	335.79	342.97	2450124
17/10/2011	345.14	345.61	340.03	343.32	1768187
18/10/2011	337.49	340.63	335.96	337.69	1314767
19/10/2011	340.25	341.88	337.64	340.97	1266915
20/10/2011	336.5	344.63	335.94	343.44	696710
21/10/2011	343.44	343.63	338.38	340.33	857289
24/10/2011	343.75	346.85	342.65	345.91	759449
25/10/2011	351.38	362.38	351.38	357.34	1959698
26/10/2011	357.74	358.74	353.93	354.83	228612
28/10/2011	365.13	371.42	355.63	357.33	3108598
31/10/2011	357	362.22	357	359.69	1286453
01/11/2011	355	359.26	352.25	354.58	988274
02/11/2011	352.5	356.74	352.18	354.3	664732
03/11/2011	354.25	355.25	345.9	350.26	1347453
04/11/2011	355.63	356.36	348.94	353.24	955461
08/11/2011	351.88	356	348.86	355.26	763417
09/11/2011	355.63	358.41	353.13	354.41	834956
11/11/2011	326.34	350.96	326.34	346.96	1180153
14/11/2011	351.27	354.05	349.75	351.1	579130
15/11/2011	350.01	352.5	347.69	349.79	637253
16/11/2011	349.38	350.5	344.79	347.29	819081
17/11/2011	346.04	348.63	341.61	344.19	795873
18/11/2011	341.38	345.56	340	342.6	592237
21/11/2011	340	341.86	328.29	333.76	1170724
22/11/2011	325	345.61	325	340.5	1857439
23/11/2011	334.38	336.19	327.17	331.58	1599102
24/11/2011	330.13	335.5	323.33	333.28	1653972
25/11/2011	331.88	331.88	323.88	324.96	1002816
28/11/2011	327.51	331.24	326.56	329.52	911276
29/11/2011	327.78	328.51	322.66	324.74	1332421
30/11/2011	322.63	328.13	320.13	325.86	1455029
01/12/2011	334.25	336.36	328.83	331.92	1015651
02/12/2011	331.38	339.43	330.99	336.77	1181426
05/12/2011	336.25	339.72	334.4	337.64	933523
07/12/2011	338.13	346.55	335.51	344.87	1008799
08/12/2011	343.38	344.75	337.01	340.43	911948
09/12/2011	333.52	342.48	332.53	338.79	1321344
12/12/2011	339.99	344.5	337.23	342.53	1378225
13/12/2011	341.41	345.61	338.59	344.03	1206042
14/12/2011	343.75	345.91	340.63	342.53	1232204
15/12/2011	340.79	341.79	333.13	339.54	1256646
16/12/2011	336.88	348.6	336.49	340.56	1708661
19/12/2011	336.25	337.94	331.98	334.55	1508054
20/12/2011	336.25	337.27	331.39	333.59	1310576
21/12/2011	339.88	344.35	335	342.88	1052865
22/12/2011	331.25	343.5	331.25	340.11	1588392
23/12/2011	342.5	342.5	335.41	336.84	880662
26/12/2011	336.38	348.38	336.38	346.98	529571
27/12/2011	345.63	349.88	342.03	344.93	772275
28/12/2011	346.13	350.5	343.94	347.75	856406
29/12/2011	344.75	346.86	341.38	342.76	1104646
30/12/2011	343	346.88	342.69	345.96	663602
02/01/2012	344.9	352.08	342.75	351.12	728272
03/01/2012	353.01	360.87	352.5	358.04	1112876
04/01/2012	355.63	359.38	355.13	356.8	917678
05/01/2012	354.9	359.5	353.93	355.02	890659
06/01/2012	354.75	358.45	351.39	354.02	885954
09/01/2012	355.94	358.29	352.15	354.57	1033223
10/01/2012	358.75	359.43	356.28	357.95	1397397
11/01/2012	358.5	361.86	351.63	353.33	1724475
12/01/2012	343.75	343.75	322.26	323.53	6121325
13/01/2012	327.25	327.38	319.03	323.02	2612368
16/01/2012	322.66	330.5	322.39	330.02	1648592
17/01/2012	331.25	334.1	329.23	332.76	1092553
18/01/2012	330.5	330.5	323.13	326.51	1212553
19/01/2012	327	327.85	322.08	324.34	1206542
20/01/2012	324.5	326.21	322.04	323.6	1454464
23/01/2012	323.75	326.94	323.63	325.04	645108
24/01/2012	327.25	329.95	324.38	327.6	706651
25/01/2012	329.38	334.38	328.13	333.23	1318170
27/01/2012	337.75	341.88	335.78	340.63	1527359
30/01/2012	337.36	340.65	336.25	339.04	1198557
31/01/2012	339	344.33	338.25	343.25	1082362
01/02/2012	342.46	343.5	336.96	342.84	783667
02/02/2012	342.51	347.88	341.25	344.63	1442282
03/02/2012	342.51	349	342.51	347.91	1454650
06/02/2012	350.64	350.99	344.01	347.14	992210
07/02/2012	350.63	350.63	339.21	340.94	902705
08/02/2012	343.5	347.75	342.67	346.14	833937
09/02/2012	343.63	352.76	341.48	351.24	1269605
10/02/2012	349.88	350.25	343.89	348.8	647202
13/02/2012	346.91	350.06	344.64	348.55	716751
14/02/2012	347	351.24	345.5	350.13	684721
15/02/2012	351.88	359.38	351.88	358.01	897291
16/02/2012	358	364.71	357.57	363.62	1032069
17/02/2012	364.53	372.25	362.52	368.48	1432160
21/02/2012	366.25	369.99	363.91	367.28	756153
22/02/2012	363.15	374.25	363.15	369.03	1301640
23/02/2012	367.38	372.83	364.53	366.64	1309370
24/02/2012	366.5	371.75	365.44	368.51	1067055
27/02/2012	370.63	370.63	359	360.42	863821
28/02/2012	360.75	363.75	356.87	359.05	993775
29/02/2012	361.75	363.51	358.03	360.43	1108551
01/03/2012	356.44	359.38	350.63	357.08	1225829
02/03/2012	358.13	358.13	351.64	355.71	759707
05/03/2012	357.26	357.98	349.59	351.23	722557
06/03/2012	350.64	360	350.14	356.56	1293711
07/03/2012	355.25	361.88	354.39	360.48	988571
09/03/2012	361.75	362.88	356	356.91	830601
12/03/2012	364.38	364.38	347.63	352.18	911809
13/03/2012	355.49	358.73	355.25	357.48	963803
14/03/2012	361.25	364.38	356.74	359.86	1325261
15/03/2012	361.88	363.14	358.81	360.24	781420
16/03/2012	363.13	364.13	355.89	358.12	1128876
19/03/2012	361.88	362.5	351.41	354.69	757691
20/03/2012	353.25	356.65	350.38	353.92	1153173
21/03/2012	354.06	361.25	352.63	358.41	781333
22/03/2012	359.25	359.32	351.79	353.54	708080
23/03/2012	354.13	360.34	353.8	359.09	687217
26/03/2012	358.63	358.63	352.64	353.84	615333
27/03/2012	357.5	362.97	354.04	359.49	948844
28/03/2012	358.25	359.34	353	355.39	739990
29/03/2012	352.56	354.79	345.98	349	1750026
30/03/2012	351.24	359.13	350.38	358.29	995450
02/04/2012	358	361.09	355.13	356.28	606448
03/04/2012	358.29	359.71	355.32	357.31	681448
04/04/2012	356.13	359.37	355.5	356.39	656768
09/04/2012	354.69	357.42	351.55	352.84	817696
10/04/2012	355.25	355.96	342.13	346.43	905382
11/04/2012	346.12	353.13	342.9	350.55	1022455
12/04/2012	352.84	353.98	342.31	343.83	1475701
13/04/2012	314.75	315.34	298.64	300.32	9406946
16/04/2012	300	303.32	291.63	295.57	4186435
17/04/2012	299.88	299.88	292.01	297.59	2960886
18/04/2012	300	300.32	294.38	296.41	2395666
19/04/2012	297.49	301.87	296	300.68	2139189
20/04/2012	299.34	303.55	295.31	300.93	1438440
23/04/2012	298.75	298.75	288.13	288.86	2267087
24/04/2012	288.83	295.6	274.79	293.69	6629739
25/04/2012	293.71	295.63	287.91	293.74	3079813
26/04/2012	293.75	297.35	292.79	294.52	2142133
27/04/2012	294.63	299.75	294.38	298.88	1757808
30/04/2012	299	308.5	298.79	307.76	1358701
02/05/2012	308.13	311	307.72	309	1265586
03/05/2012	307.5	312.16	307.5	310.36	1425091
04/05/2012	310.25	312.25	302.93	305.24	1350111
07/05/2012	301.13	306.1	295.99	304.7	1338750
08/05/2012	299.38	300.97	291.14	299.24	1440830
09/05/2012	296	299.35	294.08	295.78	1312268
10/05/2012	296	298.11	290.29	293.02	1135503
11/05/2012	293	295	286.51	288.91	1112664
14/05/2012	290.02	293.19	288.01	292.37	989802
15/05/2012	288.13	303.63	288.13	301.9	1283394
16/05/2012	297.25	298.13	294.25	296.06	1073661
17/05/2012	296.06	297.18	293.3	296.32	725927
18/05/2012	290.67	300.63	287.77	297.86	742270
21/05/2012	298.11	298.19	290.5	292.56	597095
22/05/2012	294.38	296.01	290.46	292.64	727901
23/05/2012	294.38	295.6	288.4	293.52	675254
24/05/2012	293.63	298.61	289.13	297.6	951506
25/05/2012	295.38	298.13	293.88	296.61	539216
28/05/2012	299.25	299.75	295.33	298.23	590723
29/05/2012	298.88	303.13	297.25	301.19	643095
30/05/2012	300.88	307.35	299.09	304.04	1006436
31/05/2012	301	319	298.89	303.67	2703294
01/06/2012	301.88	303.94	297.88	298.65	817880
04/06/2012	296.75	299.54	293.13	298.2	601511
05/06/2012	298.13	301.49	296.84	298.61	749090
06/06/2012	299.65	304.17	299.55	301.94	1097148
07/06/2012	306	308.11	304.52	306.62	830886
08/06/2012	311.11	311.11	299.1	302.41	695603
11/06/2012	303.38	306.59	301.86	303.21	444223
12/06/2012	300.27	308.75	300.27	307.26	516835
13/06/2012	306.41	311.21	305.25	308.76	769723
14/06/2012	307.63	313.75	307.63	312.29	985417
15/06/2012	313.76	316.5	312.84	315.32	788939
18/06/2012	316.88	318.04	312.06	313.96	889629
19/06/2012	312.5	313.13	307.24	309.63	801760
20/06/2012	310	310.63	306.62	308.76	816997
21/06/2012	307	312.88	305.02	311.41	817077
22/06/2012	306.22	310.56	303.31	309.31	801791
25/06/2012	309.36	311	307.28	308.52	993681
26/06/2012	306.64	307.49	303.69	305.05	1291270
27/06/2012	306.5	309.38	306.06	308.51	1084673
28/06/2012	308.13	312.13	306.04	309.16	951622
29/06/2012	311.75	314.88	309.52	313.65	1170621
02/07/2012	312.88	314.85	311.34	312.43	646902
03/07/2012	314.53	314.53	309.58	311.32	803601
04/07/2012	312.5	313.11	308.63	309.93	798852
05/07/2012	310.03	311	307.81	310.03	722558
06/07/2012	309.5	310.63	305	305.58	610930
09/07/2012	302.64	308.61	300.25	304.74	914335
10/07/2012	305.5	307.91	305.17	307.43	881840
11/07/2012	306.25	312.8	305.63	308.88	2118235
12/07/2012	281.25	285	277.38	283.05	6783983
13/07/2012	277.25	282.35	277.25	278.73	3344563
16/07/2012	278.75	280.18	270.41	271.41	2305137
17/07/2012	273.11	274.75	270.29	271.41	1687891
18/07/2012	271.41	273.61	270.38	272.36	984158
19/07/2012	275	281.25	274.16	280.65	1364049
20/07/2012	280.61	280.61	275.66	277.34	644229
23/07/2012	275	276.24	272.83	273.64	486350
24/07/2012	273.81	276.5	270.64	271.08	894189
25/07/2012	271.75	272.5	268.75	271.07	879568
26/07/2012	270.88	270.88	262.66	265.48	1496917
27/07/2012	270.25	270.5	263.66	268.58	1232811
30/07/2012	270	276.88	269.69	276.21	895865
31/07/2012	276.88	279.5	273.13	278.37	864305
01/08/2012	276.88	278.8	275.09	277.32	380998
02/08/2012	277.25	278.35	274.38	275.72	302504
03/08/2012	274.53	277.17	273.14	276.06	386949
06/08/2012	277.77	279.36	275.93	277.1	406348
07/08/2012	279	283.68	277.76	281.66	683168
08/08/2012	282.75	286.88	282.5	285.45	1004888
09/08/2012	286.28	288.94	284.38	285.26	866387
10/08/2012	284.75	290.13	283	289.13	704461
13/08/2012	287.66	291.38	287.51	290.01	501741
14/08/2012	289.16	291.88	286.17	291.17	505602
16/08/2012	291.02	291.02	287.63	289.43	466203
17/08/2012	290.5	294.38	289.54	293.88	1061660
21/08/2012	295.63	304.88	295.63	301.13	1525767
22/08/2012	300.36	305	299.27	304.2	643646
23/08/2012	304.38	310.38	303.03	309.65	1840357
24/08/2012	306	307.29	304.25	305.6	840564
27/08/2012	303.77	305.81	300.7	301.49	986420
28/08/2012	299.63	306.43	299.63	302.64	708257
29/08/2012	302.75	302.75	297.81	298.54	702052
30/08/2012	297.98	300.77	296.26	299.09	1396924
31/08/2012	298.25	298.25	294.34	295.21	726383
03/09/2012	295.75	299.86	294.75	295.64	540189
04/09/2012	295.04	296.5	293.01	295.1	291666
05/09/2012	293.38	294.63	291.52	292.43	501653
06/09/2012	293.81	303.49	293.81	302.75	952923
07/09/2012	306.88	311.75	306.39	310.91	759462
10/09/2012	312	315.88	309.84	314.04	917165
11/09/2012	312.5	316.99	309.33	316.19	680238
12/09/2012	316.38	318.74	315.14	317.46	635416
13/09/2012	317.35	320.86	314.75	319.38	656213
14/09/2012	323.5	330.59	323.26	329.01	1328481
17/09/2012	331.13	331.13	318.38	320.56	1232409
18/09/2012	322.5	327.38	322.25	325.1	898025
20/09/2012	319.58	330.63	319.58	327.15	1453142
21/09/2012	326.92	331.25	322.95	324.16	1536734
24/09/2012	325	326.24	321.89	325.02	1106754
25/09/2012	323.75	326.38	323.51	324.76	1106219
26/09/2012	322.25	325	320.89	323.66	1061238
27/09/2012	324.06	324.13	316.84	318.67	1727860
28/09/2012	320.13	322.49	315.77	316.87	1210653
01/10/2012	318.91	327.52	318.63	326.21	1103286
03/10/2012	325.66	327.39	320.06	322.28	977953
04/10/2012	321.89	324.36	319.63	321.96	895535
05/10/2012	323.13	323.13	257.57	315.86	1454000
08/10/2012	315.6	317.86	307.5	311.02	1009680
09/10/2012	313.13	318.75	310.5	317.03	1135540
10/10/2012	313.39	316.02	311.2	313.02	741513
11/10/2012	312	322.51	310.15	316.65	1870800
12/10/2012	293.75	305.98	288.88	299.42	7087722
15/10/2012	298.21	301.5	294.1	295.7	1848765
16/10/2012	297.49	298.63	293.38	294.46	910256
17/10/2012	297.01	297.38	294.66	296.27	713415
18/10/2012	295.5	299.63	293.14	297.2	1274072
19/10/2012	295.75	299.63	295.75	297.92	1367150
22/10/2012	296.03	299.75	296.03	298.19	570858
23/10/2012	295.25	298	293.75	294.14	592893
25/10/2012	292.88	294.64	291.27	293.09	1407097
26/10/2012	291.84	293.1	290.13	291.2	427536
29/10/2012	290.13	292.38	288.41	291.94	592083
30/10/2012	290.75	295.63	290.75	294.79	716032
31/10/2012	293.75	296.81	293.19	295.38	814665
01/11/2012	295.25	296.25	292.64	295.58	876372
02/11/2012	296.38	300.58	296.14	298.51	881152
05/11/2012	297.89	298.83	295.94	297.31	619900
06/11/2012	298	300.81	296.41	297.71	851971
07/11/2012	297.75	301.75	296.88	300.55	586908
08/11/2012	296.5	298.07	295.63	296.91	653645
09/11/2012	295.63	295.63	293.13	293.59	742365
12/11/2012	294.38	296.13	291.69	294.87	462024
13/11/2012	294.25	295	291.63	292.29	70407
15/11/2012	291.89	292.13	284.85	287.04	1141631
16/11/2012	286.38	298.38	286.38	292.92	1711638
19/11/2012	293	297.65	292.08	294.82	504516
20/11/2012	297.14	297.14	289.1	290.59	680038
21/11/2012	291.21	295.49	290.18	293.73	873726
22/11/2012	293.5	299	291.88	297.83	728414
23/11/2012	297.75	299.88	294.63	297.19	434717
26/11/2012	298.84	302.63	298.84	302.18	473507
27/11/2012	302.75	310	302.73	308.83	714663
29/11/2012	306.25	307.41	303.31	305.66	1295637
30/11/2012	305.2	309.56	303.13	304.61	881339
03/12/2012	304.63	306.63	303.04	304.89	650373
04/12/2012	303.63	305.88	301.88	304.68	563786
05/12/2012	303.63	303.75	297.19	297.81	1749378
06/12/2012	299.25	299.25	289.24	292.29	1376491
07/12/2012	290.13	293.56	288.89	290.14	1185739
10/12/2012	290.12	293	287.38	289.19	853740
11/12/2012	289.5	292.01	285.36	286.76	1423053
12/12/2012	288.75	290.48	285.78	287.23	1919961
13/12/2012	288.12	289.21	284.05	285.44	1245889
14/12/2012	284.13	286.88	283.25	284.85	1063499
17/12/2012	283.38	286.48	282.12	283.28	1370205
18/12/2012	282.5	284.27	280.63	283.88	1036500
19/12/2012	284.25	287.49	283.76	287.02	1248987
20/12/2012	288.26	288.75	284.75	287.45	1055216
21/12/2012	287.38	290.16	285.85	287.11	865502
24/12/2012	290.14	291.05	289.13	290.29	540499
26/12/2012	290.38	291.36	288.04	289.41	407945
27/12/2012	290.98	291.13	284.58	285.97	1013779
28/12/2012	287.76	290.69	286.06	290.4	883032
31/12/2012	289.38	290.51	287.96	289.84	431478
01/01/2013	290.95	291.24	288.19	288.61	369999
02/01/2013	289.52	291	287.94	288.65	543743
03/01/2013	289.38	293.61	288.88	292.24	1324911
04/01/2013	293.55	294.37	291.5	293.69	1056751
07/01/2013	293.89	297.49	291.94	296.85	1095203
08/01/2013	295.63	295.99	290.44	293	1608428
09/01/2013	292.52	295.23	290.41	291.38	768746
10/01/2013	291.38	292.83	288.65	290.29	1362627
11/01/2013	315.13	340.25	315.13	339.01	11606571
14/01/2013	344.98	354.62	344.03	350.81	6365595
15/01/2013	350.75	351.18	346.81	348.38	2547235
16/01/2013	347.63	348.6	344.44	345.93	1457603
17/01/2013	349	350.83	347.4	349.74	1470884
18/01/2013	350.63	351.25	347.18	348.51	911324
21/01/2013	345.38	351.33	345.38	349.54	737445
22/01/2013	349.2	349.83	347.13	347.94	638785
23/01/2013	347.63	349.75	347.63	348.7	932339
24/01/2013	351.25	353.5	348.84	349.78	1401412
25/01/2013	351.25	353.5	348.89	351.83	1055317
28/01/2013	351.5	353.45	350.13	351.33	840376
29/01/2013	350.75	353.13	348.57	349.88	774648
30/01/2013	350.59	350.74	347.57	348.83	850691
31/01/2013	349	350.89	346.25	348.69	2185055
01/02/2013	348.89	350.24	344	346.37	987456
04/02/2013	347.63	348.75	343.13	345.95	937502
05/02/2013	345.41	347.79	343.19	344.49	770764
06/02/2013	346.91	348.51	344.48	347	1137168
07/02/2013	348.25	349.88	347.51	348.69	1338059
08/02/2013	347.89	352.09	346.53	348.68	685337
11/02/2013	350.16	351.87	348.11	349.01	924349
12/02/2013	346.25	346.76	342.72	344.41	555299
13/02/2013	344.63	349.64	343.13	348.69	790361
14/02/2013	349.3	353.5	349.29	351.59	861750
15/02/2013	348.75	351.06	347.04	348.58	649282
18/02/2013	347.88	348.34	345.38	347.51	344348
19/02/2013	347.51	353.13	345.88	352.56	580418
20/02/2013	353.16	354.04	351.06	352.43	693153
21/02/2013	350.2	352.49	349.14	350.98	694843
22/02/2013	349.84	356.88	349.64	355.07	1087942
25/02/2013	358.75	365.25	358.45	364.73	1307206
26/02/2013	364.5	371.18	364.5	369.98	1521693
27/02/2013	368.5	368.5	362.76	363.82	878720
28/02/2013	364.41	366.98	360.68	363.38	1476013
01/03/2013	364.25	370.18	361.5	364.23	1051829
04/03/2013	365.75	367.81	359.02	362.93	1263540
05/03/2013	365.57	367.43	364.16	365.16	896493
06/03/2013	368.38	372.09	365.78	371.26	1525685
07/03/2013	372.66	376.23	372.5	375.54	1714420
08/03/2013	373.5	373.63	369.66	371.28	770362
11/03/2013	372.73	373.75	366.25	368.22	608270
12/03/2013	367.5	368.09	364	364.76	714257
13/03/2013	361.25	361.25	356.26	357.93	1341267
14/03/2013	358.25	361.11	355.36	359.26	1041540
15/03/2013	359.54	363.96	358.51	359.78	907599
18/03/2013	358.28	361.25	356.38	357.59	805853
19/03/2013	359.38	360.78	355.14	357	1497018
20/03/2013	358.1	359.34	353.44	358.21	1124330
21/03/2013	360.38	361.81	357.75	359.1	1242510
22/03/2013	356.24	359.44	353.75	357.9	921286
25/03/2013	355.65	358.13	354.08	356.59	629607
26/03/2013	355.63	358.71	354.25	356.82	426948
28/03/2013	358.13	362.12	356.4	361.17	1543506
01/04/2013	363.84	369.19	363.84	368.03	927755
02/04/2013	366.25	373.71	364.36	371.13	1215111
03/04/2013	368.61	374.94	368.5	371.06	1044434
04/04/2013	368.13	368.64	359.01	360.01	937495
05/04/2013	359.88	362.38	356.25	358.23	546620
08/04/2013	356.25	359.21	353.41	353.99	464545
09/04/2013	354.19	354.87	344.53	345.79	1355082
10/04/2013	350.38	353.48	347.03	351.96	818952
11/04/2013	358.31	366.95	354.36	364.59	2127334
12/04/2013	328.13	328.13	283.59	287.08	12253468
15/04/2013	286.25	294.63	275.5	292.38	8319997
16/04/2013	289.88	290.75	285.88	287.03	1787717
17/04/2013	287.5	288.99	281.25	285.48	1893643
18/04/2013	285.8	290.38	285.16	286.96	1653046
22/04/2013	286.45	286.63	277.94	280.57	1925161
23/04/2013	281.25	283.83	280.55	282.78	983745
25/04/2013	281	281.25	277.89	278.46	1720293
26/04/2013	277.51	279.73	275.31	276.5	1391198
29/04/2013	275.75	281.1	273.25	278.66	1120710
30/04/2013	279.25	280.29	277.77	279.43	1105090
02/05/2013	279.5	286.43	279.5	285.84	1172023
03/05/2013	287.09	290.5	284.77	288.49	1139649
06/05/2013	289.38	293.13	289.38	292.64	750013
07/05/2013	293.75	294.38	290.59	293.6	872888
08/05/2013	295.63	297.5	292.26	293.83	909794
09/05/2013	293.99	296.11	293.75	295.18	570178
10/05/2013	295.26	298.13	294.64	296.44	566755
13/05/2013	294.38	295.27	291.29	292.45	626870
14/05/2013	292.16	296.35	292.16	293.76	560556
15/05/2013	294.13	296.59	293.43	295.06	1111647
16/05/2013	294.19	294.98	289.16	291.58	873969
17/05/2013	292.11	296.13	291.88	293.97	803969
20/05/2013	293.25	297.88	293	296.51	1094786
21/05/2013	296.27	302.13	295.87	299.7	707516
22/05/2013	300	304.13	297.28	298.16	780709
23/05/2013	297	302.41	294.52	294.98	637573
24/05/2013	295.2	298.13	291.75	293.49	461081
27/05/2013	292.65	298.25	291.29	296.59	415646
28/05/2013	296.25	297.5	294.21	295.77	529369
29/05/2013	296.25	298.88	291.63	294.05	645816
30/05/2013	291.69	293.58	289.56	292.68	792329
31/05/2013	292.75	304.36	292.75	301.46	2312288
03/06/2013	315.63	328.13	309.39	314.26	4151906
04/06/2013	311.25	314.93	307.95	311.99	1464320
05/06/2013	310	311.27	306.88	307.66	634848
06/06/2013	306.25	306.83	301.99	303.71	938654
07/06/2013	303.13	309.11	302.5	305.85	827271
10/06/2013	307.5	312.25	307.15	310.84	536130
11/06/2013	311.25	314.31	308.23	309.44	744713
12/06/2013	307.78	313.3	301.61	302.67	740911
13/06/2013	303	303.13	296.88	297.49	519291
14/06/2013	298.96	301.13	297.14	299.37	698008
17/06/2013	301.43	303.25	299.36	302.83	340063
18/06/2013	303.75	307.5	303.09	305.82	535613
19/06/2013	305.75	306.09	300.91	304.79	729604
20/06/2013	303.5	306	292.84	296.14	850366
21/06/2013	296.33	304	296.33	302.34	770171
24/06/2013	300.31	300.41	293.99	297.55	917069
25/06/2013	297.5	298.36	293.13	296.74	723830
26/06/2013	298.95	301.83	296.46	299.93	695904
27/06/2013	302.63	312.49	301.58	310.35	1333868
28/06/2013	308.9	313.47	303	312.36	1463424
01/07/2013	308.63	309.19	305.14	306.38	526135
02/07/2013	306.01	307.94	300	300.49	638854
03/07/2013	300.13	306.49	299.08	300.56	668732
04/07/2013	304.13	309.39	302.5	308.5	651348
05/07/2013	308.38	310.44	304.84	307.02	542170
08/07/2013	310.63	311.75	307.56	308.52	676896
09/07/2013	310.13	314.25	310.13	312.27	1076421
10/07/2013	313.13	315	311.63	312.64	858177
11/07/2013	316.88	320.43	313.72	316.04	1963120
12/07/2013	347.64	363.2	343.75	350.53	6609130
15/07/2013	348.13	348.75	341.04	342.84	1609280
16/07/2013	337.76	346.33	335.13	341.1	787692
17/07/2013	341.46	344.79	341.46	343.86	821881
18/07/2013	344.25	352.19	342.36	350.09	1634837
19/07/2013	350.38	358.13	350.38	355.93	2050355
22/07/2013	352.78	361.86	352.75	359.59	843892
23/07/2013	361.25	364.64	361.25	362.74	771060
24/07/2013	360	365.88	360	363.58	609410
25/07/2013	363.63	368.17	362.63	364.41	897211
26/07/2013	366.25	369.13	362.83	364.16	862455
29/07/2013	363.75	368	363.75	365.15	545369
30/07/2013	366.38	371.63	366.38	369.46	792026
31/07/2013	371.13	373.95	366.03	371.21	1475916
01/08/2013	373.5	374.39	369.59	371.83	1086329
02/08/2013	373.13	377.5	372.64	376.1	1495287
05/08/2013	374.85	378.13	374.56	376.13	1062848
06/08/2013	376	376.5	368.88	373.42	1253979
07/08/2013	371.88	375.35	368.91	370.42	812951
08/08/2013	367.5	372.25	367.5	370.57	720671
12/08/2013	372	377.5	371.38	375.68	949297
13/08/2013	376.01	386.75	376	385.45	1291789
14/08/2013	383.75	386.86	380.32	383.71	1151401
16/08/2013	377.5	379.99	370.96	372.3	1510952
19/08/2013	373.76	378.37	368.87	375.63	657416
20/08/2013	377.5	377.63	372.81	375.83	1295257
21/08/2013	374.35	374.35	365.26	369.84	940823
22/08/2013	373.63	379.56	370.5	377.53	1370727
23/08/2013	375.63	377.49	372.79	375.09	687358
26/08/2013	377.49	381.23	376.06	378.84	696443
27/08/2013	379	385	378.99	382.01	1065694
28/08/2013	381.5	391.25	381.5	389.53	1791212
29/08/2013	383.75	390.87	382.63	388.08	2510786
30/08/2013	386.5	390.36	379.69	388.23	1584820
02/09/2013	384.64	390.95	383.08	385.74	640630
03/09/2013	384	386.81	377.1	379.21	783414
04/09/2013	382.46	392.49	381.95	389.09	1122425
05/09/2013	387.09	387.09	374.39	375.6	1182134
06/09/2013	375.74	383.99	375.74	378.63	1683241
10/09/2013	379	398.5	379	394.86	2734892
11/09/2013	393.13	396.62	388.47	389.89	1143210
12/09/2013	388.13	389.89	381	383.23	869680
13/09/2013	382.53	383.23	376.66	378.51	1156923
16/09/2013	378.13	382.24	372.51	374.18	791523
17/09/2013	377.13	378.74	373.88	377.83	1003410
18/09/2013	378.13	378.66	375.63	377.14	929977
19/09/2013	374.88	379.38	374.04	377.38	1915976
20/09/2013	375	379	372.94	374.39	998964
23/09/2013	375.63	380.49	375.13	377.43	1110797
24/09/2013	378.75	378.88	374.61	376.89	1469032
25/09/2013	378.98	379.38	374.08	376.21	1010097
26/09/2013	379.25	379.61	375.13	376.54	1335305
27/09/2013	378	381.38	373.88	375.83	712696
30/09/2013	377.53	381.88	374.69	376.63	1084898
01/10/2013	378.75	379.79	375.38	376.88	663777
03/10/2013	379.38	380.88	377.5	379.64	1835839
04/10/2013	378.28	379.88	375.63	377.05	919102
07/10/2013	376.88	379.97	375.8	377.73	1224418
08/10/2013	380.04	381.5	377.79	379.27	2247864
09/10/2013	378.38	391.43	376.25	388.73	2171474
10/10/2013	390.64	395.12	386.34	390.95	2179336
11/10/2013	416.88	417.25	394.6	409.31	5161325
14/10/2013	407	416.94	407	415.54	1528964
15/10/2013	415.5	420.88	414.1	419.35	1152665
17/10/2013	416.28	419.74	407.5	408.56	1439126
18/10/2013	410.75	415.49	407.63	414.32	1368097
21/10/2013	416.63	422.21	408.14	416.93	1172921
22/10/2013	417.25	420.53	415.68	417.79	901095
23/10/2013	415	417.35	409.88	415.6	820198
24/10/2013	412.79	421.88	411.26	413.59	810070
25/10/2013	416	418.75	413.29	416.44	751418
28/10/2013	414.65	416.86	411.64	415.43	426556
29/10/2013	414.94	420.62	413.34	416.95	650049
30/10/2013	413.88	417.36	413.43	415.49	698886
31/10/2013	413.04	416	412.03	413.74	1210943
01/11/2013	412.5	414.38	408.68	409.59	770838
05/11/2013	406.5	411.32	404.13	408.23	665029
06/11/2013	409.41	414.03	409.41	413.27	463083
07/11/2013	415.21	424.99	414.2	419.7	899089
08/11/2013	418.75	423.65	418.75	420.01	1077014
11/11/2013	418.75	424.75	417.51	420.33	975400
12/11/2013	420.31	421.88	416.01	417.11	806523
13/11/2013	414.51	419.83	414.51	416.51	585939
14/11/2013	419.04	421.88	418.76	419.28	542941
18/11/2013	423.88	426.88	423.48	425.51	790817
19/11/2013	425.75	431	425.01	430.37	1121901
20/11/2013	426.13	430.41	424.38	425.28	538326
21/11/2013	424.5	425	414.14	418.04	1061937
22/11/2013	418.25	421.88	417	418.45	340117
25/11/2013	419	422.35	413.38	415.75	713412
26/11/2013	415	418.63	411.58	414.53	915137
27/11/2013	415	416.98	410.73	411.66	847453
28/11/2013	412.68	417.25	408.13	415.98	937496
29/11/2013	417	420.75	413.75	419.32	676445
02/12/2013	419	422.11	415.64	417.34	588922
03/12/2013	415	419.94	415	418.59	875155
04/12/2013	418.75	423.25	417.1	420.67	1055390
05/12/2013	422.5	424.88	417.75	418.91	789634
06/12/2013	417.38	418.63	414.78	415.73	818106
09/12/2013	420.63	423.01	415.13	417.35	1107079
10/12/2013	416.88	423.73	416.44	421.36	1543237
11/12/2013	420.63	422.71	417.5	421.79	782120
12/12/2013	420.55	423.21	418.5	420.48	690029
13/12/2013	418.13	422.5	418.13	421.73	1039453
16/12/2013	422.5	433	419.23	431.53	1264712
17/12/2013	430.64	435.61	430.64	432.04	1339244
18/12/2013	431.25	434.22	430.94	432.18	1147918
19/12/2013	432.81	443.12	431.88	439.03	916432
20/12/2013	440.63	446.63	438.55	443.92	1085682
23/12/2013	437.5	442.49	432.57	433.56	1105738
24/12/2013	435.75	437.86	433.26	435.8	888739
26/12/2013	435.88	441.8	435.47	440.08	858741
27/12/2013	441.25	446.5	441.24	445.16	922758
30/12/2013	445.96	446.88	434.38	437.79	1482929
31/12/2013	437.5	440.21	435.03	435.71	448851
01/01/2014	436.5	437.38	432.76	433.5	184836
02/01/2014	432.91	438.5	432.91	435.07	550593
03/01/2014	434.38	446.88	431.78	445.64	1255793
06/01/2014	446.89	447.56	433.58	439.74	1387291
07/01/2014	439.88	440.74	430.84	432.14	964211
08/01/2014	432.63	434.38	427.63	428.51	1123799
09/01/2014	430	435.25	427.23	431.35	1573851
10/01/2014	436.25	446.88	431	443.91	3782272
13/01/2014	447.75	459.38	447.75	458.13	2139989
14/01/2014	455.63	461.88	455.06	460.84	928229
15/01/2014	461.91	465.54	460.13	464.01	2141268
16/01/2014	462.38	467.18	461.71	465.63	2201029
17/01/2014	466.13	470.58	465	466.22	3208487
20/01/2014	464	469.99	463.06	468.66	1220243
21/01/2014	468.75	471.25	464.79	469.79	1512808
22/01/2014	467.65	472.25	467.51	470.74	846220
23/01/2014	473.01	474.88	470.11	474.06	988418
24/01/2014	470.63	474.62	469.34	469.77	859573
27/01/2014	465	470.49	463.9	466.53	1012381
28/01/2014	463.38	463.59	458.36	459.39	1763568
29/01/2014	458.25	467.96	456.71	464.73	1012760
30/01/2014	462.96	464.59	457.5	463.03	897954
31/01/2014	462.5	467.47	460.82	462.64	671241
03/02/2014	460.63	461.5	453.1	453.64	548014
04/02/2014	447.63	448.99	443.32	445.14	566889
05/02/2014	447.5	448.63	442.84	447.66	540874
06/02/2014	446.5	447.88	442.63	445.46	718738
07/02/2014	448.38	450.23	443.61	445.82	943932
10/02/2014	447.49	448.25	444.69	446.73	756178
11/02/2014	448	452.75	446.69	449.53	729199
12/02/2014	450.06	453.43	449.15	450.01	526089
13/02/2014	450.6	452.24	447.51	448.23	448540
14/02/2014	451.94	458	450.41	455.54	745271
17/02/2014	460.63	460.63	456.11	457.27	1696240
18/02/2014	455.88	461.83	455.88	460.25	622280
20/02/2014	468.11	468.11	463.25	463.91	1102106
21/02/2014	467	469.43	465.91	468.84	689748
24/02/2014	468.25	469.21	466.25	468.74	544701
25/02/2014	469.38	474.01	469.38	472.86	1012439
26/02/2014	472.5	477.23	471.51	475.94	919021
28/02/2014	470.14	479.64	470.14	478.11	1229937
03/03/2014	478.13	481.24	473.99	474.78	900522
04/03/2014	471.25	478.06	470.24	474.94	867239
05/03/2014	478.49	480.55	476.24	477.71	617938
06/03/2014	479.75	481.24	477.17	478.99	778289
07/03/2014	478.38	479.25	463.54	467.54	1884093
10/03/2014	466.21	466.21	455.66	458.95	929059
11/03/2014	456.63	463.61	453.88	459.42	515534
12/03/2014	459.18	462.92	456.5	458.91	492513
13/03/2014	427.5	429.99	417.5	419.7	5098860
14/03/2014	417.5	425.49	416.88	424.27	1395943
18/03/2014	425	426.49	417.5	418.82	1475539
19/03/2014	418.75	419.73	404.84	408.97	1972231
20/03/2014	408.75	418.69	408.75	412.88	1002879
21/03/2014	416.25	417.25	408.81	413.21	1547540
24/03/2014	409.03	414.81	408.75	409.48	1020043
25/03/2014	406	409.96	405.75	406.8	943508
26/03/2014	407.5	408.62	403.83	406.11	1057321
27/03/2014	406	407.86	401.99	403.88	1699921
28/03/2014	405.01	409.88	403.41	407.83	893353
31/03/2014	410.66	413.12	403.76	410.35	1147116
01/04/2014	410.38	415.63	409.38	414.24	1078544
02/04/2014	418.6	418.75	413.81	415.26	705550
03/04/2014	417.44	418.5	414.88	417.27	587527
04/04/2014	418.88	419.5	413.26	414.51	490698
07/04/2014	412.25	414.31	407	411.68	887193
09/04/2014	410.13	413.73	403.81	406.82	1333085
10/04/2014	406.81	407.22	398.27	400.15	2657905
11/04/2014	401.25	406.95	395.63	404.39	2334792
15/04/2014	416.53	423.5	405.94	407.48	2597798
16/04/2014	405.24	405.24	393.44	394.66	1649788
17/04/2014	397.5	401.26	394.79	399.01	1048989
21/04/2014	401.25	402.5	396.25	397.87	764953
22/04/2014	396.51	400	392.8	393.83	828362
23/04/2014	396.76	398.98	395.5	396.58	1502090
25/04/2014	398.5	400	395.42	396.95	745363
28/04/2014	396.13	399.13	395.63	397.26	755310
29/04/2014	397.88	399.38	396.38	397.22	604433
30/04/2014	397.21	398.75	396.38	397.6	967742
02/05/2014	398.13	405.88	398.13	402.46	595549
05/05/2014	399	404.13	396.82	397.11	524586
06/05/2014	397.11	398.06	394.38	395.64	570753
07/05/2014	393.88	396.25	381.25	383.42	1949509
08/05/2014	383.75	386.05	380.81	383.16	1145249
09/05/2014	383.13	390.63	381.61	388.93	772425
12/05/2014	389.78	398.31	388.13	396.89	880525
13/05/2014	397.88	409.38	397.88	408.16	912496
14/05/2014	406.28	408.13	402.14	406.76	648086
15/05/2014	406.76	411.86	400.66	409.06	1051149
16/05/2014	412.38	417.5	382.38	397.19	1773599
19/05/2014	399.75	399.75	375.01	376.88	2155814
20/05/2014	381.13	392.36	380.28	390.28	1098418
21/05/2014	389.75	395.54	387.38	394.64	848538
22/05/2014	395	397.5	385.14	389.24	1229093
23/05/2014	390.63	396.38	376.52	383.69	1135222
26/05/2014	383.88	388.87	381.27	386.86	718818
27/05/2014	387.5	394.38	387.44	391.76	623016
28/05/2014	390.44	398.5	389.75	396.66	673665
29/05/2014	378.13	378.13	364.38	365.56	5167666
30/05/2014	367.5	369.93	360	367.43	3504452
02/06/2014	370.06	374.71	370.06	374.14	778732
03/06/2014	376	379.62	371.84	377.15	853117
04/06/2014	376.88	378.42	369.19	373.06	688501
05/06/2014	375	383.55	370.25	380.14	1519215
06/06/2014	375.02	376.25	368.75	375.38	2110303
09/06/2014	375.75	376.88	372.01	373.31	1357293
10/06/2014	375	386.15	374.54	384.39	1309897
11/06/2014	388.13	407.16	386.29	399.17	2546963
12/06/2014	410	412.13	390.09	396.88	2641107
13/06/2014	398.56	400.88	391.38	398.38	1268968
16/06/2014	398.25	407.46	397.5	405.52	1171916
17/06/2014	406.13	408.38	402.32	405.86	1259924
18/06/2014	405.63	409.38	401.59	405.06	1223910
19/06/2014	405.73	415.38	405.64	413.99	1414213
20/06/2014	415	417.43	411.61	414.58	1106625
23/06/2014	412.5	413.62	402.68	404.07	791014
24/06/2014	403.75	404.36	399.02	400.48	1329753
25/06/2014	405.63	405.63	400.75	401.41	804190
26/06/2014	402.5	404.38	396.09	397.81	922069
27/06/2014	400	404.45	396.5	402.93	861343
30/06/2014	402.5	407.88	401.43	406.94	911322
01/07/2014	405.63	406.85	400.75	402.63	582814
02/07/2014	401.5	405.45	399.78	401.91	764954
03/07/2014	401.28	403.55	398.81	401.34	938114
04/07/2014	400.01	407.3	400.01	405.74	719121
07/07/2014	408.13	421	407.5	418.18	1454789
08/07/2014	418.63	425.79	412.88	417.77	1432560
09/07/2014	416.25	423	411.25	413.79	1033844
10/07/2014	414.38	422.71	406.33	411.59	1418202
11/07/2014	425.18	429	412.54	415.83	1978295
14/07/2014	414.38	414.38	398.23	403.16	1028950
15/07/2014	404.88	407.24	402.13	403.21	517475
16/07/2014	405	405.63	400.41	403.7	573686
17/07/2014	407.51	418.24	403.96	404.91	618334
18/07/2014	406.63	409.34	405.45	406.44	512296
21/07/2014	406.88	409.17	398.51	400.09	929496
22/07/2014	400.63	405.84	399.76	404.21	1091670
23/07/2014	406.13	419.38	406.13	418.68	1478417
24/07/2014	418	424.38	415.18	422.78	696445
25/07/2014	424.88	424.88	413.09	419.03	667209
28/07/2014	418.13	423.38	415.11	421.39	575181
30/07/2014	424.25	424.25	418.2	421.53	1241840
31/07/2014	422.5	424.36	417.9	420.96	1057146
01/08/2014	418.75	424	416.25	417.66	950876
04/08/2014	419.38	435.36	418.66	433.19	1635870
05/08/2014	434.5	440	433.76	439.13	1373203
06/08/2014	440.63	451.04	440.63	446.98	2250523
07/08/2014	437.38	443.05	435.29	438.42	969278
08/08/2014	437.5	440	434.38	435.33	476419
11/08/2014	440.5	447.96	438.75	446.69	703584
12/08/2014	449.88	449.88	442.63	447.1	739617
13/08/2014	445.01	453.13	443.84	451.05	1117670
14/08/2014	451	453.46	448.33	451.57	845310
18/08/2014	451.5	451.5	443.75	444.98	847236
19/08/2014	445.13	448.63	441.25	443.48	803103
20/08/2014	445.38	447.81	443.38	444.32	492278
21/08/2014	444.53	445.43	441.25	443.62	537360
22/08/2014	443.62	451	443.5	450.13	606880
25/08/2014	449.88	454.46	445.26	453.48	524794
26/08/2014	452.75	455	450	453.02	730266
27/08/2014	453.75	456.25	450.14	453.82	696234
28/08/2014	453.63	454.21	447.65	449.85	949913
01/09/2014	451.26	452.36	448.13	449.96	455394
02/09/2014	450	453.13	444.44	451.72	447979
03/09/2014	451.25	468.3	451.25	466.78	1482195
04/09/2014	465.63	465.63	462.23	463.59	779808
05/09/2014	466.5	474.38	463.17	466.34	808544
08/09/2014	466.59	473.81	466.59	472.71	814662
09/09/2014	468.5	469.43	465	467.01	539600
10/09/2014	463.5	463.5	457.5	458.41	635094
11/09/2014	459.25	462.46	453.83	460.52	626629
12/09/2014	461	463.5	456.25	458.74	488444
15/09/2014	458.13	458.5	453.41	455.16	619850
16/09/2014	455.75	461.31	452.95	456.41	629363
17/09/2014	459.99	468.51	458.89	467.63	990765
18/09/2014	459.24	466.21	456.81	462.13	1138097
19/09/2014	462.38	473.49	460.16	462.76	1844377
22/09/2014	460	460.34	454	456.33	1076505
23/09/2014	455.63	460.43	449.44	450.89	1620288
24/09/2014	453.75	459.03	449.78	455.6	695570
25/09/2014	456.25	464.85	455.75	461.38	3121939
26/09/2014	460.63	465.03	457.56	460.02	1108105
29/09/2014	462.63	470.12	460.14	468.63	624518
30/09/2014	468.03	469.54	462.64	468.47	865921
01/10/2014	465.25	482.49	465.25	480.91	1183858
07/10/2014	471.16	486.62	471.16	478.91	2507932
08/10/2014	473.13	474	455.13	456.27	2540960
09/10/2014	462.5	464.25	453.24	455.85	1554104
10/10/2014	457.5	488.5	446.59	486.08	5736632
13/10/2014	486.16	498.13	486.16	492.82	2215873
14/10/2014	495.63	495.63	487.5	489.79	857564
16/10/2014	487.51	492.29	481.79	483.16	1252174
17/10/2014	483.11	490.35	479.64	481.46	1023752
20/10/2014	481.63	482.82	475.26	476.54	962840
21/10/2014	481.24	481.24	463.75	471.62	3260173
22/10/2014	476.16	476.49	472.03	474.51	669165
23/10/2014	475.61	476.68	474.64	475.49	52766
27/10/2014	481.25	481.25	472.78	475.38	595969
28/10/2014	470.63	476.54	470.63	473.53	833296
29/10/2014	476.62	486.59	476.62	485.18	1028667
30/10/2014	487	497.66	487	493.32	1905651
31/10/2014	498.38	508.25	498.38	506.41	1083850
03/11/2014	509.61	513.75	504.06	510.74	1072301
05/11/2014	510.63	519.25	507.13	515.6	1280135
07/11/2014	514.79	522.88	514.79	520.83	1246300
10/11/2014	521.88	522.64	517.5	520.69	699271
11/11/2014	520.63	520.63	512.97	515.65	781886
12/11/2014	515.13	518.84	512.14	513.25	674112
13/11/2014	515.25	525.13	514.05	522.33	619585
14/11/2014	524.25	526.43	521.75	523.96	654147
17/11/2014	523.13	528.49	518.51	527.31	682273
18/11/2014	528.13	528.47	521.51	522.79	658390
19/11/2014	522.5	523.74	517.47	521.67	650140
20/11/2014	523.75	529.06	522.98	528.2	668491
21/11/2014	521.25	522.38	512.7	518.27	1307909
24/11/2014	525	535.21	523.99	534.39	1380930
25/11/2014	536.88	539.99	530.75	537.9	1860822
26/11/2014	537.5	539.71	533.95	537.56	991350
27/11/2014	540.24	547.05	539	545.74	2173629
28/11/2014	546.26	549.75	542.92	544.98	1793408
01/12/2014	548.38	550.28	536.58	543.73	2292733
02/12/2014	541.24	541.24	528.75	531.65	2663748
03/12/2014	525.38	533.24	521.14	530.88	3193761
04/12/2014	527.5	536.23	523.75	525.45	2349807
05/12/2014	528.75	529.15	514.95	517.58	1839690
08/12/2014	502.25	504.75	489.44	492.54	41580104
09/12/2014	495.69	496.5	488.11	491.2	2512615
10/12/2014	491.5	496.25	489.78	490.94	1951178
11/12/2014	487.75	488.49	478.75	480.26	2071483
12/12/2014	484.76	490.1	479.53	484.66	3643125
15/12/2014	476.24	489.31	476.23	481.2	3241571
16/12/2014	481.43	487.9	481.43	484.5	4448189
17/12/2014	484	488.88	474.08	484.63	4462944
18/12/2014	488.5	495.45	486.19	491.48	4987495
19/12/2014	499.4	502	496.5	499.66	3573658
22/12/2014	501.5	502.53	493.84	499.9	2616276
23/12/2014	500.21	505.48	490.9	492.91	2049238
24/12/2014	494	496.75	478.76	482.64	6834872
26/12/2014	486.28	490.18	482.74	488.06	567187
29/12/2014	489.01	493.2	488.13	489.45	698169
30/12/2014	490.56	493.75	489.2	491.59	1160138
31/12/2014	488.75	494.74	487.5	493.14	1742202
01/01/2015	492.24	495.5	489.23	493.6	500691
02/01/2015	493	504.76	493	503.3	1694580
05/01/2015	502.48	507.5	494.38	498.98	2484256
06/01/2015	495	496.25	483.53	488.55	2416829
07/01/2015	491.25	493.69	487.5	490.89	1812479
08/01/2015	496.4	499.25	487.5	493.36	3391230
09/01/2015	495.03	527.25	478.26	518.61	11215832
12/01/2015	523	529.8	518.75	528.99	3189722
13/01/2015	526.95	526.95	518.75	522.23	2200309
14/01/2015	524.63	533.25	523.15	532.16	2480315
15/01/2015	533.8	538.2	528.06	533.56	2085613
16/01/2015	537	540	528	529.58	1672740
19/01/2015	530	533.09	523.65	525.63	1021936
20/01/2015	526.75	533.25	525.36	531.05	1701126
21/01/2015	532.88	543.99	529.5	542.48	2123727
22/01/2015	543.7	550.75	540.33	549.11	2489599
23/01/2015	550	556.25	541.28	553.76	2371582
27/01/2015	555.25	555.25	532.53	534.13	3434992
28/01/2015	537.5	538.7	532.58	536.14	3283589
29/01/2015	536.25	537.48	531.9	536.38	3842356
30/01/2015	540.38	540.64	531.74	535.48	2708436
02/02/2015	535.38	538	531.51	534.21	2175635
03/02/2015	534.21	534.99	525.5	530.23	1316489
04/02/2015	534.98	537.5	531.6	535.71	1290004
05/02/2015	537.7	555	537	548.45	2968984
06/02/2015	551.25	561.95	547.13	557.63	1863432
09/02/2015	550	563.5	550	562.23	1634217
10/02/2015	560.75	574.5	560.25	569.58	2129230
11/02/2015	570.13	573.3	564.06	571.21	1449243
12/02/2015	570.75	580.49	568.25	577.8	1571884
13/02/2015	574.9	581.67	571.5	574.03	1414379
16/02/2015	570.08	576.73	566.31	569.69	1561069
18/02/2015	572.64	576.24	564.54	574.13	2153441
19/02/2015	573.5	583.5	573.01	581.17	2418406
20/02/2015	582.13	584	569.23	570.78	1742907
23/02/2015	575	577.3	562.03	566.4	1272622
24/02/2015	569.75	573.99	564.4	568.2	1609419
25/02/2015	572.23	583.7	570	579.4	1511243
26/02/2015	576.88	577.25	561.35	564.53	1611444
27/02/2015	568.73	570.16	562.88	566.44	1950269
02/03/2015	575.75	577.13	569.51	572.92	1760248
03/03/2015	572.5	575.74	569.58	574.46	1226388
04/03/2015	575	578.48	562.98	568.66	1093807
05/03/2015	566.76	574.69	558.34	561.9	1421229
09/03/2015	564.75	564.75	544.75	547.51	1996180
10/03/2015	549.53	551.74	540.05	549.5	1582479
11/03/2015	548.53	560	542.28	545.55	1695228
12/03/2015	544.75	556.61	544.25	554.58	1422141
13/03/2015	556.25	557.5	548.1	555.1	1544921
16/03/2015	552.64	570.5	552.64	566.66	1704658
17/03/2015	566.66	569.88	554.31	560.13	1384828
18/03/2015	563.63	565.71	555.64	557.38	1226391
19/03/2015	558.65	562.25	555.69	557.61	1722935
20/03/2015	560.25	567.23	558.24	564.36	1607724
23/03/2015	563.25	568.75	556.38	558.36	1269675
24/03/2015	558.73	563.35	551.5	552.86	1684133
25/03/2015	555.73	557.29	550.19	554.78	1542742
26/03/2015	552	553.73	533	536.59	3935210
27/03/2015	541	556.17	540.75	550.54	2518555
30/03/2015	551.4	560	548.73	557	1155772
31/03/2015	561.25	568.41	551.09	554.59	2004103
01/04/2015	549.73	549.88	539.42	543.49	1684622
06/04/2015	544.75	546.17	540.1	544.55	1935438
07/04/2015	543.75	545.7	534.5	539.88	2135567
08/04/2015	545.63	551.23	543.26	550.14	2546394
09/04/2015	552.85	554.73	546.1	553.75	2645387
10/04/2015	552.55	559.5	552.55	558.49	1780944
13/04/2015	559.5	561	554.03	559.7	1218084
15/04/2015	559.13	561.25	548.76	553.42	1559446
16/04/2015	555.5	557.75	540.13	548.66	2251953
17/04/2015	545.01	548.74	538.36	544.81	1612579
20/04/2015	544	545	528.79	533.04	3206346
21/04/2015	537	538.78	530.03	535.65	2220412
22/04/2015	537.76	538.75	524.49	534.42	3087746
23/04/2015	537.17	537.5	528	530.5	2972950
24/04/2015	533.98	537.55	495	498.8	10891363
27/04/2015	500	500.5	487.03	496.16	4955660
28/04/2015	495.5	495.5	488	490.23	2598375
29/04/2015	490.23	493	484.49	490.29	2072264
30/04/2015	490	491.25	483.08	485.56	3283565
04/05/2015	489.88	500	487.48	498.28	3340398
05/05/2015	500	500.93	488.01	490.69	2352129
06/05/2015	493.75	493.75	478.83	480.51	2627102
07/05/2015	480.5	491.78	477.5	486	1694996
08/05/2015	489.5	491.89	486.31	489.49	1444419
11/05/2015	491.25	500	488.05	498.41	1196378
12/05/2015	498.41	498.65	485.5	486.78	2071223
13/05/2015	487.94	491.23	482.13	489.18	1774771
14/05/2015	490	490.2	477	483.7	1558461
15/05/2015	483.75	491.65	483.08	490.44	1297336
18/05/2015	492.5	499.73	490.4	498.26	1617494
19/05/2015	496.83	508.93	496.5	505.59	2568019
20/05/2015	510	513	508.4	511.83	1470547
21/05/2015	512.23	515.48	509.31	512.11	2514828
22/05/2015	511	512.89	507.53	511.61	1722206
25/05/2015	512.63	514.14	501.76	504.2	1168952
26/05/2015	505	507.86	500.54	501.83	991260
27/05/2015	501.75	502.25	488.75	492.13	2113677
28/05/2015	493.8	508	493.8	504.15	2745135
29/05/2015	501.21	514.11	500.25	505.79	4748261
01/06/2015	508.2	516	505.81	511.95	1431223
02/06/2015	512.03	513.78	501.25	502.16	1168285
03/06/2015	504.55	509.86	502	505.23	1373949
04/06/2015	507.5	513.75	503.15	507.01	1872366
05/06/2015	507.5	511	502.04	502.91	1531447
08/06/2015	505	506.16	496.75	500.01	1535262
09/06/2015	500.94	501.91	495.75	498.03	1890435
10/06/2015	497.5	509.84	496.25	506.63	1596460
11/06/2015	508.99	511.19	498.76	499.41	2307366
12/06/2015	501.25	506.39	488.88	493.76	2463231
15/06/2015	488.48	499.4	484	495.23	2618213
16/06/2015	497.18	501.5	492.5	499.68	2611722
17/06/2015	505.5	510.5	496.1	497.85	3206034
18/06/2015	502.8	503.98	497.9	500.98	1737213
19/06/2015	505.15	505.2	496.55	497.68	3335229
22/06/2015	502.45	514.38	498.5	511.93	2855434
23/06/2015	512.5	513.7	499.08	500.2	3476058
24/06/2015	507.5	507.5	495.6	497.55	3536847
25/06/2015	499.6	501.75	493.83	495.23	3558733
26/06/2015	499.5	505.8	499.05	502.63	2660142
29/06/2015	493.5	499.75	491.25	495.08	2845334
30/06/2015	495	496.73	490	492.18	3106265
01/07/2015	494.5	502.5	493	498.7	3440426
02/07/2015	499.5	500.7	492.53	494	2003784
03/07/2015	494	496.5	491	495.15	1347653
06/07/2015	492.5	494	487.5	491.65	2152801
07/07/2015	492.5	495	489.5	490.25	1748709
08/07/2015	489.5	489.5	477.4	478.75	3512089
09/07/2015	478.75	483	467.03	469	4293886
10/07/2015	474.05	476.05	466.33	468.75	3705761
13/07/2015	470.5	477.5	467.03	475.08	3265884
14/07/2015	477.5	486.75	472.75	485.63	2683537
15/07/2015	485	492.98	484	492	2064783
16/07/2015	493.85	495.75	489.75	494.53	1736469
17/07/2015	495.5	502.25	494.55	500.93	1723989
20/07/2015	500.7	505.4	493.7	500.63	2188590
21/07/2015	517.5	574.5	517.5	556.33	19155056
22/07/2015	552.5	556	538.33	551.58	6332830
23/07/2015	551.98	558.5	545	549	3855374
24/07/2015	547.78	553.23	541.55	543.8	2240151
27/07/2015	543.45	543.98	530.23	532.65	3376122
28/07/2015	534.25	538	527.13	531.42	4238301
29/07/2015	537	546	532.5	542.7	3535667
30/07/2015	545	545	529	535	5978299
31/07/2015	539.28	540.67	530	538.53	3965506
03/08/2015	539	546	534.48	539.48	3980506
04/08/2015	539	539.48	525.5	528.63	4549527
05/08/2015	531	545	530.98	543.17	2376738
06/08/2015	547	552.75	538.5	543.48	3619126
07/08/2015	539.75	550.5	539.25	547.8	2494029
10/08/2015	549	553.17	533.5	543	1996377
11/08/2015	549.4	558.45	547.85	554.58	3787203
12/08/2015	557.5	0	0	557.5	0
13/08/2015	573.5	583.42	527.78	579	4893980
14/08/2015	582.5	584.35	571.55	574.63	2554533
17/08/2015	575	576.73	561.25	571.08	1553718
18/08/2015	575	588.85	575	582.17	2075223
19/08/2015	585	593.1	581.4	587.78	3434759
20/08/2015	579.5	584.25	564	567.28	4184557
21/08/2015	570.45	580.48	558.75	574.95	5411071
24/08/2015	554.98	561.5	539.3	546.03	7061342
25/08/2015	550	559.5	522.25	542.83	6867539
26/08/2015	544.9	548.5	529.5	532.3	5749106
27/08/2015	544	550.05	539.03	541.4	7671696
28/08/2015	550.8	562.45	550.8	555.53	3604410
31/08/2015	567.42	567.42	541.25	547.2	4958532
01/09/2015	545	557.3	541	544.5	4535775
02/09/2015	549	557.5	545	549.73	5585915
03/09/2015	555.08	556	546.25	549.67	4295268
04/09/2015	551.5	555.5	533.5	536.98	3659444
07/09/2015	542.48	542.5	527.5	529.38	2590494
08/09/2015	531	537	526.15	529.4	2729748
09/09/2015	543.55	549.8	536	544.35	4574332
10/09/2015	542.45	545.75	530.5	540.23	4181502
11/09/2015	545.78	553.2	542.75	545.38	4941905
14/09/2015	549.5	552	541.33	549.88	3278538
15/09/2015	549.7	0	0	550	0
16/09/2015	554	554.88	549.15	550.83	3739120
18/09/2015	555.9	558.95	549.53	552.23	5788438
21/09/2015	550	554.42	546.25	552.33	2175617
22/09/2015	557.5	567.98	550.55	553.73	4813493
23/09/2015	553.73	563.17	548.73	558.13	2379127
24/09/2015	556.75	576.35	555	570.28	6699631
28/09/2015	569.98	571.42	550.5	552.78	4894232
29/09/2015	551	566.7	548.75	560.92	4349685
30/09/2015	567.2	584.48	562.98	580.98	4747846
01/10/2015	584.95	598.88	580	586.53	5432197
05/10/2015	586.5	594.67	581	590.88	3440880
06/10/2015	593.53	596.28	574.05	577.3	4355940
07/10/2015	578	584.38	564.23	566.6	4591244
08/10/2015	568.2	574.8	563.03	566.08	4540437
09/10/2015	568	586.45	568	583.7	5891069
12/10/2015	599.5	609.9	554.5	561.45	15202485
13/10/2015	553.73	555.5	542.6	549.7	7663431
14/10/2015	545.73	557.78	543.6	548.8	4432755
15/10/2015	549.95	552.17	544.55	548.67	4127833
16/10/2015	549.5	0	0	548.45	0
19/10/2015	551	558	550.25	555.98	3673747
20/10/2015	556.5	565	555.3	562.98	4394155
21/10/2015	562.5	573.42	562.5	569.2	3639049
23/10/2015	570.9	576.5	562.55	574.95	3016681
26/10/2015	577	579.25	571.58	576.08	1597971
27/10/2015	575	577.5	572.05	574.7	2631874
28/10/2015	572.25	579	569.5	576.6	2627736
29/10/2015	576.55	577.95	568.03	572.53	2943662
30/10/2015	572.5	572.5	565	567.73	2022338
02/11/2015	565	567.9	557.05	565.6	1772494
03/11/2015	566.7	575.23	566.7	572.75	1807341
04/11/2015	575.05	578.8	566.15	568.4	1602786
05/11/2015	571.48	572.5	559.7	561.45	1172653
06/11/2015	561.5	571.95	561.45	569.15	1513086
09/11/2015	560	570	557.6	567.3	3062838
10/11/2015	563.75	563.75	550.05	551.92	2340026
13/11/2015	549.98	553	545	550.4	1760434
16/11/2015	541.83	547	533.6	540.1	3404167
17/11/2015	540	541.45	526	530.75	3592053
18/11/2015	520.5	522.58	505.63	510	5062626
19/11/2015	515.13	526	511.9	523.9	4269811
20/11/2015	524	531.6	521.03	526.2	3041489
23/11/2015	525	531.2	519	526.85	2808175
24/11/2015	525	525.4	518.5	520.58	2162901
26/11/2015	520.48	529.75	520.03	526.2	4926984
27/11/2015	529	535	522.5	533.17	2571239
30/11/2015	535	0	0	533	0
01/12/2015	544	547.5	536.48	539.5	2949275
02/12/2015	539.98	539.98	529.5	530.35	3198808
03/12/2015	530.5	532.4	524.53	528.88	2752363
04/12/2015	524.5	532.45	520.05	524.53	4187765
07/12/2015	527.65	529.5	520	523.13	2256935
08/12/2015	522.53	531.38	519.65	522.2	2862186
09/12/2015	521.5	523.48	511.28	514.1	3409127
10/12/2015	518.3	525.8	515.15	523.67	2793873
11/12/2015	527	530.95	522.95	526.4	2695099
14/12/2015	524.75	536.58	524.03	534.75	2408336
15/12/2015	536.63	539.55	529.4	538.78	2715904
16/12/2015	541.7	549	541.7	547.92	2747926
17/12/2015	550	554.9	544	553.55	2479391
18/12/2015	551.7	551.7	539.73	541.58	3609910
21/12/2015	538.5	553.7	532.98	551.73	2165506
22/12/2015	548.73	548.73	540.05	541.88	2054627
23/12/2015	547.53	551.25	543.53	550.42	1435464
24/12/2015	551.03	552.23	545.05	548.17	615027
28/12/2015	545	555	545	552.38	2763476
29/12/2015	550.63	555	548.65	552.35	1672531
30/12/2015	550.55	553.3	541.5	543.15	2576985
31/12/2015	545.08	554.98	543.5	552.7	3971969
01/01/2016	550	554.48	546.6	552.63	903275
04/01/2016	549.98	551.23	538.03	539.45	1987681
05/01/2016	542.75	542.75	531.13	537.03	2474893
06/01/2016	537.33	537.33	529.45	534.67	2794164
07/01/2016	530.03	533.95	523.95	525.4	2647044
08/01/2016	530.75	533.7	527.75	531.65	1578358
11/01/2016	528.15	534.98	526.05	527.85	2680311
12/01/2016	531	531.48	515.42	524.03	3282606
13/01/2016	528.5	545.5	524.05	541.7	4375647
14/01/2016	533	577.5	527.17	566.5	15113503
15/01/2016	574	582	568.78	569.95	6518307
18/01/2016	569.95	581.05	564.17	565.95	5033306
19/01/2016	567.5	579.48	564.28	569.83	3750218
20/01/2016	567	580	558.5	560.63	3753999
21/01/2016	567.5	571.25	561	568.53	3371500
22/01/2016	574.05	576.25	565.5	568.13	3218009
25/01/2016	570.13	573.42	562.28	568.83	2289631
27/01/2016	573.23	574.8	567.5	569.25	3485981
28/01/2016	568	571.3	563.1	564.8	3894299
29/01/2016	569	585	565.8	582.45	5116054
01/02/2016	585	589.95	580.8	586.67	2125563
02/02/2016	588.42	595	582	587.78	3816351
03/02/2016	583.9	587.95	576.38	578.85	2622983
04/02/2016	580.03	597.48	580.03	589.88	2774673
05/02/2016	587.75	593.33	585.92	587.35	1992112
08/02/2016	581.88	586.1	571.9	572.92	2110522
09/02/2016	564.15	564.15	546.75	553.83	3789786
10/02/2016	554	563.75	552.5	554.28	2933027
11/02/2016	555.5	556.5	535.58	539.33	2607189
12/02/2016	547.35	0	0	539.4	0
15/02/2016	548.13	550.1	543.3	545.88	2546739
16/02/2016	543.5	546.38	536.85	539.58	2562724
17/02/2016	540.88	551.5	538.5	548.92	2082299
18/02/2016	550	563.5	550	561.7	2094536
19/02/2016	559.6	567.1	556.92	563.63	1987009
22/02/2016	565.5	566.98	557.03	563.33	1928505
23/02/2016	565.13	566.25	558.03	561.95	1250980
24/02/2016	559.75	571.88	559.17	562.67	2475357
25/02/2016	562.7	565.3	550.55	555.15	2242264
26/02/2016	560.08	566	558	560.58	2117818
29/02/2016	564.75	565.2	534.15	542.03	4083038
01/03/2016	547.4	565.15	547.4	562.73	3193077
02/03/2016	568.53	581.75	562.5	578	3607449
03/03/2016	584	596.42	577	584.65	2907152
04/03/2016	587.8	592.5	579.55	585.33	2140840
08/03/2016	581.5	595.25	573.7	581.73	3808873
09/03/2016	572.5	591.88	571.48	589.25	3152891
10/03/2016	581.45	581.45	569.67	571.25	12190508
11/03/2016	573.1	577.98	569.1	571.5	2029274
14/03/2016	573	577.13	569.25	570.6	2087131
15/03/2016	572	577.25	564.48	567.2	3360129
16/03/2016	570.95	577.5	565.78	576.23	2794425
17/03/2016	578.45	584.88	577.03	580.88	3237311
18/03/2016	581.4	599.5	581	596.7	4238711
21/03/2016	594	599.5	590.03	597.45	2569196
22/03/2016	595.63	597	586	594.98	3548975
23/03/2016	595	605.35	591.05	603.9	3166588
28/03/2016	616.2	618.5	597.88	602.45	5393755
29/03/2016	599.5	609.45	595.78	598.63	3497678
30/03/2016	598.8	605	597.78	602.98	2878409
31/03/2016	605.13	614.95	600.15	609.15	8998160
01/04/2016	608	611.1	597.55	602.73	2755714
04/04/2016	606.78	624	606.78	621.85	2288527
05/04/2016	621	621.15	607	609.9	2395358
06/04/2016	614	614	598	600.35	2465677
07/04/2016	604.2	604.2	587.5	590.75	2828945
08/04/2016	587.92	588.75	581.03	582.88	2097789
11/04/2016	582.9	593.38	575.55	591.95	2884339
12/04/2016	590.25	597.45	589.3	591.1	2921069
13/04/2016	597.48	597.48	583.17	586.35	6255693
18/04/2016	625	633.95	616.75	619.35	12507995
20/04/2016	622	623.23	612.9	621.8	4036424
21/04/2016	625.5	625.5	609.05	613.15	2720550
22/04/2016	613.15	614.25	603.5	605.63	2571969
25/04/2016	606.03	612.4	600.55	607.92	2682067
26/04/2016	607.73	619.78	604.3	616.08	2923372
27/04/2016	614.6	621.17	614.28	620.08	2243104
28/04/2016	615.5	619.8	603.5	604.58	6082584
29/04/2016	605.73	611.78	602.5	604.05	2518205
02/05/2016	605	605.58	598.08	600.53	1807625
03/05/2016	601.38	606.1	585.9	588.9	3412405
04/05/2016	590.5	596.5	585.33	594.42	2906421
05/05/2016	597.58	599.5	590.55	596.23	3151334
06/05/2016	594.9	594.9	588.53	590.75	1298360
09/05/2016	591	600.78	590.3	599.53	2561839
10/05/2016	601.25	608.33	598.3	606.4	1697852
11/05/2016	599.25	607.35	596.25	600.92	1854944
12/05/2016	601.95	606.5	598.4	605	1703466
13/05/2016	603	605	596.08	603.63	2826032
16/05/2016	605.1	611.83	602.5	607.5	2266939
17/05/2016	610	612.88	604.08	607.13	1898147
18/05/2016	599.5	607	598.95	604.92	2128298
19/05/2016	605.48	608.08	600.5	602.88	1977200
20/05/2016	602.5	609.75	600	600.8	1997274
23/05/2016	601.7	602.58	592.5	594	2292973
24/05/2016	595.53	595.88	588.8	593.88	1742530
25/05/2016	597.05	606.55	597.05	604.33	1928698
26/05/2016	605.05	619.9	605.05	617.08	3068218
27/05/2016	615.8	629.75	615.8	623.75	3090382
30/05/2016	620.75	636	620.75	633.8	2642850
31/05/2016	632.5	633.38	619.5	624.33	6891019
01/06/2016	623.03	634.25	623	629.1	2420267
02/06/2016	627.5	637.45	627	630.78	2526776
03/06/2016	630.03	639.65	630.03	633.45	1999190
06/06/2016	632.45	638.5	630.55	633.38	2112884
07/06/2016	633.5	636.25	627.55	628.7	2846210
08/06/2016	631.98	631.98	617.67	619.05	4370685
09/06/2016	613.13	613.13	590.03	592.75	6370402
10/06/2016	587.7	595	585.05	590.3	3191978
13/06/2016	588.4	592.45	583	590.45	2643361
14/06/2016	591.2	591.2	583.63	587.5	1470364
15/06/2016	591.85	596.33	589.53	594.98	3355786
16/06/2016	594.75	594.75	585.05	593	2651282
17/06/2016	594.5	596.38	587.55	589.75	4257541
20/06/2016	590.5	605.9	589.85	604.38	3114783
21/06/2016	605.6	607.4	597.83	603.05	2380862
22/06/2016	602	605.98	594.08	599.75	1515629
23/06/2016	598.65	607.42	596.67	605.8	1914313
24/06/2016	594	599.5	580	597.28	3904174
27/06/2016	586.03	591.6	580	583.1	2791889
28/06/2016	581.4	586.25	577.55	579.58	3827987
29/06/2016	584.5	589.95	580.1	588.42	2729575
30/06/2016	590.25	592.25	583.98	585.4	4673112
01/07/2016	590	590	585.05	586.2	1995956
04/07/2016	588.1	597.3	588.1	591.98	2690661
05/07/2016	592.5	593.75	585.53	587.73	1798208
07/07/2016	584.35	585.5	577.5	578.63	2977438
08/07/2016	581.5	583.5	576.75	579.1	2775824
11/07/2016	583.7	589.35	580	587.53	3334441
12/07/2016	590	590.17	584	588.28	3098684
13/07/2016	590	597.9	587.6	596.9	2637710
14/07/2016	597.5	598.03	582	588.13	3706664
15/07/2016	594.75	594.95	526	536.28	30742063
18/07/2016	538.63	542.45	527.58	540.98	7166412
19/07/2016	544.3	545	537.05	543.48	5202322
20/07/2016	535	544.95	535	541.55	4911448
21/07/2016	539.5	543.6	537.8	539.95	4334001
22/07/2016	535	539.95	533.35	536.23	4693269
25/07/2016	531.5	541.63	531.5	540.42	4234776
26/07/2016	535.17	544.95	535.17	544.35	3594805
27/07/2016	542.35	548.25	539.28	542.67	3715910
28/07/2016	542.7	543.48	537.03	538.75	5629281
29/07/2016	536.3	538.38	533.25	536.92	4078392
01/08/2016	535.75	543.92	534.17	542.63	4548331
02/08/2016	539.95	542.5	537.5	541.9	3411251
03/08/2016	542.83	543.25	535.15	542.45	3606730
04/08/2016	543.2	543.45	535.03	535.9	2118639
05/08/2016	536	536.73	530	534	2804984
08/08/2016	534.5	540.5	531.28	539.35	2321532
09/08/2016	538.5	542.25	535.75	541.7	3596332
10/08/2016	538	543.95	537.6	541.17	2788227
11/08/2016	540.85	547.5	537.63	538.67	2519276
12/08/2016	537.53	539.4	530	531.28	3724964
16/08/2016	521	529.03	514	525.9	8214704
17/08/2016	524.98	526.33	515.25	516.65	3299658
18/08/2016	518.25	519.55	510.75	511.7	4217000
19/08/2016	515	519.5	509.23	510.65	2843008
22/08/2016	509	515	504.55	507.73	5126759
23/08/2016	510.05	521	510.05	519.83	3703069
24/08/2016	523.5	531.03	523.5	528.7	3064983
25/08/2016	527.5	528.8	516.05	518.08	2398281
26/08/2016	518	523	508.53	510.13	3440527
29/08/2016	508.8	515	505.5	511.4	2610141
30/08/2016	516.23	522.5	512.5	520.2	2187719
31/08/2016	518.55	522.88	513.9	517.92	5569907
01/09/2016	519	520.23	516	518.78	1438913
02/09/2016	519.53	520	513.1	515.92	1666296
06/09/2016	519.13	524.45	517.8	522.5	4107522
07/09/2016	524	529.5	522	527.17	3712735
08/09/2016	522.5	522.5	512	518.83	4546387
09/09/2016	518.5	520.5	513.28	517.75	2526719
12/09/2016	512.63	529	512.63	527	3101548
14/09/2016	526.98	528.9	520.33	522.8	2576209
15/09/2016	522.8	523.4	517.67	521.1	2350861
16/09/2016	524.5	532.25	519.05	530.08	4974692
19/09/2016	523	534.45	520.67	530.6	2904577
20/09/2016	526.65	528.58	522.88	525.08	2107002
21/09/2016	527	530.63	525.53	527.88	2115766
22/09/2016	529.5	530.5	526	529.4	1814757
23/09/2016	528.5	529.4	520	521.28	2602647
26/09/2016	521.38	522	515.5	517.95	3185899
27/09/2016	517.53	524.95	516.67	519.88	3262830
28/09/2016	520	521.15	516.63	519.48	2717354
29/09/2016	522.48	522.48	512	514.6	4451319
30/09/2016	515.55	521.95	515.55	518.03	3251177
03/10/2016	517.75	520	513.05	519.05	1828080
04/10/2016	520	525.7	519.15	524.6	2533293
05/10/2016	524.6	524.92	518.5	520.75	1153787
06/10/2016	522.5	522.5	512.98	513.7	1860941
07/10/2016	514.98	516.9	505.05	506.28	3144279
10/10/2016	508.5	515.88	505	514.98	2706585
13/10/2016	510.7	529	510.7	526.17	4889345
14/10/2016	526.45	541.35	498.13	513.58	16730845
17/10/2016	517.48	520.9	508.68	511.2	4007429
18/10/2016	515	520.25	513.65	519.53	3194067
19/10/2016	521	522.85	518	520.9	1754918
20/10/2016	522.38	525.35	516.9	518.33	1767745
21/10/2016	517.5	520.5	511.25	519.15	1931810
24/10/2016	518.75	521.35	512.75	513.55	1451487
25/10/2016	518.25	519.45	507.6	508.6	2818007
26/10/2016	508.5	509.93	504.65	507.1	1387608
27/10/2016	508.95	508.98	500.55	501.75	3613895
28/10/2016	502.6	505	496.58	498.75	2920353
01/11/2016	503.4	503.4	493.2	494.73	3166399
02/11/2016	492.4	493.75	490	490.53	2688597
03/11/2016	490.53	491	482.55	483.43	2612554
04/11/2016	483.5	489.6	480.5	485.5	3002774
07/11/2016	492.5	493	487.5	488.98	2268836
08/11/2016	493.45	493.88	485.3	491.3	2630554
09/11/2016	465	487.3	450.5	479.15	6382079
10/11/2016	481.25	481.25	467.5	469.7	3643665
11/11/2016	470	472.5	459.35	460.78	3548391
15/11/2016	462	469.98	454.28	461.78	4617925
16/11/2016	465	478.43	464.28	470.45	6111308
17/11/2016	467.13	474.5	463.2	464.9	2853365
18/11/2016	465	466.63	458.75	460	3020114
21/11/2016	463.45	463.45	453.48	455.55	3970284
22/11/2016	458.45	464.33	455.83	457.1	2741563
23/11/2016	461.05	461.45	456.23	460.13	4125893
24/11/2016	464.1	469.95	461.65	465.15	8390322
25/11/2016	465.23	492.5	465.23	488.75	6315690
28/11/2016	489.65	491.73	485.3	489.88	3682856
29/11/2016	489.4	492.35	483.55	486.3	3062753
30/11/2016	486.5	488.5	480.53	487.78	4250459
01/12/2016	488	491.78	483.5	487.8	2305795
02/12/2016	482.4	484.8	480.55	482.25	2226614
05/12/2016	482.95	484.3	479	480.83	1829788
06/12/2016	480.9	489.75	480.83	483.25	1781055
07/12/2016	484	486.5	480.1	483.2	1692990
08/12/2016	485.03	493.05	485.03	492.33	2970831
09/12/2016	492.5	504.08	490.75	494.68	4324192
12/12/2016	491.4	491.4	482.6	488.68	2672510
13/12/2016	490.25	496.43	485.55	495.1	2427141
14/12/2016	495.5	502.48	492.05	499.88	2691307
15/12/2016	498.7	509.48	494.5	496.18	3983208
16/12/2016	501.9	504.85	498.88	502.58	3218371
19/12/2016	503.05	504.13	497.05	502.33	2062067
20/12/2016	501	509.5	500.65	506.08	3818249
21/12/2016	508	511	499.13	500.78	3671988
22/12/2016	501.25	503.5	484.75	492.35	3530027
23/12/2016	492.45	503.3	486.8	494.23	3653018
26/12/2016	494	497	487.55	491.38	1606914
27/12/2016	491.38	500.95	490	499.48	2456408
28/12/2016	501.48	504.9	497.5	499.25	2738408
29/12/2016	501.88	504	494.08	496.18	3120062
30/12/2016	499	506	496.38	505.3	3633884
02/01/2017	505.55	506.48	499.68	500.55	1167611
03/01/2017	502.05	502.45	491	496.93	3389241
04/01/2017	497.53	502.1	496.13	498.88	3536793
05/01/2017	500.8	504.75	494.38	498.08	4103537
06/01/2017	497.45	499.43	484.03	486.13	7196724
09/01/2017	486.13	488.48	482.5	485.18	5272846
10/01/2017	488.5	490.5	483.98	485.28	5969927
11/01/2017	487.1	489.23	481.98	484.7	6120787
12/01/2017	488.78	502.2	488.78	500.03	5927870
13/01/2017	515	520	481.35	487.9	15638123
16/01/2017	482.5	482.73	476.23	477.83	6175686
17/01/2017	478.13	482	476.2	477.7	2780047
18/01/2017	479.05	480.5	474.9	475.4	2976481
19/01/2017	475.5	479.8	474.05	479.05	4438240
20/01/2017	475	476.58	473	474.35	4562371
23/01/2017	472.5	479	470	476.35	3974290
24/01/2017	475	475	470.05	472.78	3413005
25/01/2017	473.05	473.4	467.4	468.3	4989045
27/01/2017	466.93	473.78	450.58	471.08	5317569
30/01/2017	468.75	475.75	464.43	474.68	5684604
31/01/2017	470.75	470.75	452.18	464.3	12034267
01/02/2017	460.55	461.6	452.58	458.38	5765891
02/02/2017	458.5	472.5	455.05	467.95	5914134
03/02/2017	466.9	470.45	460.53	468.05	4211979
06/02/2017	468.63	471.88	465.28	467.63	3363967
07/02/2017	466.5	474.9	464.28	471.13	4634001
08/02/2017	468	472.05	466.23	468.25	3159981
09/02/2017	468.5	475	468.28	473	5953633
10/02/2017	473.13	486	471.65	484.15	6126226
13/02/2017	486.43	493.05	481.43	492.18	6862134
14/02/2017	490	494.5	486.18	493.85	4669409
15/02/2017	494.6	499.4	484.4	490.9	3629743
16/02/2017	495.5	506.95	495.03	506.05	6407929
17/02/2017	506.88	506.88	496.35	500.05	2425604
20/02/2017	498.25	515.5	496.75	505.13	2325331
21/02/2017	511.05	512.25	500.03	506.8	3806998
22/02/2017	507.5	507.5	493.2	495.08	3303919
23/02/2017	499.45	510	496.68	504.43	4771328
27/02/2017	503.65	511.5	503.48	506.2	2664348
28/02/2017	505.93	511.35	504.63	506.2	2970066
01/03/2017	506	513.5	505.05	512.58	2141224
02/03/2017	512.2	514	508.25	511.65	1474249
03/03/2017	505.13	517.15	500.2	515.6	2700806
06/03/2017	510.03	517.98	509.85	516.95	2643193
07/03/2017	511	512.9	507.35	509.9	2322248
08/03/2017	508.45	508.45	502.23	503.9	3089588
09/03/2017	503.9	506.5	499.5	505.78	1740315
10/03/2017	507.5	513.83	506.7	510.93	2275162
14/03/2017	511.4	520.95	511.4	517.4	3939198
15/03/2017	517.45	517.45	503.75	505.98	3186989
16/03/2017	506.65	515.85	506.65	514.42	3351478
17/03/2017	517.7	521.45	509.63	520.15	4753923
20/03/2017	513.28	513.28	507.55	510.75	2213694
21/03/2017	510.45	517.48	509.4	516.42	2434792
22/03/2017	511.23	519.98	510.2	513.85	1995426
23/03/2017	514.13	521.5	513.3	520.23	2250831
24/03/2017	519	522	513.85	515.7	2441948
27/03/2017	513.6	520.92	512.25	514.42	3842412
28/03/2017	515.75	519.5	515.03	517.58	2398398
29/03/2017	517.15	520.75	512.92	515.92	3490593
30/03/2017	517	517.95	510.13	512.75	6078590
31/03/2017	511.63	514.65	504	511.13	7076927
03/04/2017	516.08	516.23	503.05	504.4	2157800
05/04/2017	502.5	502.7	495.5	497.98	3699169
06/04/2017	499.08	502.9	496	499.8	2689504
07/04/2017	500.45	500.45	489.5	490.78	3202254
10/04/2017	492.45	494.75	475.05	476.7	4764236
11/04/2017	478.03	485.85	478.03	483.58	4327733
12/04/2017	485	488.45	480.18	484.43	3348376
13/04/2017	485	495	463.33	465.7	15486594
17/04/2017	465	466.05	461.75	462.45	3606717
18/04/2017	462.38	467	459.55	461.33	2323759
19/04/2017	461.5	465	456.33	459.6	5035851
20/04/2017	460.75	464.85	459.28	463.65	2274500
21/04/2017	467.4	467.4	460.55	461.85	1788733
24/04/2017	458.75	464.25	456.5	463.28	2778333
25/04/2017	462.95	466.5	460.28	464.68	2368530
26/04/2017	464.98	467.78	455.1	457.13	4542248
27/04/2017	458	464.5	458	462.63	3898604
28/04/2017	463.43	463.7	457.8	459.48	2514851
02/05/2017	462	463.2	457.55	461.3	1615563
03/05/2017	463.25	469.55	458.83	467.15	2329724
04/05/2017	468.5	469.83	464.45	468.83	2639903
05/05/2017	468	468.68	460	465.75	2216394
08/05/2017	469	474.28	466	472.75	2353549
09/05/2017	475.3	475.98	471.05	473.33	2824686
10/05/2017	473.58	475	468.58	471.83	1682151
11/05/2017	473.43	474.93	468.78	472.05	1614741
12/05/2017	476.5	483	475.73	482.13	5489998
15/05/2017	481.75	481.75	474.55	475.78	3648582
16/05/2017	476.55	480.08	473.48	477.5	3065084
17/05/2017	475.8	479.23	471.93	476.4	1457754
18/05/2017	471.5	486.95	471.43	480.88	4028924
19/05/2017	480.75	481.35	473.93	478.98	2128698
22/05/2017	479.2	483.45	478.28	480.73	2751526
23/05/2017	482.33	483.5	477.05	478.65	2019991
24/05/2017	480	482.75	474.8	477.4	2818143
25/05/2017	480.5	493.3	480.5	491.65	5219257
26/05/2017	493.5	500	490.3	497.85	2494002
29/05/2017	495.45	498.35	487.85	492.58	3154217
30/05/2017	491	500	489.33	498.1	1858455
31/05/2017	496.78	496.78	487.43	488.53	3881950
01/06/2017	484.65	489.85	479.28	485.7	2754303
02/06/2017	486.7	487.73	482.1	484.73	1958983
05/06/2017	485	486	478.53	479.38	2731349
06/06/2017	482.5	493.75	482.2	489.68	3504343
07/06/2017	492.5	494.45	472.5	480.65	6227523
08/06/2017	481.48	481.48	474.08	478.23	3097676
09/06/2017	469.28	475.48	461.5	474.3	7378831
12/06/2017	471.68	482.6	470.05	481.93	4295838
13/06/2017	476.75	481.48	475.8	478.9	2468897
14/06/2017	480	480.95	475.6	479.3	3719055
15/06/2017	479.83	483.98	474.8	476.05	2764031
16/06/2017	474.55	476.93	468	470.13	5474225
19/06/2017	469.98	470.13	464	464.93	3427930
20/06/2017	467.5	473.45	467.03	471.78	2592198
21/06/2017	472.5	474.5	468.03	471.68	1867932
22/06/2017	473.85	484.35	467.55	470.08	4732621
23/06/2017	472.5	474.58	469	471.63	3201509
27/06/2017	472.5	474	461.88	463.53	3452330
28/06/2017	466.4	466.5	460.5	462.35	2952612
29/06/2017	465.1	473.98	463.3	465.1	7957020
30/06/2017	465.4	469	464.5	467.78	2108350
03/07/2017	470.55	477.5	467.3	475.95	2544462
04/07/2017	476.93	485	474.7	481.08	2583863
05/07/2017	479.5	479.5	472.7	475.45	2113114
06/07/2017	472.5	478.5	472.1	473.5	1914860
07/07/2017	471.93	472.73	466.53	467.7	2888443
10/07/2017	471.6	479.9	470	478.53	732188
11/07/2017	478.33	494.75	478.33	487.68	5769854
12/07/2017	487.48	490.75	484.38	486.18	3137988
13/07/2017	488.63	491.73	482.05	488.53	2585196
14/07/2017	499.73	503.43	483.03	486.03	11239090
17/07/2017	487.5	496	487	492.03	3849125
18/07/2017	493.03	502.4	490.55	492.8	4130090
19/07/2017	490.73	494.33	484.55	489.93	2945139
20/07/2017	489.65	489.93	483.48	484.73	3404870
21/07/2017	486.5	491.28	485.7	490.05	2990377
24/07/2017	491.75	497	491.3	495.28	3064588
25/07/2017	495	499.5	493.1	496.93	3572807
26/07/2017	499.05	499.5	495.2	497.03	3435012
27/07/2017	498	502	483.4	485.53	6338426
28/07/2017	488	501.5	481.15	498.68	5549214
31/07/2017	495.95	510.85	493.38	505.6	9579124
01/08/2017	505.5	508.5	499.18	502.78	3844699
02/08/2017	503	506.38	493.6	496.68	2128792
03/08/2017	495.5	499.38	490.13	492	2320174
04/08/2017	494	494.5	488.03	491.88	2674509
07/08/2017	491.75	491.88	482.85	484.13	3036872
08/08/2017	484.25	485.13	477.53	481.93	3002324
09/08/2017	483.83	486.95	482.28	484.68	1961205
10/08/2017	484.95	493.75	484.68	490.63	4570342
11/08/2017	488	498.5	484.8	493.85	3272078
14/08/2017	494	494.6	488.58	490.73	1908235
16/08/2017	491	493.05	484.5	487.6	3089040
17/08/2017	502.5	514.63	499.03	510.43	12892130
18/08/2017	508.95	508.95	442.1	461.63	82202480
21/08/2017	462	462	435	436.7	45203588
22/08/2017	447.6	448.53	430	437.7	24621299
23/08/2017	440	451.85	436.95	446.4	30642095
24/08/2017	455	459.13	451.18	456.08	21190262
28/08/2017	471.98	476.98	469	470.5	20356054
29/08/2017	470.73	471	462.78	463.73	6684696
30/08/2017	468.6	469.5	462.05	463.33	8074832
31/08/2017	464.4	464.48	456.45	457.48	7511226
01/09/2017	457.98	462.95	455	459.98	4216961
04/09/2017	460.5	460.55	446.75	450.1	5088554
05/09/2017	451	452.5	448.63	450.95	4891696
06/09/2017	450	450.15	445	447.8	3867955
07/09/2017	450	450.25	446.18	447.88	3120596
08/09/2017	449.5	449.5	441.05	442.15	4302271
11/09/2017	445.2	445.9	436.83	439.35	6893821
12/09/2017	441.28	443.88	439.4	442.03	8620677
13/09/2017	442.75	443.8	440.5	441.88	5739114
14/09/2017	442.25	448.3	440.8	446.2	6849003
15/09/2017	446.15	456.63	446.1	454.13	6729730
18/09/2017	455	458.88	453.15	454.55	4237930
19/09/2017	454	458	451.75	456.13	3016665
20/09/2017	458.5	458.5	453.73	456.35	2883915
21/09/2017	457.5	457.63	454.08	454.78	4102076
22/09/2017	454.08	455.13	444	449.15	8802044
25/09/2017	450.5	450.98	444.55	447.68	4544350
26/09/2017	448.5	454.2	447.15	452.95	3683239
27/09/2017	453.05	453.95	447.55	449.9	3000069
28/09/2017	448.05	451.95	447.15	448	8768633
29/09/2017	449	451.2	447.5	449.95	2852916
03/10/2017	455.05	456	450.8	451.78	2473761
04/10/2017	451.5	452.7	448.58	449.8	2495746
05/10/2017	450	452.48	449.5	451.53	4305650
06/10/2017	452	461	451.98	460.08	4287154
09/10/2017	460	464.5	457	461.95	1752416
10/10/2017	469.98	469.98	464.78	467.73	3571610
11/10/2017	467.73	469	464	465.35	2991252
12/10/2017	465	467.18	459.78	463.65	5140486
13/10/2017	466.4	466.75	463.78	465.05	3590364
16/10/2017	467.98	471	466.5	469.5	2879375
17/10/2017	468.4	468.4	464.75	465.25	2812551
18/10/2017	464.45	465	461.48	462.18	3615926
19/10/2017	465	466	462.6	463.88	545717
23/10/2017	465	471	464.05	469.75	4577048
24/10/2017	473	473.33	460.8	463.25	7264664
25/10/2017	459.5	472.35	457.63	467.65	6992067
26/10/2017	471	475.9	470.05	473.68	16829629
27/10/2017	477.5	478.85	472	473.18	4262478
30/10/2017	477.33	477.33	470.53	472.05	6484163
31/10/2017	462.5	465	460	460.93	4977494
01/11/2017	462.5	464.7	461.65	463.53	2816567
02/11/2017	461.53	463	460	461.45	2343069
03/11/2017	458.5	464.95	458.48	463.33	1849543
06/11/2017	461.58	467.5	461.33	464.35	2533267
07/11/2017	463.13	480	462.93	477.75	6721410
08/11/2017	480.13	480.93	473.75	476.15	2684997
09/11/2017	476.5	481.5	474.13	477.25	2361616
10/11/2017	479.4	482.18	475	481.03	3294714
13/11/2017	481.03	484.7	474.68	475.98	2510608
14/11/2017	475.98	477.43	471.63	474.55	2866855
15/11/2017	472.58	476.75	472.25	475.9	3511758
16/11/2017	475.9	497.95	474.25	494.2	7843751
17/11/2017	492.75	492.75	482.58	485.48	4028835
20/11/2017	484.5	485.5	478.63	480.28	2830595
21/11/2017	480.65	485.75	480.03	483.13	2682328
22/11/2017	483.3	485.53	481.65	483.15	3042460
23/11/2017	485.75	497.23	484.5	495.63	5947309
24/11/2017	495.45	509.65	495.1	504.78	9309956
27/11/2017	503.35	503.35	496.65	499.38	3008865
28/11/2017	497.2	499.95	490.65	492.35	2308434
29/11/2017	493.83	495.98	490.15	491.35	1919035
30/11/2017	494.73	494.73	484.18	488.05	8633472
01/12/2017	489.7	491.6	478.53	479.4	2042500
04/12/2017	490	498.4	484.28	492.68	8905803
05/12/2017	492.68	501.5	489.5	492.18	4988369
06/12/2017	492.5	497.05	492	495.15	3745047
07/12/2017	494.5	501.45	492.8	499.93	3774772
08/12/2017	500.5	503.5	497.5	500.93	2991622
11/12/2017	497.48	503.45	496.98	502.65	2569549
12/12/2017	501	507	501	505.25	4660217
13/12/2017	505.45	509.5	498.83	501.88	2681199
14/12/2017	502.63	507.5	499.65	506.55	3011786
15/12/2017	506.5	513.2	505.93	511.45	5192067
18/12/2017	505.95	515.35	502.9	508.3	2017724
19/12/2017	508.73	508.98	499.78	501.98	3559449
20/12/2017	502.55	509.3	500.5	507.93	2093163
21/12/2017	507.4	514.48	499.2	511.03	5529581
22/12/2017	508	522.4	508	519.67	6453470
26/12/2017	515	520.75	511.5	517.8	5404453
27/12/2017	514	519.55	513.7	517.13	3485086
28/12/2017	515	520	511.9	516.63	4216736
29/12/2017	515.05	524.4	515	521.03	3300884
01/01/2018	518.85	522.25	515	516.78	2715670
02/01/2018	518.63	521	511.5	514.85	3056124
03/01/2018	514.25	515.8	509.3	510.65	3423276
04/01/2018	510.5	510.5	504.8	507.7	4473807
05/01/2018	507.65	513.2	503	506	5512988
08/01/2018	512.45	519.5	510.03	518.03	2797345
09/01/2018	520	522.45	514.45	520.67	4974118
10/01/2018	523.4	528	516.53	526.13	4734317
11/01/2018	527.63	541.7	527.63	537.9	8387735
12/01/2018	542.9	542.95	535.28	539.23	9008264
15/01/2018	540	546.48	532.55	540.58	5324625
16/01/2018	540.63	567.4	540.63	561.42	11323483
17/01/2018	562.42	580.9	561.5	576.05	13077044
18/01/2018	572.5	582.45	566.05	576.35	6602485
19/01/2018	572.5	573.95	568	571.73	2994139
22/01/2018	566.08	578.48	566	575	4825107
23/01/2018	577.5	594	577.5	588.55	7701898
24/01/2018	587.4	610.53	583.75	592.9	10302359
25/01/2018	591	591.7	581.13	587.7	6774457
29/01/2018	583.28	598.13	582.6	591.45	5411501
30/01/2018	589.45	591.55	581.35	585.33	4314156
31/01/2018	579.58	583.3	571.08	575.13	4606849
01/02/2018	571.1	578.95	559.28	572.3	6502727
02/02/2018	567.63	581.45	565.05	571.63	5122243
05/02/2018	570	577.42	567.92	569.1	4930110
06/02/2018	549.98	564.17	547.58	553.88	5276039
07/02/2018	558	562.4	551.78	554.53	4171028
08/02/2018	561.4	573.2	558.28	567.13	4403622
09/02/2018	559	560.15	553	554.58	2191345
12/02/2018	557.4	560.3	548.9	551.4	3145986
14/02/2018	553	558.65	545.1	548.88	4172856
15/02/2018	551.5	564.85	551.5	557.23	3993368
16/02/2018	562.5	570.83	559.05	564.03	4944611
19/02/2018	564.2	568	560.15	565.88	3230920
20/02/2018	551.88	574.75	551.88	568.48	3594297
21/02/2018	573.75	575.95	570	573.7	6885679
22/02/2018	572.78	582	570.23	580.38	8929987
23/02/2018	581.75	583	573.38	577.83	4729914
26/02/2018	575.5	577.53	567.17	569.3	2541804
27/02/2018	572.48	576.83	562.83	575.1	3308013
28/02/2018	573.8	594.75	571.28	586.3	8634208
01/03/2018	584.8	584.8	578.03	580.38	3289926
05/03/2018	580.38	585.4	571.63	577.95	4050728
06/03/2018	581.28	582.7	571.8	575.67	3344867
07/03/2018	577.5	580	569.03	572.05	3185208
08/03/2018	574.5	582.9	574.5	578.33	3046507
09/03/2018	581.17	583	577.78	581.7	2110482
12/03/2018	588	595.92	585.88	592.88	3838485
13/03/2018	590.1	598.5	587.58	591.9	4290526
14/03/2018	590	595.3	584.55	590.4	2214855
15/03/2018	590	594.2	586	591.25	3050750
16/03/2018	591	591.2	584.63	585.95	8977413
19/03/2018	582	590.25	571.33	573.38	3763310
20/03/2018	574.3	585	574.3	582.28	4276883
21/03/2018	585	587.75	581.1	583.75	3846497
22/03/2018	582.25	588.73	577.65	580.65	3406584
23/03/2018	573.5	586.9	571.17	583.8	6004042
26/03/2018	583.45	583.45	572	577.63	4465361
27/03/2018	580	580.65	575.05	577	1901044
28/03/2018	575.38	575.38	563.13	565.9	6279161
02/04/2018	570.5	574.78	560.65	568.58	4036351
03/04/2018	567.35	571.78	564.05	570.23	2038584
04/04/2018	572	572.28	560	562.1	2406651
05/04/2018	569.78	575.65	564.55	573.78	3881772
06/04/2018	571.5	573	561.05	563.5	2968871
09/04/2018	562.5	562.9	553.28	555.63	3601441
10/04/2018	556	562.25	552.7	556.7	4463029
11/04/2018	559	565.75	558.25	562.13	4512787
12/04/2018	564.73	586.38	562.5	581.3	8522183
13/04/2018	587	592.95	575.13	585.73	10613519
16/04/2018	551	570	551	566.6	12372542
17/04/2018	563.5	563.7	557.5	562.6	5198970
18/04/2018	561.42	567.38	556.92	562.98	5215190
19/04/2018	562	569.9	561.55	566.42	4262771
20/04/2018	569.5	596.85	568.48	589.23	12136346
23/04/2018	584	607.2	577.63	593.85	10915319
24/04/2018	592.5	598.2	575.05	577.25	4263108
25/04/2018	576	585.5	572.6	580.17	5797089
26/04/2018	587	590.83	580	588.23	5651042
27/04/2018	590	595.8	587.1	592.6	3831685
30/04/2018	590.85	603.98	590.33	599.75	2755839
02/05/2018	599.45	600.8	590.5	598.53	5147521
03/05/2018	598.63	602.35	588.05	591.28	2666115
04/05/2018	592.5	593	577.5	586.55	3011684
07/05/2018	590.63	595	587.75	591.5	2319480
08/05/2018	588.95	588.95	580.53	582.78	2859278
09/05/2018	583.75	588.45	581.5	585.35	1891752
10/05/2018	588	591.5	581.42	584	1591431
11/05/2018	586.15	591.6	583.03	590.38	1655853
14/05/2018	592.17	595.75	585	594.65	2216047
15/05/2018	594.05	604	594.05	597.28	2805987
16/05/2018	593.63	599	592.25	594.98	3102502
17/05/2018	598	598.73	586.78	591.45	4759799
18/05/2018	591.5	593.28	586.5	591.6	3569830
21/05/2018	589.78	594.2	585	589.75	4237660
22/05/2018	587.5	599	586.95	596.92	2818402
23/05/2018	597.5	603.83	590.75	592.45	4769221
24/05/2018	599	613.78	599	610.5	4870285
25/05/2018	615.05	624.33	610.4	614.15	4450719
28/05/2018	615.5	616.3	603	607.2	2869897
29/05/2018	607.03	613.28	603.1	608.35	1694467
30/05/2018	608.5	614.38	602.8	605.85	3161533
31/05/2018	605.85	621	605.13	615.9	9860170
01/06/2018	615.2	623.13	608.6	610.4	2499178
04/06/2018	610.55	621.5	606	619.7	2135078
05/06/2018	621	621	608.5	610.42	2355431
06/06/2018	612.6	620.78	610.03	618.73	2019092
07/06/2018	619	629	619	626.23	3338113
08/06/2018	624	631	623.03	630.03	3229939
11/06/2018	632.78	635	627.53	631.2	2585645
12/06/2018	632.88	635.63	625.23	629.25	3919910
13/06/2018	633.4	642	633.4	637.4	2883464
14/06/2018	626.5	626.5	617.05	619.85	3799424
15/06/2018	618.5	645.75	617.5	640.63	9978880
18/06/2018	642	645.63	631.17	633.7	4107423
19/06/2018	631.5	631.7	619.03	620.8	3772850
20/06/2018	624.25	626.17	619	621.58	2685901
21/06/2018	622.98	628.25	618	623.28	2899395
22/06/2018	621.5	627.75	620.6	623.92	2171559
25/06/2018	628.58	639.4	627	636.23	3865589
26/06/2018	634.5	641.95	633.13	638.92	2241752
27/06/2018	641.98	646.73	632.8	635	3476071
28/06/2018	638.15	649	638.13	644.8	5498409
29/06/2018	649.03	657.5	641.63	653.6	4983300
02/07/2018	657	670	657	667.35	2415072
03/07/2018	665.95	678.95	665.88	676.88	4063726
04/07/2018	676.03	676.33	669.43	672.6	2512861
05/07/2018	673.55	673.63	634.05	642	8509951
06/07/2018	645.13	650.92	634.5	642.13	5607678
09/07/2018	648.5	651.5	639.53	649.42	3322499
10/07/2018	654.25	657.73	647.15	650.7	2987244
11/07/2018	658.78	671.05	645.67	660.23	5949916
12/07/2018	663.05	663.55	642.23	647.17	6636120
13/07/2018	657.5	665.8	649.17	658.7	9748079
16/07/2018	658.7	692.2	643.85	666.43	17672340
17/07/2018	664.85	674.75	656.35	663.95	5580845
18/07/2018	669.9	671.7	657	661.28	3459508
19/07/2018	661.5	665.95	654.55	658.35	2559432
20/07/2018	663	683.58	660.65	674.05	5852869
23/07/2018	676.08	684	668.13	677.98	3837851
24/07/2018	687.2	691.2	678	688.58	3086123
25/07/2018	689.5	696.9	682.73	691.88	3468461
26/07/2018	689.28	695.2	684.6	686.63	3681109
27/07/2018	686.6	694.5	684.15	686.73	3246616
30/07/2018	685	686.5	674	675.5	3204985
31/07/2018	674.28	685	667.78	682.55	3971998
01/08/2018	681.9	684.23	675.5	677.03	2337853
02/08/2018	679.8	683.38	675.08	676.83	2970371
03/08/2018	683.1	683.1	678	682.05	1985195
06/08/2018	683.03	687.5	673.75	680.33	3089465
07/08/2018	687	689.98	680.33	683.98	3675764
08/08/2018	685.9	686.25	676.65	681.38	1996179
09/08/2018	686.83	694.73	686.83	689.98	3204762
10/08/2018	692.9	694.5	686.53	692.73	2389760
13/08/2018	695	704.93	689.35	704.38	4989873
14/08/2018	706.98	712.28	702	704.15	3075660
16/08/2018	707.48	717.45	705.63	714.78	3313387
17/08/2018	715.45	718.83	711.5	715.18	3195204
20/08/2018	694	703.98	686.75	692.13	8050938
21/08/2018	695	698	686.88	691.98	4180741
23/08/2018	696.5	700.75	692.68	698.7	3858591
24/08/2018	698.25	700.95	688.05	689.15	3526500
27/08/2018	691.5	709.98	690.7	707.7	3506475
28/08/2018	708.6	719.2	705.75	712.35	3248445
29/08/2018	716.8	716.8	702.58	705.05	2823248
30/08/2018	706.4	710.78	698.08	708.1	5753981
31/08/2018	712.55	727.15	710.55	720.55	5437932
03/09/2018	724.5	733.95	715	717.13	5488164
04/09/2018	722	748.5	716	737.15	15370124
05/09/2018	741.95	744.05	725.4	729.9	8658978
06/09/2018	732.55	735.5	724.1	727.15	5598659
07/09/2018	734.35	735.15	723.8	732.8	6510605
10/09/2018	737.75	747	729.4	730.85	5629871
11/09/2018	735.9	744.75	732	734.3	6963561
12/09/2018	744.4	746.5	736.25	742.9	4636617
14/09/2018	741.9	745	729.05	733.7	7896514
17/09/2018	735	740	724.6	725.95	5427054
18/09/2018	730	730	717	719.1	7729732
19/09/2018	727	727	713.2	719.75	4849498
21/09/2018	713.85	717.4	692	705.3	14350769
24/09/2018	706.5	729.95	706.5	718.25	8637881
25/09/2018	718.25	736	717	726.2	9602273
26/09/2018	731.2	731.85	712	717.85	6599606
27/09/2018	722	730.8	717.45	724.8	14592616
28/09/2018	721	734.55	715.2	730.05	7490031
01/10/2018	737.5	754.9	733	746.65	8252398
03/10/2018	743.8	751.95	726.3	728.5	7792464
04/10/2018	728.5	729.75	702.5	707.2	6173037
05/10/2018	713	731.5	709.3	724.6	8543578
08/10/2018	725.05	728.7	709.25	714.45	7259306
09/10/2018	717.1	722.4	702.65	717.75	6777212
10/10/2018	719.9	719.9	695.4	700.45	8866251
11/10/2018	685	692.9	663.3	673.35	10985897
12/10/2018	676.4	684.05	661.5	678.8	8909221
15/10/2018	688.6	705	681.5	698.8	6222176
16/10/2018	710	713.9	689.4	695.25	11588963
17/10/2018	710	721.8	701.35	705.35	20360697
19/10/2018	687	687.7	678	683.55	10421001
22/10/2018	688.7	695.05	673.8	679.95	6672840
23/10/2018	675.95	682	653.3	657.6	9041701
24/10/2018	663	666.5	647.15	649.8	7058164
25/10/2018	643	656.35	636.25	648.75	8270469
26/10/2018	645.3	648.7	629.9	633.6	5464141
29/10/2018	633.7	650.55	631.5	644.75	7137446
30/10/2018	641.1	663.8	637.45	659.6	8793411
31/10/2018	663.9	692.95	663.05	686.4	11947995
01/11/2018	689.7	689.7	659.6	666.7	5860244
02/11/2018	665.95	675.8	660.1	662.25	6654067
05/11/2018	663.5	668.6	657	663.7	5799426
06/11/2018	667.9	675	660.65	666.45	6975525
09/11/2018	679	679	655.5	659.5	9694143
12/11/2018	666	676.4	662.3	664.2	7118080
13/11/2018	663.5	667.75	656.3	665.7	4137808
14/11/2018	665.7	665.7	640.5	653.2	7323026
15/11/2018	654	666	646.7	656.4	5513390
16/11/2018	659.9	662.5	644.2	650.85	8583785
19/11/2018	659	662	649.25	651.7	6018930
20/11/2018	651.7	656	640.1	641.4	5384830
21/11/2018	640	640.05	612.1	619.1	14359086
22/11/2018	622.25	628.15	616.75	620.75	6632975
26/11/2018	621	628	599.85	621.45	15075209
27/11/2018	625.5	641	625.3	638.9	12285851
28/11/2018	640.95	668.7	640	666.4	17719890
29/11/2018	671	674.9	658.8	661.05	13399070
30/11/2018	661	672	660.95	667.45	10445773
03/12/2018	673.15	679	665.95	670.35	8260890
04/12/2018	672.55	688.25	671.3	685.25	7827923
05/12/2018	683	683.65	672.5	681.4	5177288
06/12/2018	676.1	685.45	664.55	668.5	8039771
07/12/2018	672	685.75	665.6	682.8	5553948
10/12/2018	669.9	683.8	665.2	669.2	5121196
11/12/2018	669.2	681.9	660.6	674.5	7120933
12/12/2018	677.1	680.65	670.6	678.5	6926183
13/12/2018	682	700	680	697.75	7521474
14/12/2018	697.45	713.7	694.4	706.05	9560576
17/12/2018	711.85	711.85	692.75	694.4	4778465
18/12/2018	686.5	686.5	674.55	676.6	8021298
19/12/2018	671.55	671.55	661.1	664.85	8295459
20/12/2018	660	671.55	656.4	667.05	11705260
21/12/2018	659.5	659.5	643.45	646.2	12802132
24/12/2018	657	658.8	647.6	649	8379825
26/12/2018	647	647	637.35	644.05	6178552
27/12/2018	652.75	663.25	649	656.8	15333902
28/12/2018	663.35	663.5	653.3	656.95	4736598
31/12/2018	660	662	655.8	658.95	3373319
01/01/2019	660.95	666.3	654.15	665.05	2943390
02/01/2019	666	674	662.05	669.05	7416655
03/01/2019	672	677	663.1	669.15	6827249
04/01/2019	671.75	673.9	651	661.05	7889310
07/01/2019	665	673.6	661.5	671.7	8046340
08/01/2019	674.95	677.45	668.55	670.05	8621545
09/01/2019	686.2	689.8	664	676.1	18130292
10/01/2019	681.6	682	672.55	679.7	9572493
11/01/2019	680.2	685.5	672.5	683.5	12281903
14/01/2019	707	710.2	695.95	701.9	19312937
15/01/2019	707.2	730	707.2	726.6	19671304
16/01/2019	729.9	737.8	728.5	736.8	9658944
17/01/2019	735.8	739	729.1	733.35	6903771
18/01/2019	730	736.2	726.3	730.95	5902151
21/01/2019	738.2	751	734	745	8129422
22/01/2019	741.25	749	734	745.35	6723375
23/01/2019	742.35	742.6	729.2	731.65	7212099
24/01/2019	728.1	736.1	721	732	7429783
25/01/2019	728	737.9	724.25	730.35	5543112
28/01/2019	731	732.6	719	727.95	7944693
29/01/2019	725.5	732.85	716.5	727.9	6760819
30/01/2019	727.9	734.8	721.1	725.9	5763026
31/01/2019	726	751.3	726	749.55	13825233
01/02/2019	751.35	762.5	744.5	757.05	6276585
04/02/2019	757	762.5	749.2	755.9	3945391
05/02/2019	747	759.95	747	754.85	4694366
06/02/2019	755.55	766.95	754.35	763.3	5880482
07/02/2019	763.05	769.45	761	764	3961797
08/02/2019	760	772.25	754.9	760.9	5915169
11/02/2019	766.9	768.75	759	762.8	5500216
12/02/2019	760.35	760.35	741	750.45	7310690
13/02/2019	750.1	759.7	743.65	754.9	5050182
14/02/2019	751	753	737.25	740.05	4610535
15/02/2019	742.3	746.5	732.6	741.95	5586389
18/02/2019	742.35	747.65	736	741.05	5346825
19/02/2019	739.1	740.55	721.3	724.3	9401334
20/02/2019	727	743	726.05	740.7	5210675
21/02/2019	738	738	727.1	733.45	7202786
22/02/2019	732.5	738.2	728	734.95	3750833
25/02/2019	735.55	758	735.55	754.9	6547552
26/02/2019	748.6	752.6	740.15	742.5	8319610
27/02/2019	745	746.4	732.75	735.25	5936354
28/02/2019	738.7	742.4	732.3	734.3	8559921
01/03/2019	735.5	743.4	735.5	741.9	3998826
05/03/2019	740.5	742.5	730.25	732.5	4826505
06/03/2019	736.1	736.1	727	732.5	6076668
07/03/2019	734	734.5	720.55	722.95	5951551
08/03/2019	722.95	722.95	710.65	712.35	7193994
11/03/2019	713.3	718.5	709.4	711.25	9932198
12/03/2019	709	714.95	705.6	706.95	11997387
13/03/2019	710	718.6	706.3	708.45	11348867
14/03/2019	714	714.9	706.2	708.35	6415187
15/03/2019	712	723.75	709.6	718.55	14638664
18/03/2019	721.55	723.7	705.35	710.2	8065544
19/03/2019	712.8	726.5	707.4	722.25	8917337
20/03/2019	727.25	742.3	727.15	738.95	13471173
22/03/2019	745	746.35	732.3	743.1	8883260
25/03/2019	742.4	742.4	730.55	735.25	7644966
26/03/2019	735.25	735.25	719.1	727.75	9406261
27/03/2019	730	732.3	727.15	729.7	7387487
28/03/2019	730	745	730	737.8	9277241
29/03/2019	743.9	747.95	740	743.85	6924061
01/04/2019	742	760	742	755.1	6584982
02/04/2019	759	765.8	754.6	759.4	7283600
03/04/2019	756	758.5	746.8	753.3	6897127
04/04/2019	751.4	753.8	745.1	747.9	7688525
05/04/2019	750.9	760.95	748	759.3	6276040
08/04/2019	763.05	770	755.4	767.25	4919911
09/04/2019	770	773	758.2	760.6	6730692
10/04/2019	764	766.7	751.3	752.7	7031088
11/04/2019	751.75	751.75	740.05	742.7	8200995
12/04/2019	743.1	751.55	740.6	747.75	7043212
15/04/2019	724.7	731.35	712.6	727.5	31574803
16/04/2019	727.9	727.9	714.1	724.1	12524411
18/04/2019	722.5	722.5	712.75	717.05	13801105
22/04/2019	717.05	725.75	715	721.05	6455426
23/04/2019	723.9	730	718.4	728.2	5516668
24/04/2019	728.2	737.9	724	736.45	8285120
25/04/2019	736.45	737.65	727.05	728.55	8005235
26/04/2019	731	739.8	729	738	6895168
30/04/2019	738	753.8	738	751.35	9920046
02/05/2019	747	748.4	729.5	730.8	6351352
03/05/2019	722.9	731	718.2	723.6	6348116
06/05/2019	715	721.8	710.65	718.4	8858265
07/05/2019	720.4	727.9	718.7	724.55	5747536
08/05/2019	721	726	716.5	719.35	6247642
09/05/2019	719.15	730.3	715.8	721.05	7396525
10/05/2019	720.8	726	715	716.85	8352335
13/05/2019	716.55	726.45	712.1	719.7	6808993
14/05/2019	716.5	717.75	703.6	713.85	10513001
15/05/2019	714.9	725.2	712.6	716.1	6668929
16/05/2019	720	737	719.1	733.1	6468556
17/05/2019	733.15	735.8	720.1	723.9	8155948
20/05/2019	719.7	726.4	706	722.4	11213708
21/05/2019	722.65	722.65	707.7	709.3	8645535
22/05/2019	710	718.25	707	709.75	5795713
23/05/2019	715	716.7	697.45	701.05	7233736
24/05/2019	703.8	711.75	700.45	709.2	7016424
27/05/2019	707.4	713.8	705.5	708.1	10247544
28/05/2019	712	733.45	709.8	728.1	23860490
29/05/2019	725.5	733.65	723.65	727.8	10293077
30/05/2019	727	737.25	722.55	733.55	15089296
31/05/2019	736.5	742.95	733.2	737.75	8290306
03/06/2019	729.8	750.9	729	744.65	7744761
04/06/2019	737.25	739.45	733.15	735.3	11733702
06/06/2019	736.5	744.65	733.65	735.6	7563925
07/06/2019	735.85	743.95	735.85	739.1	3218358
10/06/2019	740.1	754.1	740.1	753.5	4435148
11/06/2019	755	759	750.5	754.9	5733127
12/06/2019	756.95	756.95	745	753.8	8738342
13/06/2019	740	747.2	740	742.65	4808577
14/06/2019	743.85	745.5	738.25	740.45	5556353
17/06/2019	743	744.5	737.8	740.55	3085588
18/06/2019	740.2	752.45	740.2	750.15	6202838
19/06/2019	752.5	755.4	748.6	751.9	4596253
20/06/2019	737.8	756.9	735.9	754.9	7148684
21/06/2019	755	755	747.15	750.2	13200318
24/06/2019	751.9	751.9	742.65	745.5	4758178
25/06/2019	744	750.9	737.3	748.1	3677911
26/06/2019	743	751.45	738	739.2	5447130
27/06/2019	742	744.7	728.15	730.55	11122346
28/06/2019	735.5	739.5	728.5	732	5919494
01/07/2019	735	737.5	729.85	731.3	3224968
02/07/2019	734	741.65	730.1	740	4837606
03/07/2019	741	743.2	730	731.3	5958379
04/07/2019	729	736.4	728.6	733.8	3274064
05/07/2019	735	736.4	713.5	718	4926289
08/07/2019	716.45	724.95	712.3	717.6	7177092
09/07/2019	718	719.85	709.05	715.5	5022638
10/07/2019	709	722.7	706.5	717.25	7573816
11/07/2019	719.45	723.5	709.6	721.5	6252688
12/07/2019	722.5	730.6	719.6	726.75	7874441
15/07/2019	763	781.65	754.2	779.35	31064152
16/07/2019	777	787.8	776	784.85	9924322
17/07/2019	783.9	795	776.75	794.15	6754348
18/07/2019	789.05	798.5	786.2	792.7	6534471
19/07/2019	788.7	794.5	781.25	785.4	6812754
22/07/2019	785.95	792	782.05	784.4	7107151
23/07/2019	787	804	785.55	790.05	10782564
24/07/2019	788	793.75	783.6	786.3	5745146
25/07/2019	788.25	800.2	787.65	794.5	9773568
26/07/2019	792.3	795	782.2	787	4941763
29/07/2019	789.5	796.95	786.2	791.45	6244316
30/07/2019	791.9	797.8	788.55	792.7	8673253
31/07/2019	790.85	799.8	781.6	793.65	7350584
01/08/2019	786.45	788.4	764.4	768.85	10066407
02/08/2019	765.05	779.9	762.25	775.6	10838336
05/08/2019	772.6	785.9	768.65	776.7	9976238
06/08/2019	778.8	783.7	769.8	774.45	9331718
07/08/2019	778.9	783.45	772.35	776.1	5130457
08/08/2019	782.7	792.75	781.25	788.75	8009009
09/08/2019	792	796.75	784.8	789.85	4362520
13/08/2019	784.15	786	760.15	764.75	7517099
14/08/2019	775.1	778.25	768	774.8	5940968
16/08/2019	780	780.05	762.5	774.55	5128088
19/08/2019	775.6	783	773.35	777.65	3881451
20/08/2019	785.2	798	783.85	792.75	8435344
21/08/2019	793	803.75	793	799.45	5926896
22/08/2019	799.9	801.3	792.35	795.7	5222488
23/08/2019	796.45	809.95	795.8	802.2	6895015
26/08/2019	795.9	806.8	786.9	802.55	5412074
27/08/2019	791	794.95	781.1	784.65	16061642
28/08/2019	787.4	805	786.3	802.5	5881134
29/08/2019	795.5	809.7	795.5	806.95	7830413
30/08/2019	810	817.35	802	814.9	8174186
03/09/2019	815	822.4	812.05	814.25	5647088
04/09/2019	810.75	822.45	810.25	821.3	6199015
05/09/2019	830.1	837.5	826.65	834.05	7926895
06/09/2019	843.3	847	835.05	840.15	6106841
09/09/2019	836.8	840.3	827.55	829.1	4377870
11/09/2019	822.3	828.55	814.15	820.1	7981036
12/09/2019	816.4	819.85	810.85	816.4	4400017
13/09/2019	818.1	831.05	817.5	829.3	4832021
16/09/2019	832.05	837.95	820.55	827.7	4846496
17/09/2019	831.5	835	820.55	831.25	5540901
18/09/2019	829.9	832.95	824	829.85	3199389
19/09/2019	824.85	827	815.2	820.7	6601607
20/09/2019	822.9	835	802	805	22462366
23/09/2019	806.9	806.9	741.9	764.35	17279260
24/09/2019	765	798.65	765	794.05	13717998
25/09/2019	787.7	801	781.65	792.65	9313576
26/09/2019	787.75	797	778.1	782.55	18442824
27/09/2019	787.05	794.25	780.1	782.2	5087642
30/09/2019	785.1	808	784.15	805.65	8178091
01/10/2019	807	807.55	791.55	793.55	5881438
03/10/2019	792.55	797.85	784.15	785.6	5497672
04/10/2019	790	797.6	787.05	793.45	8201713
07/10/2019	794.85	802	786.1	789.55	3679845
09/10/2019	795.45	795.9	778.8	783.65	6335025
10/10/2019	785.4	794.7	776.6	783.05	10402917
11/10/2019	781.5	823.8	776.6	814.8	20636344
14/10/2019	786.75	797	780	786.1	15150858
15/10/2019	773.1	775.95	765	768.3	13762133
16/10/2019	765.25	775.95	761.55	771.45	10767032
17/10/2019	767	770.55	765.1	769.5	9860495
18/10/2019	763.8	773.8	760	767.85	10037200
22/10/2019	691.1	691.1	638.35	643.55	90152532
23/10/2019	630	656.65	615.1	650.6	60516887
24/10/2019	650	653.2	632	635.35	25666433
25/10/2019	647	652.5	636	637.45	16549337
27/10/2019	651.1	652.5	645.55	649.95	2945281
29/10/2019	651	653.75	647	650.65	16709764
30/10/2019	660.4	671.4	656.2	660.6	22879467
31/10/2019	668.4	695.45	666.1	685.6	27405901
01/11/2019	690	694	682.6	687.9	9713519
04/11/2019	681.8	732.5	678.15	709	29381982
05/11/2019	708.75	708.75	691.5	696.1	12897805
06/11/2019	695.8	721.5	692	712.3	21372589
07/11/2019	717	724.35	712.1	720.1	13733737
08/11/2019	722	724.25	705.5	708.15	8585630
11/11/2019	698.9	707.2	698	704.4	6951494
13/11/2019	696.5	700	687.75	691.35	9973690
14/11/2019	696.35	709.8	696.35	705.3	10539902
15/11/2019	709.05	712.95	702.3	703.9	7362623
18/11/2019	705	710	699.3	705.2	7490916
19/11/2019	709.9	714	705	712.85	6495885
20/11/2019	712.8	715	705	713	6142171
21/11/2019	715.5	721.45	710.5	713.25	9692973
22/11/2019	711.75	712	685.1	693.2	14415826
25/11/2019	693.35	705.15	693.2	698.1	7334511
26/11/2019	705	707.25	686	690.6	27253106
27/11/2019	694.25	697.65	690.1	695.75	3861635
28/11/2019	699.1	703.35	694.05	701.85	4837683
29/11/2019	700.9	702.3	691.55	696.35	4262379
02/12/2019	703.1	0	0	695.8	0
03/12/2019	692.7	699.7	688.55	698.35	5239013
04/12/2019	697	710.5	693.35	708.85	7427886
05/12/2019	706.45	715.9	703.8	714.85	4814422
06/12/2019	715.95	720	709.6	715.1	5226096
09/12/2019	716	722.35	714.25	717.25	6435865
10/12/2019	713	718.5	710	714.55	4457939
11/12/2019	716.6	722.7	713	721.05	6043554
12/12/2019	718.5	720.7	699.55	702.1	11112042
13/12/2019	700.35	712.9	700.35	711.3	10302412
16/12/2019	712.3	720.2	710.2	714	5616324
17/12/2019	719.7	731.25	715	729.7	10525565
18/12/2019	731	737.3	722.75	732.45	12215295
19/12/2019	733.5	735.95	724.6	730.85	7199210
20/12/2019	731	735	728.25	731.55	7794167
23/12/2019	732.15	737.3	731.65	736	4975608
24/12/2019	736.95	736.95	728.3	733.4	2890759
26/12/2019	732	734.55	726.55	728.95	3821806
27/12/2019	729.75	737.5	728.85	736.95	3399094
30/12/2019	736.1	737.95	727.25	732.9	5368416
31/12/2019	729.7	737.75	725.45	731.15	6927885
01/01/2020	735	740	732.55	736.85	2112415
02/01/2020	738.9	740.8	730.9	734.7	5658200
03/01/2020	733.9	748	733.9	746	7882938
06/01/2020	746.1	753.8	736.5	738.85	6519403
07/01/2020	738	742.6	725.1	727.9	7899363
08/01/2020	724.95	729	708.3	718.2	8639443
09/01/2020	721.7	731.5	714.3	727.55	13521186
10/01/2020	740.45	742.9	730.5	738.15	9341405
13/01/2020	760	777.5	755	773.55	36952038
14/01/2020	769.95	776.95	767.2	775.65	11414418
15/01/2020	773.85	773.85	762.15	767.55	6047430
16/01/2020	770.7	772.5	760.25	767	5740586
17/01/2020	770.7	772.9	762.25	767.85	3762957
20/01/2020	771.6	774.4	762.95	768.45	3887680
21/01/2020	768.45	770.5	760.75	762.5	4448374
22/01/2020	768.45	778	766	770.2	9733935
23/01/2020	777.1	785.5	776.7	784.35	12528017
24/01/2020	775.75	786.5	773.6	782.75	7540490
27/01/2020	779.05	784.8	774.4	778.1	3741610
28/01/2020	781	781.8	772	778	5121009
29/01/2020	786.6	792.8	784.25	789.7	6832757
30/01/2020	789.7	789.7	778	780.7	3859680
31/01/2020	780.55	784.95	771.6	775.95	6092028
01/02/2020	775.1	791.25	769.25	776.05	4875882
03/02/2020	782	790.95	764.5	767.4	6416745
04/02/2020	770.1	789.9	770.1	787.85	5771311
05/02/2020	781	786	774.4	784.55	6310409
06/02/2020	784.35	786.8	770	771.35	7341622
07/02/2020	775.95	778.85	771	777.3	2853344
10/02/2020	774	778	769.75	773.2	3827682
11/02/2020	779	779.1	769.2	773.55	4312817
12/02/2020	775.8	783.25	775.1	781.05	2948825
13/02/2020	785	794	782.2	792.25	4387430
14/02/2020	794.5	799.2	784.6	786.45	5321680
17/02/2020	790.3	793.45	783.3	789.45	2929629
18/02/2020	785	799.05	783.65	797.65	5083346
19/02/2020	800	804.85	796.15	800.45	3985192
20/02/2020	803.25	806.1	793.85	797	4564569
24/02/2020	800.1	811.6	792.15	795.85	6627536
25/02/2020	799	806	795.4	798.4	6996695
26/02/2020	793.95	801.45	780.5	782.75	8760569
27/02/2020	778	780.75	772.2	777.85	5223386
28/02/2020	750	756.8	722.05	731.7	14123957
02/03/2020	737	765.9	733.75	741.05	9821523
03/03/2020	755	759	741.25	747	7826587
04/03/2020	753.9	761.5	745.55	758.75	11013444
05/03/2020	763.75	773.55	751.75	754.6	7755293
06/03/2020	741	744	729.1	738.95	9216022
09/03/2020	724.5	725.85	697	704.45	10308697
11/03/2020	690.65	695.95	669.05	686	16165054
12/03/2020	668	670	627.5	631.2	13965689
13/03/2020	592	667	570	642.35	16903140
16/03/2020	622	622.15	580	583.15	19140854
17/03/2020	588.1	592	550	554.95	16060126
18/03/2020	568	578	528	534.3	15391568
19/03/2020	509.25	558	509.25	545.55	16584106
20/03/2020	549.5	617.45	548	585.2	21356183
23/03/2020	540	560.95	515.9	526.45	17146303
24/03/2020	522	601.15	522	589.8	20029537
25/03/2020	597	635	565.7	606.2	18339650
26/03/2020	615	650.85	612.1	643	14868843
27/03/2020	665.05	674.9	642.25	652.7	13495469
30/03/2020	625.1	663.5	621.1	626.7	14625720
31/03/2020	650	662	633.7	641.5	15175528
01/04/2020	634.35	637.5	594	602.8	13083865
03/04/2020	603.5	606	582.15	585.7	10221890
07/04/2020	615	644.25	612.9	639	15146526
08/04/2020	630	655.65	626.35	631.6	11806901
09/04/2020	646.8	652.8	632.1	636.25	11931287
13/04/2020	629	651.7	626.05	637.4	8330291
15/04/2020	651.4	653.3	635.6	639.05	11963493
16/04/2020	619.95	634.9	603.5	623.85	17783310
17/04/2020	644	646	626	628.75	8878372
20/04/2020	640	661	639	653.3	13322995
21/04/2020	627.8	646.5	627.8	633.2	11660678
22/04/2020	633.2	645	628.05	641.85	8267159
23/04/2020	647.05	683.65	638.1	679.3	14451294
24/04/2020	668.55	675	654.8	658	7319950
27/04/2020	661.05	681	661.05	664.6	7183316
28/04/2020	673	677	653.05	660.7	7296594
29/04/2020	666	682	658	676.55	8639246
30/04/2020	700	720	698.1	715.5	16254036
04/05/2020	689.8	701.2	670.35	673.7	9122803
05/05/2020	681.75	685.6	670	673.7	6393108
06/05/2020	676.9	681.45	664.05	665.9	7934457
07/05/2020	665.55	674.35	662.45	664.95	4779550
08/05/2020	672.25	680.9	668.5	674.2	8400376
11/05/2020	682.5	698.55	678	682.9	7370192
12/05/2020	678.5	691	675.5	687.65	7356063
13/05/2020	694.8	699.9	683.75	694.15	8287106
14/05/2020	659	671.75	652.6	658.15	16888356
15/05/2020	664.8	664.8	646.7	652.3	9255353
18/05/2020	659.85	670.55	653	663.9	10435495
19/05/2020	664	674.8	655	668.6	5902238
20/05/2020	668.5	673	659.65	669.55	5795193
21/05/2020	666.5	679.45	665.4	672.2	7214401
22/05/2020	675	695.85	673.5	692.35	11867864
26/05/2020	693	699.45	679	680.55	7099719
27/05/2020	686.05	709.2	675	705.45	8774694
28/05/2020	707	710	690	707.4	9440121
29/05/2020	692.5	700.8	674.95	691	28291172
01/06/2020	698.75	706.65	691.5	699.55	12276649
02/06/2020	700.5	711.65	697.55	708.1	7059409
03/06/2020	710.7	711.9	696	701.55	11378568
04/06/2020	702	709.45	697.5	707.75	10783594
05/06/2020	707	711.7	700.6	703.55	7718943
08/06/2020	707.65	725.8	704	720.85	10719124
09/06/2020	720	729.6	715.05	717.6	10078863
10/06/2020	715	719.45	709.2	715.85	7263272
11/06/2020	712	713.4	700.25	703.95	8825914
12/06/2020	675.8	695.15	675.5	692.05	9796064
15/06/2020	693	704.4	685.25	687.55	7857344
16/06/2020	702	712	699.15	701.2	10132423
17/06/2020	699.9	710.3	698	703.65	7291919
18/06/2020	708.2	716.6	706	713.9	6670206
19/06/2020	709	711.9	701	705.55	22438873
22/06/2020	707.1	708.7	700	703.7	7804139
23/06/2020	695.7	724.5	692.1	720.65	12157486
24/06/2020	716.9	726.8	709.4	714.15	10220908
25/06/2020	704.85	705.6	693.5	700.5	14945304
26/06/2020	710.2	751.6	710	748.2	26030535
29/06/2020	735.4	744.7	730.1	731.75	8954490
30/06/2020	732.8	738.95	724.25	735.95	10411347
01/07/2020	737.25	742.3	729.75	731.9	5477687
02/07/2020	737.35	765.45	735.4	756.6	17263764
03/07/2020	755	764	752.5	762.7	7796573
06/07/2020	765.2	775	761.5	764	8811009
07/07/2020	769.4	796.95	765.55	794.15	19362666
08/07/2020	784.9	784.9	772.2	774.7	8476675
09/07/2020	780	790	775	781.7	6854196
10/07/2020	773.5	789.9	773.5	781.85	5206452
13/07/2020	788	805.35	786.05	797.05	10804911
14/07/2020	792.95	806.4	781.35	783.25	8961822
15/07/2020	799	848.45	794.8	830.95	30060998
16/07/2020	900.1	955.5	894.25	911	90433393
17/07/2020	911	919.9	892.15	903.15	31682904
20/07/2020	908.5	945	906.75	934.3	18421083
21/07/2020	945	949.7	929.2	936.75	12877814
22/07/2020	938.95	939	910	917.9	14354421
23/07/2020	915.65	915.8	900.65	907.95	13052804
24/07/2020	903.25	925.75	903.25	922.85	18209670
27/07/2020	921.55	952.8	918.65	948.45	16828218
28/07/2020	946	967.55	941.2	962.85	15819466
29/07/2020	953.25	960	943.6	954.15	11152710
30/07/2020	962	972.65	958.75	961.45	12492569
31/07/2020	969.25	986.45	953.3	966	12704359
03/08/2020	960	965.4	947.45	956.9	8480166
04/08/2020	960.45	970.7	940.55	949.85	11133259
05/08/2020	952	960.95	938.3	944.7	9616176
06/08/2020	953.5	974.4	942.5	970.85	10976523
07/08/2020	969.45	969.45	949	950.9	8010973
10/08/2020	948.9	956.8	945.3	951.35	5716472
11/08/2020	949.9	962	946.1	948.45	6802508
12/08/2020	948	958.8	942.2	954.95	6908732
13/08/2020	954.8	968.5	948.25	951.2	5097705
14/08/2020	955.85	963	952.05	953.6	4663873
17/08/2020	954.1	972.45	954.1	957.5	9008716
18/08/2020	963.9	969.2	958.7	967.55	6142171
19/08/2020	970.9	971.55	957.45	959.3	6622744
20/08/2020	958.9	965.5	951.3	955.15	5656667
21/08/2020	963.05	963.45	946.55	948.8	6513784
24/08/2020	947	952	939.2	947.4	5798579
25/08/2020	947.5	948.65	933.6	938.1	6233923
26/08/2020	941.25	954.25	938.4	950.8	5153663
27/08/2020	960	960.95	945.2	947.05	6154300
28/08/2020	951.45	952.5	933.05	935.25	7593988
31/08/2020	935.25	950.5	914.6	928.6	12808369
01/09/2020	926.25	935	912.1	914.15	6907783
02/09/2020	915	926.4	913.5	924	5678696
03/09/2020	926.5	949.4	924	935.55	8828016
04/09/2020	915	929.5	914.45	919.15	8650414
07/09/2020	918.9	927.55	913.05	925.05	6700450
08/09/2020	929.95	952	925.55	939.3	12892115
09/09/2020	935	946	926	927.75	5529150
10/09/2020	935.3	942	924.8	940.05	5172091
11/09/2020	934.9	954.15	931	945.7	6672082
14/09/2020	957	991.05	948.3	978.4	21871591
15/09/2020	979.5	994	971.65	982.45	11608223
16/09/2020	986	1005.65	982	1001.75	10059392
17/09/2020	995	1021	995	1011	15628308
18/09/2020	1011	1018.8	999.1	1002.15	12897897
21/09/2020	1001	1031	1000.5	1009.9	14140790
22/09/2020	1009	1022.5	991.2	1007.5	12625775
23/09/2020	1020.15	1037	1008.1	1019.75	13486274
24/09/2020	1003	1009	970	975.4	14427463
25/09/2020	975.8	1014.9	975	1011.45	13311079
28/09/2020	1014.8	1016.15	998.5	1010.4	8554583
29/09/2020	1018	1028	1004.1	1009	8708572
30/09/2020	1009	1023.95	1005	1008.25	8049899
01/10/2020	1020.6	1026.5	1011.75	1017.65	5563432
05/10/2020	1018.05	1054.9	1018.05	1048.7	14212560
06/10/2020	1055	1060	1031.35	1055.75	9090819
07/10/2020	1044.9	1072	1035.5	1066.55	9284060
08/10/2020	1090	1124	1088.4	1093.7	21483024
09/10/2020	1095.1	1113.3	1088.45	1106.8	10567955
12/10/2020	1123	1140	1112.1	1132.1	14633780
13/10/2020	1135.55	1166.05	1135.55	1157.8	17524137
14/10/2020	1162	1164.9	1131.1	1137	16649731
15/10/2020	1180	1186	1092.5	1108.25	44288566
16/10/2020	1113.85	1135.95	1096.9	1127.5	18366133
19/10/2020	1135	1139	1115.3	1125.9	12902146
20/10/2020	1118.9	1144.7	1110	1137.5	10448852
21/10/2020	1141.15	1154.35	1135	1148.35	19811809
22/10/2020	1142	1158	1123.8	1129.05	11271538
23/10/2020	1133	1135	1120.15	1122.5	9070121
26/10/2020	1122.25	1129.6	1103.15	1112.45	6309643
27/10/2020	1105.7	1109.7	1077.15	1090.85	10172530
28/10/2020	1095.5	1104.75	1070.05	1076.55	7608413
29/10/2020	1070	1082	1060.1	1074.85	6935804
30/10/2020	1072	1083.6	1052.35	1060.6	8800436
02/11/2020	1065	1079.95	1051.1	1072.3	7183119
03/11/2020	1072	1079.4	1057.5	1062.55	7204782
04/11/2020	1068	1116	1066.8	1093.95	15702690
05/11/2020	1109.9	1123	1099	1104	9568890
06/11/2020	1108	1121.1	1091.7	1112.75	8807127
09/11/2020	1129.3	1146	1121.15	1136.55	10160320
10/11/2020	1113.85	1113.85	1078	1091.05	15622869
11/11/2020	1096	1126.35	1087	1122.5	12514800
12/11/2020	1128.1	1142	1113.75	1117.75	9180976
13/11/2020	1120	1133	1117	1124.2	6363212
17/11/2020	1144.75	1145	1112.65	1123.7	12813968
18/11/2020	1128.5	1132.7	1101.45	1110.55	9839468
19/11/2020	1100	1114.7	1093.8	1096.75	10092343
20/11/2020	1106	1109	1091.1	1103.35	8063554
23/11/2020	1105	1144.8	1101.95	1139.85	10546363
24/11/2020	1145	1154.9	1133.35	1140.05	8515426
25/11/2020	1137	1143.5	1111.25	1115.65	8958701
26/11/2020	1119.95	1119.95	1098.3	1113.2	10962256
27/11/2020	1118	1121	1091	1100	25306145
01/12/2020	1105.05	1140.25	1105.05	1137.85	8933802
02/12/2020	1134	1147.45	1121	1140.9	6741637
03/12/2020	1147	1147	1122.7	1126.45	16212632
04/12/2020	1125	1137	1115	1134.65	10564055
07/12/2020	1147.3	1153	1136	1143.5	7792141
08/12/2020	1145	1167	1145	1153.35	12308330
09/12/2020	1168.05	1179.5	1157	1175.2	10039346
10/12/2020	1157.4	1171.65	1150	1167.75	9488782
11/12/2020	1159.7	1171.95	1155.25	1163.2	10574009
14/12/2020	1169.4	1172.6	1148.2	1164.55	6728187
15/12/2020	1156	1163.7	1152	1154.6	6905926
16/12/2020	1160	1168.9	1153.6	1165.7	7788404
17/12/2020	1165.9	1168.9	1156.2	1159.2	6658153
18/12/2020	1182.85	1195	1175.6	1189.8	15995676
21/12/2020	1188	1209.75	1152.05	1177.3	10858352
22/12/2020	1182	1223.85	1176.1	1220.5	10901851
23/12/2020	1238	1258.85	1230.55	1253.05	15878346
24/12/2020	1249.9	1249.9	1226	1236.05	7313885
28/12/2020	1238.45	1248	1236	1240.3	4607051
29/12/2020	1235	1254.45	1235	1250.3	6878105
30/12/2020	1253	1253.3	1238.15	1246.8	5194690
31/12/2020	1243	1258.4	1239	1255.8	7430470
01/01/2021	1257.9	1265.5	1255.8	1260.45	4253550
04/01/2021	1269	1290	1261.15	1288.25	7208454
05/01/2021	1282	1299	1275.05	1293.8	8145280
06/01/2021	1300	1302	1268.05	1282.1	7161715
07/01/2021	1296	1297.65	1255.5	1262.15	10954918
08/01/2021	1278.25	1316.8	1278.25	1312.1	13186251
11/01/2021	1342.1	1383.35	1340	1376.2	20528626
12/01/2021	1378	1378	1360	1371.75	8309868
13/01/2021	1373.85	1392.8	1360	1387.15	14442997
14/01/2021	1360	1384	1318.45	1370.5	27521697
15/01/2021	1360	1364.45	1340	1344.95	15018441
18/01/2021	1338	1340	1306	1312.05	8861765
19/01/2021	1320	1331	1312	1316.65	5585744
20/01/2021	1320.55	1348.4	1320.55	1339.45	8225838
21/01/2021	1350	1361.05	1335	1339.7	6142421
22/01/2021	1327	1356	1326.55	1340.85	9646591
25/01/2021	1345	1347.9	1313	1325.1	6542611
27/01/2021	1319.6	1327.55	1285.1	1301	8133665
28/01/2021	1291.8	1296.45	1272.55	1276.2	4660690
29/01/2021	1286.25	1291.15	1231	1239.05	12183519
01/02/2021	1250.55	1277.95	1241	1260.9	8880279
02/02/2021	1280	1294.4	1263.6	1271.25	6892490
03/02/2021	1277.65	1304	1273	1284.65	8182968
04/02/2021	1285	1293.4	1272.05	1279.35	5032240
05/02/2021	1286.4	1288.75	1262	1272.1	5477481
08/02/2021	1285.5	1310	1275.5	1303.55	6921922
09/02/2021	1306.9	1332	1297.85	1305.55	7965949
10/02/2021	1295.8	1304.35	1283.6	1296.5	5951207
11/02/2021	1289	1296	1283.05	1292.65	4673317
12/02/2021	1305	1323.75	1301.55	1309.8	5797875
15/02/2021	1320	1328.4	1307.1	1309.65	4363513
16/02/2021	1314	1319.75	1286	1290.4	6896421
17/02/2021	1290.4	1294.5	1275	1281.3	4575741
18/02/2021	1276	1306	1275	1292.45	6437551
19/02/2021	1296.1	1299.5	1276.8	1291.3	5389696
22/02/2021	1295	1308.55	1260	1265.2	7371303
23/02/2021	1271.15	1291	1257.55	1266.35	6612942
24/02/2021	1260.05	1276.6	1252	1274.3	4537258
25/02/2021	1288.45	1299.75	1272	1274.55	8788221
26/02/2021	1269	1274.3	1244.75	1253.3	15132388
01/03/2021	1263.3	1284.5	1259	1267	5756286
02/03/2021	1282.25	1310	1279.2	1304.5	10461434
03/03/2021	1319.2	1347	1308	1343.55	9056399
04/03/2021	1335	1363.85	1325.9	1330.35	12041941
05/03/2021	1328.5	1340	1305.05	1316.7	6486176
08/03/2021	1324.8	1346.1	1317.2	1335.75	5119392
09/03/2021	1329.5	1350.45	1318.75	1345.55	6518173
10/03/2021	1356.9	1374	1355	1368.15	7925984
12/03/2021	1373	1391.7	1370.05	1374.85	9462061
15/03/2021	1370	1379.9	1358.5	1373.6	6658665
16/03/2021	1386.05	1406	1380.5	1384	9352771
17/03/2021	1392.25	1400	1382	1387	7626744
18/03/2021	1393.75	1393.75	1313.5	1337.1	10961755
19/03/2021	1330	1355.2	1318	1344.45	12767112
22/03/2021	1350.1	1376	1336.1	1370.8	4862758
23/03/2021	1372.45	1383.25	1359.6	1371.55	7165335
24/03/2021	1357.85	1370.45	1346.25	1353.75	6134303
25/03/2021	1346.75	1352.5	1327.6	1333.8	8749994
26/03/2021	1344.7	1356.7	1332	1336.2	4922071
30/03/2021	1346.9	1400	1336.15	1385.3	10546919
31/03/2021	1382	1388	1363.3	1368.05	8220987
01/04/2021	1380	1391.6	1371	1385.2	5675155
05/04/2021	1391	1425	1387	1409.9	9479572
06/04/2021	1423	1426	1406.45	1411.05	5793571
07/04/2021	1410.25	1434.95	1406.6	1430.2	5879234
08/04/2021	1430	1451.7	1421	1439.85	5654434
09/04/2021	1455	1455	1430.05	1441.05	6052712
12/04/2021	1474	1477.55	1415	1425.75	20384532
13/04/2021	1433	1435.25	1375	1397.15	14855206
15/04/2021	1332.3	1366.4	1320	1360.75	25342491
16/04/2021	1365	1370.85	1346.6	1353.75	10879878
19/04/2021	1340	1379.7	1332.35	1362.55	12508028
20/04/2021	1379	1379	1342.4	1351.35	8560766
22/04/2021	1355.55	1364.8	1345.15	1351.1	6622446
23/04/2021	1343	1348.4	1331	1333.8	7316262
26/04/2021	1332.25	1351.3	1321	1343.55	7088606
27/04/2021	1346	1353	1340.15	1348.5	3636115
28/04/2021	1358	1359.5	1344.6	1356	4879234
29/04/2021	1368	1369	1351.4	1356.35	5412357
30/04/2021	1346.3	1373.9	1345.9	1354.35	8354677
03/05/2021	1340.8	1361	1338	1352.05	4560337
04/05/2021	1354	1354.95	1324.1	1329.4	4887060
05/05/2021	1341.1	1343.9	1327.8	1341.5	3939788
06/05/2021	1345	1364.7	1337.4	1361.6	4810090
07/05/2021	1365.3	1373.05	1348.5	1352.55	4991435
10/05/2021	1349.85	1352.9	1335.05	1339.55	7195348
11/05/2021	1336.9	1341	1325.1	1330.65	6420988
12/05/2021	1330	1330	1314.5	1327	5241898
14/05/2021	1326.85	1326.85	1311.3	1316.4	4824609
17/05/2021	1320.3	1334.95	1320.3	1329.4	5017129
18/05/2021	1338	1344.6	1329.5	1340	5620150
19/05/2021	1342	1357.45	1333.25	1337	4435878
20/05/2021	1348.4	1349.1	1335	1339.3	4490092
21/05/2021	1347.5	1357.5	1346.35	1354.5	4969733
24/05/2021	1356.65	1363	1345.1	1348.05	4225371
25/05/2021	1358	1368	1354.45	1361.6	4099340
26/05/2021	1367.9	1400	1362.05	1397.25	6850024
27/05/2021	1404.2	1416.25	1391.7	1402.25	15365391
28/05/2021	1409.75	1414	1396.1	1405.05	4261312
31/05/2021	1401.5	1401.5	1383	1393.75	4429904
01/06/2021	1400	1401	1378.65	1387.2	4791325
02/06/2021	1380.75	1391.95	1365	1378.65	9272276
03/06/2021	1388.1	1399	1377.05	1389.65	5115645
04/06/2021	1393.95	1396.9	1377.65	1385.65	4194328
07/06/2021	1391	1392	1377.3	1389.65	5154576
08/06/2021	1396	1421.75	1395.55	1412.95	7360630
09/06/2021	1413.4	1425	1404.6	1415.3	5394317
10/06/2021	1424	1429	1419	1424.3	3496575
11/06/2021	1430.1	1451.6	1429.45	1446.9	6140828
14/06/2021	1471	1477	1453.45	1461.8	7132294
15/06/2021	1464	1476	1463	1473.9	5403104
16/06/2021	1472.7	1489.45	1467.5	1480.6	7661710
17/06/2021	1475.1	1502.65	1475.1	1495.3	7677951
18/06/2021	1509	1515.8	1487.4	1503.3	13533974
21/06/2021	1493	1505.8	1484.2	1500.3	5454052
22/06/2021	1509.7	1521.45	1502.1	1511.85	6427862
23/06/2021	1525	1525	1498.65	1503.15	5529809
24/06/2021	1517	1568.75	1511.2	1559.2	10785137
25/06/2021	1572	1578	1543	1574.2	9780240
28/06/2021	1572.9	1580.15	1560.6	1571.8	5019178
29/06/2021	1561	1573.65	1559.2	1563.05	5913567
30/06/2021	1572.05	1591	1572.05	1580.8	6058722
01/07/2021	1576.85	1576.85	1559.05	1560.4	4814317
02/07/2021	1558.95	1569.45	1542.6	1567.8	5166064
05/07/2021	1569.15	1585	1561.05	1578.95	4058338
06/07/2021	1573.7	1586.75	1557.1	1562.2	4089574
07/07/2021	1566.05	1570.55	1544.65	1564.6	4797120
08/07/2021	1568	1576	1549	1560.75	3326813
09/07/2021	1556	1569.9	1551	1562.9	3436594
12/07/2021	1570.55	1578	1533.75	1547.85	4588982
13/07/2021	1556.4	1556.4	1536.3	1544.95	4456160
14/07/2021	1554	1582.8	1538.1	1576.9	5657716
15/07/2021	1557.9	1596.85	1556	1580.8	10021355
16/07/2021	1573.75	1574.65	1549.6	1555.45	6265593
19/07/2021	1544.7	1552.9	1537.55	1541.7	5669162
20/07/2021	1538.3	1557.7	1538	1550.05	5069939
22/07/2021	1561.4	1592.85	1561.4	1590.2	7854575
23/07/2021	1588.55	1598.5	1585.05	1590.45	4179719
26/07/2021	1594.1	1611.65	1594.1	1603.9	4586710
27/07/2021	1605	1609.3	1597.9	1602.55	5892859
28/07/2021	1605.1	1607.6	1585.5	1605.6	4686788
29/07/2021	1600.1	1620	1600.1	1617	4660873
30/07/2021	1610	1623.4	1606.15	1610.5	6234257
02/08/2021	1627.45	1634.75	1619.2	1631.55	5553389
03/08/2021	1647	1658.65	1635.6	1655.2	5513668
04/08/2021	1669.1	1679.9	1639.05	1649.25	6740391
05/08/2021	1649.5	1666	1647.05	1653.55	5420536
06/08/2021	1657	1660.65	1644	1650.2	3754855
09/08/2021	1661	1667.45	1646.4	1663.3	5018477
10/08/2021	1668	1680	1661.05	1677.25	6846517
11/08/2021	1674.8	1684	1668	1677.55	4899639
12/08/2021	1679.15	1696.5	1674	1689.6	5659579
13/08/2021	1697	1722.5	1691.3	1712.2	5612790
16/08/2021	1707.7	1719.95	1690.1	1704.4	4564109
17/08/2021	1703.9	1748.9	1686.55	1741.65	9510390
18/08/2021	1729	1755.5	1727	1733.45	6686090
20/08/2021	1716.1	1745	1716.1	1732.95	6206972
23/08/2021	1735.75	1753.15	1732	1738.75	6189051
24/08/2021	1750	1757	1712.7	1720.85	7602939
25/08/2021	1718	1746.9	1718	1735.55	6153253
26/08/2021	1734	1746	1720	1727.7	5302248
27/08/2021	1725	1727.7	1705.2	1708.8	6698514
30/08/2021	1703.05	1718.65	1690.4	1698.05	6559667
31/08/2021	1700.15	1715	1685.85	1706.45	12255438
01/09/2021	1709.5	1709.5	1673.15	1677.75	7801974
02/09/2021	1677.35	1694.3	1662.65	1689.1	6830050
03/09/2021	1696.05	1705.95	1684.4	1700.65	5339139
06/09/2021	1705.15	1732	1699.35	1730.4	4876026
07/09/2021	1730	1734.9	1704	1706.65	3520341
08/09/2021	1700.85	1700.85	1682.95	1693.25	4584896
09/09/2021	1685.9	1694.9	1682.15	1691.6	3331674
13/09/2021	1683	1701.5	1675.2	1691.9	4662374
14/09/2021	1695.95	1695.95	1678.6	1686.15	4945167
15/09/2021	1693.25	1715.1	1690.2	1711.45	4062344
16/09/2021	1715.2	1719.25	1691.45	1702.25	3246568
17/09/2021	1697	1718	1684.45	1691.3	7454864
20/09/2021	1685	1707.7	1677.95	1687.85	5660743
21/09/2021	1700	1726.75	1684.65	1718.45	4672222
22/09/2021	1717	1738.9	1713.05	1716.9	4553892
23/09/2021	1732	1745	1721.1	1742.55	3826090
24/09/2021	1758	1788	1752.45	1763.85	8280446
27/09/2021	1768.75	1769	1718.1	1721.15	5045337
28/09/2021	1710	1710	1675	1687.1	6557197
29/09/2021	1659.25	1701.4	1655	1692.25	7792548
30/09/2021	1703	1703	1670.1	1675.2	6914031
01/10/2021	1665.1	1678.95	1661.25	1665.15	5733906
04/10/2021	1672.5	1688	1665.4	1678.75	2947154
05/10/2021	1671	1702.95	1663	1692.8	4373310
06/10/2021	1702.1	1709	1670	1673.55	4271698
07/10/2021	1687	1704.2	1676.65	1691	5476108
08/10/2021	1705.25	1731.5	1698.4	1723.85	4738376
11/10/2021	1682	1730	1663.7	1690.95	8840633
12/10/2021	1677	1689	1662	1685.15	7439300
13/10/2021	1695.95	1713.65	1680.05	1709.2	7104171
14/10/2021	1754	1783.6	1698.2	1715.75	19655776
18/10/2021	1740	1799	1740	1792.15	13438109
19/10/2021	1814	1834.5	1782.3	1822.15	10324260
20/10/2021	1829.4	1848	1794.05	1802.35	5876115
21/10/2021	1814	1814	1746.85	1753.65	8779629
22/10/2021	1749.9	1763.2	1707	1719.8	7369809
25/10/2021	1722.05	1729.75	1687.2	1707.55	5905209
26/10/2021	1710.05	1726.6	1695.9	1703.7	5871709
27/10/2021	1709.1	1734.15	1701.15	1728.95	5090259
28/10/2021	1719.35	1724.75	1692.05	1703.9	5329972
29/10/2021	1699	1712.6	1661.05	1667.75	5875091
01/11/2021	1677.5	1707.2	1676	1700.05	3636806
02/11/2021	1695	1706.45	1686.35	1697.9	3471772
03/11/2021	1709	1717.45	1699	1702.5	3530713
04/11/2021	1715	1717	1705	1708.7	483407
08/11/2021	1730	1741	1703	1737.5	5245903
09/11/2021	1734.75	1750	1726	1742.5	4016134
10/11/2021	1726	1750.95	1721.95	1740.15	4780368
11/11/2021	1732.95	1739.75	1709	1733.3	4731349
12/11/2021	1743	1782.85	1738.05	1780.2	5069009
15/11/2021	1782.1	1800	1775.5	1787.15	4354074
16/11/2021	1790	1808.95	1777	1792.3	6034233
17/11/2021	1792.55	1802	1780.7	1787.45	4732492
18/11/2021	1781.6	1789.45	1759	1779.4	4326924
22/11/2021	1784	1785.4	1751.15	1759.4	6621839
23/11/2021	1735.1	1747.25	1710	1736.9	8436160
24/11/2021	1740	1740.5	1688	1696	7333061
25/11/2021	1700	1726.2	1696.95	1722.4	4476260
26/11/2021	1702.55	1718.35	1684	1691.65	4494181
29/11/2021	1691	1712	1669.15	1696.35	3942776
30/11/2021	1704.55	1729.9	1700.05	1712.65	14808963
01/12/2021	1715	1741.9	1713	1714.9	5193264
02/12/2021	1715	1750.5	1711.35	1748.25	5559574
03/12/2021	1771.1	1786.65	1732.55	1735.55	6754012
06/12/2021	1730	1733.95	1691.5	1695.3	3991449
07/12/2021	1701.1	1724.9	1694	1711.65	4202122
08/12/2021	1733	1759.8	1732.6	1753.35	3029169
09/12/2021	1759	1769.4	1742	1763.45	2082171
10/12/2021	1760	1763.75	1746	1759.25	1823469
13/12/2021	1767.05	1771.35	1738.8	1744.65	4040584
14/12/2021	1730.9	1763	1710.35	1752.15	4768144
15/12/2021	1745	1747.95	1721.2	1734.2	3053149
16/12/2021	1762.65	1777.6	1758	1771.6	4481031
17/12/2021	1820	1842	1806.75	1820.85	18887243
20/12/2021	1801.7	1829.65	1787.3	1798.9	5773891
21/12/2021	1801	1838	1801	1811.6	5353584
22/12/2021	1825	1829.15	1812.35	1824.7	4156428
23/12/2021	1831.25	1861.6	1827	1857.6	4112933
24/12/2021	1872.95	1875.75	1854	1863.5	3780347
27/12/2021	1860	1874.5	1845.05	1866.15	2647733
28/12/2021	1880.7	1895.9	1878.4	1888	3340933
29/12/2021	1883.5	1893.8	1876.4	1885.55	3236635
30/12/2021	1884.5	1909.8	1874.35	1892.85	4584738
31/12/2021	1890	1898.35	1871.65	1887.75	4619420
03/01/2022	1887.75	1914.05	1887.75	1898.45	3329616
04/01/2022	1898.45	1906.65	1878	1899.15	3921999
05/01/2022	1900	1902.9	1840	1844.65	6995719
06/01/2022	1828	1828	1800	1817.8	6449205
07/01/2022	1815.45	1836	1806.8	1814.3	4834389
10/01/2022	1815	1869.9	1813	1850.75	7857560
11/01/2022	1855	1870	1850.15	1855.6	5142287
12/01/2022	1868.9	1889	1860	1877.45	5362535
13/01/2022	1905	1912.5	1866.35	1896.8	14277630
14/01/2022	1882	1933	1881	1929.35	7688506
17/01/2022	1938.55	1953.9	1930.5	1939.5	5262464
18/01/2022	1922.1	1945	1911.45	1920.75	3690315
19/01/2022	1916	1916	1862.85	1867.05	5747770
20/01/2022	1844	1848	1815.5	1823.7	5533463
21/01/2022	1795	1808	1776	1785.7	8252758
24/01/2022	1765	1768.65	1728	1736.8	7116712
25/01/2022	1726.6	1740	1700.5	1722.15	9137653
27/01/2022	1702	1709.7	1665	1678.6	11231734
28/01/2022	1681	1727.55	1679.5	1686.2	10998502
31/01/2022	1718	1749.5	1715.35	1736.2	8788872
01/02/2022	1766.1	1780	1734.7	1772.05	5119935
02/02/2022	1789	1792.8	1772	1787.1	4253717
03/02/2022	1779	1779	1734	1738.55	3832922
04/02/2022	1732	1753.95	1710.15	1741.1	4700077
07/02/2022	1722.2	1732	1695.4	1715	4310209
08/02/2022	1710	1725	1696	1717.3	6053401
09/02/2022	1735	1743	1725	1737.3	3867244
10/02/2022	1755.65	1773.9	1748.75	1769.6	4334630
11/02/2022	1740	1745.95	1713	1721.35	7551371
14/02/2022	1690	1718.55	1678.25	1682.2	7459637
15/02/2022	1699	1746.75	1690.45	1738.25	4669915
16/02/2022	1738.25	1755.45	1726.85	1733.3	5350642
17/02/2022	1744	1749	1720.3	1724.8	3937950
18/02/2022	1710	1722.5	1703.5	1706.95	5602215
21/02/2022	1701	1737.3	1691.5	1730.7	5120890
22/02/2022	1699.9	1751	1691.05	1734.35	8878515
23/02/2022	1750	1758.25	1733.4	1742.85	5478811
24/02/2022	1690.1	1714.95	1670.5	1678.15	13592379
25/02/2022	1715	1728.15	1677	1694.6	9737281
28/02/2022	1682.2	1728.05	1665	1715.6	15076542
02/03/2022	1710	1714.4	1691	1702.8	6771489
03/03/2022	1720.2	1733.9	1705.55	1720.85	7344147
04/03/2022	1695.25	1736	1681	1723.3	9074499
07/03/2022	1697	1751	1696	1739.85	9742588
08/03/2022	1718.45	1800	1718.45	1778.2	10984500
09/03/2022	1791	1831.6	1791	1813.35	10193515
10/03/2022	1844.75	1844.75	1810.2	1825.9	6547182
11/03/2022	1814	1831.4	1811	1822	4758657
14/03/2022	1831.55	1895	1831.55	1890.7	10289724
15/03/2022	1888.35	1888.35	1830	1839.3	7140443
16/03/2022	1865	1893.95	1849	1889.4	5233979
17/03/2022	1923.3	1923.3	1833.05	1854.6	17731459
21/03/2022	1861	1886.9	1841.1	1853.05	8362085
22/03/2022	1850	1890	1839	1887.4	5709382
23/03/2022	1897	1900	1857	1872.4	6192824
24/03/2022	1856.15	1894.6	1856.15	1886.7	3784303
25/03/2022	1892	1894	1858	1876.55	3438588
28/03/2022	1866	1880.9	1852.65	1873.9	4008555
29/03/2022	1873.9	1889.4	1860.55	1886	3917785
30/03/2022	1910	1919	1895	1903.95	7795839
31/03/2022	1900	1913	1894.2	1906.85	5399145
01/04/2022	1886.85	1910.3	1878.3	1903.55	6171518
04/04/2022	1889.75	1893	1873	1882.95	7364074
05/04/2022	1883.8	1889.6	1857.15	1861.1	5472024
06/04/2022	1855	1857.5	1822.15	1828.85	5407453
07/04/2022	1821.05	1828.15	1807.55	1811	5797544
08/04/2022	1823	1838	1808	1814.6	5131446
11/04/2022	1814	1814	1762.55	1766.55	8248407
12/04/2022	1757.5	1757.5	1727.75	1742.45	6456184
13/04/2022	1754.95	1757.5	1732	1748.55	6257693
18/04/2022	1605.5	1650	1590	1621.4	30523965
19/04/2022	1636.65	1636.65	1550	1562	17044923
20/04/2022	1575	1596.3	1563	1587.7	10678747
21/04/2022	1595	1627.2	1589.25	1618.8	7766514
22/04/2022	1604.35	1610.7	1582.4	1585.45	8134245
25/04/2022	1572.8	1572.8	1554.1	1561.1	7000570
26/04/2022	1577.2	1592	1566.55	1581	5345435
27/04/2022	1572.75	1572.75	1550.35	1552.8	8819356
28/04/2022	1570	1601.8	1557.45	1582.6	9245177
29/04/2022	1590	1597.3	1560.8	1567.55	9831395
02/05/2022	1550.9	1552.75	1531	1541	7072627
04/05/2022	1547.25	1570	1530.15	1535.55	6220959
05/05/2022	1560.05	1589.4	1557.45	1585.15	6144870
06/05/2022	1550	1561.85	1535.05	1542.85	6171472
09/05/2022	1540	1586.8	1522.15	1570.35	6832202
10/05/2022	1558	1569.15	1546.05	1553	6212545
11/05/2022	1549.95	1549.95	1511.6	1526.75	7846080
12/05/2022	1514	1527.5	1504.3	1508.8	7034979
13/05/2022	1519.3	1529.25	1498.1	1504.4	6723761
16/05/2022	1510	1511.85	1478.65	1489.1	6145331
17/05/2022	1494.9	1525	1480.9	1518.45	6516378
18/05/2022	1522	1549.7	1505.3	1509.2	6594126
19/05/2022	1481	1484.7	1417.65	1427.15	16561140
20/05/2022	1453	1466.75	1446.7	1455.15	10488908
23/05/2022	1455.1	1488	1450.05	1468.4	5887569
24/05/2022	1468.6	1469.55	1435.25	1441	5693167
25/05/2022	1435	1442.5	1399.25	1410.45	9630092
26/05/2022	1418	1430	1407.05	1423.95	13040065
27/05/2022	1443.95	1467	1437.4	1461.35	8284860
30/05/2022	1487	1530	1485	1526.8	10904213
31/05/2022	1510.7	1518	1488.15	1503.6	16033857
01/06/2022	1513	1514.75	1472.1	1478.55	8738508
02/06/2022	1484	1513.85	1475.6	1508	7205840
03/06/2022	1524.9	1555	1518	1521.7	9395707
06/06/2022	1516	1536.6	1493	1530.05	6624883
07/06/2022	1519.85	1519.85	1502.6	1506.7	4904592
08/06/2022	1520.2	1520.2	1492	1500	4697608
09/06/2022	1485	1516.95	1481.5	1515	4361061
10/06/2022	1486.1	1493.95	1473.6	1476.8	6516436
13/06/2022	1443.6	1443.6	1411.7	1424.5	6987685
14/06/2022	1410	1448.9	1403.15	1440.55	6090247
15/06/2022	1440.2	1446.4	1418.85	1422.2	4651958
16/06/2022	1438	1443.75	1392	1397.2	6641772
17/06/2022	1391.05	1396.95	1367.15	1387.3	9692047
20/06/2022	1390.05	1422.35	1382	1414.15	4595194
21/06/2022	1424	1456	1422.75	1449.9	6270787
22/06/2022	1436.05	1459.6	1435	1437.25	6253366
23/06/2022	1439.8	1458	1433	1452.45	6254281
24/06/2022	1458	1467.5	1428.9	1441.1	6114340
27/06/2022	1468.05	1484	1465.15	1474.6	4511097
28/06/2022	1469	1488.25	1453	1480.15	4412178
29/06/2022	1464.7	1477	1457	1463.25	5060038
30/06/2022	1465.05	1482	1455	1461.9	9165177
01/07/2022	1454	1485	1442.35	1479.4	4651635
04/07/2022	1480.25	1492.25	1462	1488	4800224
05/07/2022	1498.8	1509.95	1472	1475.95	7379669
06/07/2022	1482.2	1500	1470	1491.65	5209162
07/07/2022	1503.05	1513.95	1495.7	1498.7	3323472
08/07/2022	1515	1516.95	1499.95	1514.45	3652582
11/07/2022	1495	1499.9	1466.4	1473.15	4702815
12/07/2022	1461.8	1468.6	1436	1438.6	4710356
13/07/2022	1450	1460	1438.6	1444.45	5264025
14/07/2022	1451	1452.95	1414	1428.85	6157606
15/07/2022	1446	1446	1410.65	1430.35	5620018
18/07/2022	1450	1493.6	1448.05	1489.9	5835171
19/07/2022	1471.55	1486.85	1470.1	1484.15	3418540
20/07/2022	1501.25	1525.8	1500	1515.3	5079392
21/07/2022	1517	1535.45	1503.1	1532.9	5008061
22/07/2022	1534	1540	1492.15	1506.3	7020642
25/07/2022	1480.1	1517.15	1480.1	1503.6	7859626
26/07/2022	1496.65	1496.65	1445	1451.15	7268273
27/07/2022	1451	1473	1445	1471.05	4517285
28/07/2022	1496.4	1524.45	1489.85	1517.4	6636841
29/07/2022	1532.8	1555.7	1528	1549.7	7009465
01/08/2022	1564	1564	1537.9	1551.05	2983249
02/08/2022	1546.55	1547	1528.35	1543.6	4374635
03/08/2022	1549	1570	1539.9	1566.1	6011955
04/08/2022	1587.5	1603.85	1574.95	1599.9	7402209
05/08/2022	1608.4	1625.7	1602.3	1616.65	5361971
08/08/2022	1617	1622	1596	1619.4	3763409
10/08/2022	1621.2	1621.2	1588.1	1602.45	4423829
11/08/2022	1630	1631.35	1616	1619.95	3462090
12/08/2022	1613.3	1614	1590.15	1594.1	3562286
16/08/2022	1609	1609	1591.1	1596.45	3004430
17/08/2022	1596.45	1612	1585	1606.25	4067324
18/08/2022	1594.1	1598.2	1574	1582.95	4635706
19/08/2022	1585.3	1604.9	1585.1	1597.1	4739884
22/08/2022	1586	1599	1574	1575.65	3950555
23/08/2022	1548	1554.5	1533	1542.4	5551574
24/08/2022	1535	1546	1531	1537.5	2888426
25/08/2022	1548	1548.7	1513.75	1518.15	4331088
26/08/2022	1535.15	1544.95	1517.45	1521.55	3079136
29/08/2022	1468.55	1468.55	1450	1461.75	8079050
30/08/2022	1473.1	1496.1	1466	1492.95	6725875
01/09/2022	1460.05	1468.1	1451.05	1464.2	8140604
02/09/2022	1478	1478	1448	1453	5175653
05/09/2022	1451	1467	1446.35	1461.3	3669352
06/09/2022	1461.3	1470	1445.45	1455.1	3428442
07/09/2022	1440	1465.75	1438.05	1457.65	3600574
08/09/2022	1475	1481.1	1463.6	1475.9	4061475
09/09/2022	1488	1520	1480	1511.65	4816910
13/09/2022	1551.9	1553	1541.3	1544.95	4947158
14/09/2022	1497	1498.95	1472	1475.4	14332197
15/09/2022	1475	1475.2	1429.05	1432.8	12784100
16/09/2022	1425	1425	1368.35	1377.05	20464045
19/09/2022	1392	1406	1380.6	1390.3	6595241
20/09/2022	1407.95	1413.55	1385.1	1388.55	7219797
21/09/2022	1379.9	1388.8	1368.4	1377.25	7917054
22/09/2022	1366.35	1383.95	1360	1367.95	9168498
23/09/2022	1367.5	1394.8	1362	1365.45	10426200
26/09/2022	1360	1399.45	1355	1380.25	9414587
27/09/2022	1393.45	1406.5	1378	1393.55	8561254
28/09/2022	1379	1405.85	1377	1394.7	7022098
29/09/2022	1404.9	1409.85	1393	1398.65	6119965
30/09/2022	1388.95	1419.3	1376	1413.45	8120130
03/10/2022	1412	1412	1386	1393.75	4943169
04/10/2022	1419.7	1432.25	1414	1429.4	6631341
06/10/2022	1445	1459.8	1444.1	1455.15	6180672
07/10/2022	1446.35	1457.85	1440.15	1451.2	3994466
10/10/2022	1426.35	1465	1426.35	1462.65	5274677
11/10/2022	1462.65	1479.65	1420.1	1423.8	12824774
12/10/2022	1437	1441.1	1413.55	1428.7	5481467
13/10/2022	1431	1437.95	1415	1419.9	4821514
14/10/2022	1485	1494	1467.25	1474.25	14990688
17/10/2022	1476.9	1495	1475.5	1489.95	4286396
18/10/2022	1510	1510.95	1497.25	1503.7	4692004
19/10/2022	1504	1504.95	1481.3	1485.45	3553171
20/10/2022	1475	1504	1474.2	1500.9	4583939
21/10/2022	1500.3	1506	1491.35	1500.5	3594485
25/10/2022	1528.1	1532.9	1521.05	1526.3	3914341
27/10/2022	1530.8	1534.9	1512.5	1523.95	6760137
28/10/2022	1526	1527.95	1507	1513.25	3053981
31/10/2022	1530.25	1546.4	1530.25	1537.65	4542336
01/11/2022	1553.05	1575	1547.1	1573	4542692
02/11/2022	1572	1572.75	1545	1553.3	2938906
03/11/2022	1538.75	1543.9	1521.65	1530.75	3174027
04/11/2022	1520.45	1520.45	1501.15	1514	4509682
07/11/2022	1521.4	1527.9	1491.1	1507.45	4898592
09/11/2022	1529	1529	1501.1	1511.2	3334755
10/11/2022	1485	1512	1485	1501.95	3435763
11/11/2022	1546.65	1573.5	1546.65	1570.1	7214098
14/11/2022	1575.15	1591.4	1568.45	1585.3	4908813
15/11/2022	1577.85	1597.85	1572.75	1594	3497614
16/11/2022	1597.15	1609	1593.5	1602.8	4497697
17/11/2022	1597.2	1602.8	1582.95	1587.4	3469515
18/11/2022	1591.7	1598	1575.5	1593.4	3126064
21/11/2022	1582.1	1587.85	1564.05	1568.2	3071764
22/11/2022	1569	1588	1562	1585.05	3399329
23/11/2022	1588.9	1592	1579.3	1583.15	3245067
24/11/2022	1589	1636	1584.75	1629.8	5282215
25/11/2022	1631.4	1644	1613.8	1635.65	4563255
28/11/2022	1628	1653.5	1620	1623.4	3825766
29/11/2022	1621.2	1638.75	1615.05	1629.05	3131710
30/11/2022	1619.95	1645.75	1613.15	1634.95	11868134
01/12/2022	1656.2	1672.6	1652.3	1657.1	5407928
02/12/2022	1656	1661.8	1633.95	1637.9	4283343
05/12/2022	1638	1644.85	1623.3	1639.75	3824966
06/12/2022	1625	1626	1607.55	1612.9	4822398
07/12/2022	1608	1623.8	1596.7	1605.5	4898087
08/12/2022	1605.5	1623.9	1598.5	1620.15	4206837
09/12/2022	1628	1628	1561.1	1569.3	8880658
12/12/2022	1550	1565.95	1530.05	1547.2	8037679
13/12/2022	1547.2	1577.5	1541.15	1572.15	6135067
14/12/2022	1582	1588.5	1573	1579.4	4976020
15/12/2022	1569.3	1570	1535.25	1540.5	6443866
16/12/2022	1525	1549.5	1512.05	1522.2	9630453
19/12/2022	1507.95	1516.9	1495.05	1507.35	6222740
20/12/2022	1501	1516	1482.45	1507.3	7396259
21/12/2022	1515	1521	1502.35	1509.55	6236361
22/12/2022	1521.5	1529.95	1511.75	1522.05	6302640
23/12/2022	1508.7	1509.9	1493	1497.1	6283822
26/12/2022	1500.5	1509.9	1496.35	1502.4	4115459
27/12/2022	1509.95	1521.45	1497.5	1514.85	4860076
28/12/2022	1505.1	1524.95	1498.5	1510.15	5029860
29/12/2022	1504	1521.3	1501	1517.55	4624745
30/12/2022	1528	1530.4	1504.05	1508.2	5060544
02/01/2023	1514	1526.5	1504.05	1524	3801140
03/01/2023	1519.85	1532.65	1515.1	1522.55	4551130
04/01/2023	1521	1521	1491.1	1494.8	7059590
05/01/2023	1505.9	1505.9	1469.25	1475.2	9868404
06/01/2023	1470	1475	1446.5	1448.5	6443714
09/01/2023	1448.2	1489.35	1448.2	1484.45	11498717
10/01/2023	1482	1483.9	1454.05	1469.75	7158624
11/01/2023	1470	1494	1464	1471.25	6173092
12/01/2023	1481.95	1485	1455	1480.6	6591385
13/01/2023	1483.5	1519.4	1468	1503.65	11610426
16/01/2023	1510	1528	1502.3	1525.5	6073063
17/01/2023	1527	1542.2	1524	1539.5	5922644
18/01/2023	1544.75	1551.85	1539.6	1545.4	5843098
19/01/2023	1539.9	1549.55	1526.15	1538.9	6165284
20/01/2023	1538	1545	1524	1525.55	6496429
23/01/2023	1535	1553.3	1528.1	1548	4855020
24/01/2023	1560	1568.8	1549.75	1551.9	5200802
25/01/2023	1547	1556	1538.75	1543	4158617
27/01/2023	1546	1550.95	1507.4	1519.15	6209955
30/01/2023	1528.8	1544	1520	1538.8	6964719
31/01/2023	1548.9	1548.9	1513	1533.75	9448126
01/02/2023	1542.2	1555.05	1528.05	1551.1	6194199
02/02/2023	1552	1586.95	1552	1583.75	6916834
03/02/2023	1597.5	1604.65	1573	1599.4	7040194
06/02/2023	1598	1598	1561.6	1569.85	4570612
07/02/2023	1569	1576.05	1555.1	1562.4	4336238
08/02/2023	1565.5	1603	1565.5	1590.5	7983338
09/02/2023	1596.2	1619.75	1586.05	1617	6904911
10/02/2023	1612.95	1616.3	1596.45	1608.55	4786762
13/02/2023	1597	1597	1566	1567.45	4001199
14/02/2023	1584.7	1596	1578.15	1593.25	5043736
15/02/2023	1584	1599	1576	1597.05	3465747
16/02/2023	1600	1614.45	1597.85	1601.8	4290289
17/02/2023	1594	1595	1575.5	1583.8	2857734
20/02/2023	1584.95	1603	1582.5	1592.45	2417716
21/02/2023	1598.7	1601.65	1576	1579.5	2723288
22/02/2023	1563	1575	1555.3	1561.8	3656244
23/02/2023	1569.85	1569.85	1548.15	1550.7	4766854
24/02/2023	1560	1569	1545	1550.65	2790986
27/02/2023	1540	1540	1502	1509.3	4920268
28/02/2023	1515.6	1524	1481.3	1487.55	9679811
01/03/2023	1492.4	1500.85	1481.5	1496.05	5125043
02/03/2023	1485	1488.6	1467.3	1472.15	4644499
03/03/2023	1486.75	1489.8	1473	1479.3	4615015
06/03/2023	1494.55	1520.4	1493.15	1507.45	6561742
08/03/2023	1490.55	1496	1481.1	1492.7	4137080
09/03/2023	1495	1498.35	1474.6	1480.4	5104656
10/03/2023	1460	1474.3	1457.65	1471.55	3699580
13/03/2023	1464.2	1478.3	1428	1435.1	8798403
14/03/2023	1441	1448.35	1411	1420	7402784
15/03/2023	1438	1442.85	1416.85	1419.65	7556182
16/03/2023	1417.8	1417.8	1398.7	1404.1	7323117
17/03/2023	1430	1442.9	1411.4	1420.7	9090018
20/03/2023	1419.7	1419.7	1384.85	1403.65	8221829
21/03/2023	1399	1405	1390	1390.7	8536755
22/03/2023	1403	1407.25	1382.15	1389.25	8356487
23/03/2023	1383.95	1383.95	1370	1374.55	7607718
24/03/2023	1388	1398.95	1377.5	1380.65	7559127
27/03/2023	1386.25	1395.75	1374.1	1388.95	4170193
28/03/2023	1392.1	1398	1375.85	1377.6	6633366
29/03/2023	1379	1389.9	1364.55	1383.55	8813966
31/03/2023	1404	1429.95	1393.9	1427.95	8711975
03/04/2023	1435	1435	1405.15	1410.85	5242764
05/04/2023	1400	1427.5	1400	1423.55	7506334
06/04/2023	1416	1428.4	1410.35	1421.9	6948465
10/04/2023	1423.95	1434	1415	1427.6	4993788
11/04/2023	1428.9	1433.35	1389	1406.15	6942255
12/04/2023	1413.05	1431.5	1400	1428.3	5831169
13/04/2023	1409.75	1411.05	1383	1389.2	11267238
17/04/2023	1250.3	1261.15	1185.3	1258.3	53171705
18/04/2023	1269.95	1269.95	1253.1	1259.35	12430884
19/04/2023	1254.35	1254.35	1229.4	1232.2	11307230
20/04/2023	1230.7	1237.85	1221.4	1223.4	8621249
21/04/2023	1228.1	1233.25	1220	1227.35	8691352
24/04/2023	1228	1230	1218	1226.3	8313774
25/04/2023	1225.95	1235.5	1215	1224.9	6808576
26/04/2023	1228	1233	1220.55	1227.55	5680192
27/04/2023	1230	1247.8	1225.4	1246.25	8020704
28/04/2023	1255.7	1259	1244.95	1252.75	10118277
02/05/2023	1254.55	1279.75	1254.55	1277.45	8886401
03/05/2023	1266	1272.5	1262.1	1269.15	5549783
04/05/2023	1268.95	1275.8	1262.5	1273.55	4505401
05/05/2023	1279	1279	1254.25	1259.1	5373791
08/05/2023	1262.45	1270.3	1255.2	1265.6	5260842
09/05/2023	1266	1272	1260.7	1270.7	4969897
10/05/2023	1276.4	1276.4	1259.15	1263.25	6515734
11/05/2023	1270.25	1275.9	1253.05	1256.1	6888461
12/05/2023	1253.35	1256	1239.05	1245.2	8292212
15/05/2023	1249.9	1268.9	1245.65	1258.35	5534710
16/05/2023	1265	1273.95	1262.75	1264.3	5236469
17/05/2023	1260.6	1260.95	1242.45	1246.9	10465667
18/05/2023	1258.6	1259.65	1242.45	1246	6948732
19/05/2023	1256.05	1273.3	1252.8	1268.9	11094136
22/05/2023	1272.95	1295.6	1270.25	1292.8	7625947
23/05/2023	1299.2	1314.15	1297.05	1300.05	7436031
24/05/2023	1296.3	1305	1291.3	1298.65	4824077
25/05/2023	1294.5	1307	1289.25	1304.35	4334121
26/05/2023	1306	1323.45	1306	1317.45	5521606
29/05/2023	1332.7	1332.7	1309.85	1314.4	4419365
30/05/2023	1315	1326.4	1309.15	1323.85	6274719
31/05/2023	1319.85	1331.1	1314.15	1318.3	17800782
01/06/2023	1322.55	1329.5	1318.1	1319.5	4277841
02/06/2023	1309	1312.9	1296.05	1299	10909311
05/06/2023	1304	1309.45	1297.3	1304.5	5002553
06/06/2023	1288.6	1288.6	1273	1279	10008100
07/06/2023	1290.5	1294	1282.5	1288.95	5397578
08/06/2023	1286.2	1292	1281.1	1282.8	5034942
09/06/2023	1282.5	1282.5	1264	1265.95	5339073
12/06/2023	1273.5	1295.7	1273	1291.95	4785588
13/06/2023	1299.9	1306.5	1297.05	1304.85	4846587
14/06/2023	1306.35	1306.7	1293.2	1300.4	3457981
15/06/2023	1293.95	1293.95	1282.65	1286.8	6161155
16/06/2023	1287	1301.5	1281.05	1291.65	8536287
19/06/2023	1294	1299.5	1287.05	1294	4451787
20/06/2023	1294	1305	1291.1	1303.4	4009180
21/06/2023	1299.95	1303.8	1295	1299.35	4041529
22/06/2023	1289.4	1289.4	1273.5	1281.55	6676607
23/06/2023	1276.45	1279.35	1263.35	1265	7239467
26/06/2023	1270.25	1274	1262.25	1270.35	3403244
27/06/2023	1280	1282	1274.2	1279.15	3240024
28/06/2023	1290	1296.7	1281.4	1293.35	5662358
30/06/2023	1308.2	1338.9	1304.45	1335.5	12821692
03/07/2023	1330	1346	1328.45	1333.7	7732412
04/07/2023	1344.3	1346	1331.4	1345.15	5797775
05/07/2023	1357.85	1357.95	1341	1347.3	5414936
06/07/2023	1342.55	1347.45	1337.15	1343.9	5963897
07/07/2023	1334	1345.8	1325.35	1330.2	6295647
10/07/2023	1336.55	1341.9	1319.3	1329.15	3940315
11/07/2023	1333.45	1350.9	1327	1348.6	6126128
12/07/2023	1351	1351.9	1327	1333.3	8102770
13/07/2023	1334.9	1376.8	1330.85	1365.1	9977644
14/07/2023	1380.65	1430	1380.65	1425.95	12833381
17/07/2023	1425.95	1458.95	1414.3	1422.95	11569884
18/07/2023	1434	1477.95	1429	1475.2	16743977
19/07/2023	1486	1498.8	1460.7	1474.95	13687062
20/07/2023	1471	1471	1440.7	1449.5	8347221
21/07/2023	1320.2	1350	1305	1331.6	45548305
24/07/2023	1341	1349.9	1334.25	1336.6	8859789
25/07/2023	1337	1342.85	1324.25	1334.6	6801982
26/07/2023	1343	1350	1339.4	1348.85	5528885
27/07/2023	1358.6	1363.8	1347.05	1353.15	9191861
28/07/2023	1353.85	1363.85	1336	1340.5	6122735
31/07/2023	1348.75	1357.5	1333.25	1355.7	7902180
01/08/2023	1362	1369	1357	1365.2	6064652
02/08/2023	1369.3	1371.95	1348.45	1356.85	7419145
03/08/2023	1350	1366.55	1349	1364.3	6503741
04/08/2023	1368.9	1385.9	1362	1378.35	5712345
07/08/2023	1387.9	1395	1377	1393	3729093
08/08/2023	1392.85	1393.55	1384.4	1390.2	4161877
09/08/2023	1384	1396	1382.5	1394.4	4090828
10/08/2023	1391.6	1395.8	1385.6	1389.1	3873025
11/08/2023	1392	1396.85	1367.05	1371.85	5783517
14/08/2023	1371.85	1395	1365.6	1393.55	4304135
16/08/2023	1410.8	1419.95	1405.4	1418.5	7735313
17/08/2023	1420	1420	1406	1411.55	5618346
18/08/2023	1403.7	1408.7	1386.15	1388.8	5134103
21/08/2023	1389.75	1407	1387.15	1405.4	3032722
22/08/2023	1404.7	1406.05	1396.65	1403.75	2890714
23/08/2023	1416	1416.6	1405.65	1407.95	2559125
24/08/2023	1421.5	1425.05	1414.45	1423.6	5171963
25/08/2023	1413	1422.5	1411.4	1420.1	4307172
28/08/2023	1420.1	1424.8	1411.4	1415.65	3133464
29/08/2023	1424	1424.4	1415.3	1417.65	3074444
30/08/2023	1427	1436.65	1424	1435.15	3070887
31/08/2023	1435.15	1444.9	1428.65	1435.45	9792735
01/09/2023	1430.95	1446	1428.2	1443.85	3582133
04/09/2023	1443	1470	1434.7	1465.1	4609014
05/09/2023	1465	1480.05	1456.5	1478.9	5496840
06/09/2023	1481.9	1482.9	1463.3	1477.45	5075786
07/09/2023	1470.6	1473.4	1462.05	1466.2	4411743
08/09/2023	1463.5	1474.75	1460.2	1469.6	3125838
11/09/2023	1469.6	1478.05	1464.5	1476.45	4182226
12/09/2023	1482.5	1504	1477.1	1501.1	6793161
13/09/2023	1505	1505	1488.65	1498.35	4804686
14/09/2023	1505	1512.55	1499.15	1506.95	6444213
15/09/2023	1518	1518.4	1509	1511.6	8657816
18/09/2023	1504.9	1504.9	1488	1491.8	3991916
20/09/2023	1476.2	1495.1	1476.2	1490.25	4169337
21/09/2023	1486.55	1504.55	1476	1501.75	6779195
22/09/2023	1491.9	1506.95	1485.2	1496.15	5455613
25/09/2023	1489.85	1489.85	1471.55	1474.15	4217863
26/09/2023	1479.15	1479.9	1459	1460.65	3996528
27/09/2023	1456	1469.6	1450.05	1467	3863586
28/09/2023	1467.9	1472.6	1435	1439.45	5814602
29/09/2023	1432.1	1446.8	1416	1435.45	6068968
03/10/2023	1436.05	1437	1420.3	1434	4181867
04/10/2023	1425	1449.95	1418.2	1444.35	4510406
05/10/2023	1452	1475.65	1450.2	1463.45	7384621
06/10/2023	1469.5	1484.5	1463.3	1478.7	3598672
09/10/2023	1464.9	1491	1462.2	1475.45	3567552
10/10/2023	1483.9	1497	1469.1	1495.15	5688951
11/10/2023	1497	1518.25	1481.45	1494.4	7220129
12/10/2023	1491.9	1504.4	1452	1465.5	11081662
13/10/2023	1405	1438	1400	1431.15	17973439
16/10/2023	1432.1	1443.6	1430	1434.15	4850745
17/10/2023	1440.25	1453.35	1438.05	1442.45	3923764
18/10/2023	1442	1454	1438.35	1440.55	4264837
19/10/2023	1426.1	1439.65	1426.1	1433.65	6795691
20/10/2023	1430	1438.5	1425.25	1427.25	3928622
23/10/2023	1425.6	1432.35	1405.25	1408.65	2636516
25/10/2023	1399	1402.55	1361.3	1370.05	6940777
26/10/2023	1355.05	1374	1353.1	1359.45	6357656
27/10/2023	1363.65	1385	1363.65	1380.35	4634358
30/10/2023	1380.35	1380.35	1363.1	1377.05	2667696
31/10/2023	1379.95	1381.15	1363	1368.4	3451595
01/11/2023	1373.05	1377.45	1351.65	1354.15	3090672
02/11/2023	1370	1376.3	1361.65	1370.15	3758060
03/11/2023	1380.05	1392	1377.75	1389.05	3349045
06/11/2023	1393.9	1407.25	1390.8	1403.3	2736381
07/11/2023	1400	1405.9	1394.85	1404.3	2272209
08/11/2023	1405	1405	1386.45	1391	3550635
09/11/2023	1395.9	1397.5	1370.05	1374.8	5498051
10/11/2023	1369.95	1373.15	1361	1368.85	2943649
13/11/2023	1379.85	1382.45	1370.85	1373.55	3462092
15/11/2023	1399	1414	1393	1410.5	8551860
16/11/2023	1416.1	1453.4	1410.6	1444.9	6673907
17/11/2023	1441.05	1451	1435.05	1437.55	4901251
20/11/2023	1442	1452	1433.65	1436.6	3584210
21/11/2023	1442	1450	1436.75	1439	3793135
22/11/2023	1436.2	1458.95	1436.2	1457.8	3108786
23/11/2023	1467.9	1467.9	1447.7	1449.25	3186928
24/11/2023	1445.55	1452.65	1433.85	1437.4	2973195
28/11/2023	1444	1445	1427.05	1442.7	3755373
29/11/2023	1451.1	1460.7	1449.8	1459.6	3875778
30/11/2023	1453.25	1460.65	1449.55	1455.15	10120867
01/12/2023	1459.9	1459.9	1446.15	1452.3	3489187
04/12/2023	1460.45	1471.9	1449.3	1464.35	5511948
05/12/2023	1465.8	1466.9	1442	1453.95	5123039
06/12/2023	1456.75	1477	1451.05	1474.3	5269178
07/12/2023	1472.85	1472.85	1461.8	1465.9	4424453
08/12/2023	1470.4	1494.7	1466.25	1491.15	6323433
11/12/2023	1490	1498	1482	1488.5	3862018
12/12/2023	1477.5	1490	1467.65	1476.05	6103494
13/12/2023	1476	1476.05	1433.15	1449	8549258
14/12/2023	1463.4	1511	1461.35	1501.45	12489858
15/12/2023	1523.05	1588.55	1521	1578.4	18395389
18/12/2023	1567.95	1593	1560.3	1564.35	6467243
19/12/2023	1570.1	1573.95	1543.25	1558.3	4221721
20/12/2023	1565.05	1583.5	1530	1536.4	6592367
21/12/2023	1521.25	1546.65	1521.25	1536	5319038
22/12/2023	1534.95	1566	1523	1562.9	6741060
26/12/2023	1535	1548	1523	1543.95	6878067
27/12/2023	1544	1570	1544	1567.1	4225849
28/12/2023	1568.95	1568.95	1555	1562.65	5702253
29/12/2023	1541.05	1559.45	1540	1542.9	4388990
01/01/2024	1539	1557	1535.25	1551.35	2808451
02/01/2024	1546	1549.15	1523	1534.4	5396313
03/01/2024	1519.95	1519.95	1488	1490	7550363
04/01/2024	1504.95	1519.75	1492.9	1512.7	7056038
05/01/2024	1506.75	1539.7	1506.25	1532.55	8895403
08/01/2024	1528.95	1536	1513.25	1522.8	4440136
09/01/2024	1541.9	1553	1525.85	1529.3	4412074
10/01/2024	1524.95	1535.45	1505	1519.9	4096845
11/01/2024	1524.9	1525	1486.6	1494.2	11296088
12/01/2024	1562	1618	1555.4	1612.75	26754401
15/01/2024	1644.95	1664.95	1636	1652.1	13228305
16/01/2024	1644.8	1648.5	1625	1631.55	6500917
17/01/2024	1620.25	1647.5	1620.25	1640.2	9209876
18/01/2024	1642.65	1649	1628.25	1642.6	6375464
19/01/2024	1651.6	1665.5	1644.15	1659.2	4522736
23/01/2024	1650.1	1674.7	1637.7	1642.15	9401255
24/01/2024	1659.9	1680	1645	1675.4	8999681
25/01/2024	1672.95	1680.55	1658	1669.1	8865304
29/01/2024	1665.15	1679.35	1647.6	1656.6	4253785
30/01/2024	1662.45	1690	1648.25	1651.45	4995943
31/01/2024	1648.25	1667.25	1638.1	1660.9	6763779
01/02/2024	1659.55	1677	1650.35	1657.05	5760011
02/02/2024	1666.05	1718.5	1665	1693.35	7858483
05/02/2024	1694.75	1700.75	1681.85	1687.2	3634135
06/02/2024	1686.75	1733	1673.95	1729.45	7694265
07/02/2024	1729	1729	1686.85	1693.75	4613877
08/02/2024	1698	1706.35	1682.8	1692.1	5919715
09/02/2024	1684.7	1692.9	1659.8	1669.35	4600004
12/02/2024	1670.35	1692.95	1670.35	1680.1	3555808
13/02/2024	1683	1689.1	1663.5	1684.55	2696481
14/02/2024	1660.2	1669.45	1635.5	1666.2	3768579
15/02/2024	1677	1687.75	1661.6	1676.35	4834391
16/02/2024	1689	1709	1687.95	1701.65	4880654
19/02/2024	1705	1711.5	1687.7	1699.75	3690993
20/02/2024	1685	1694.25	1668.75	1685.25	3706389
21/02/2024	1674	1674	1645.3	1655.55	4300508
22/02/2024	1665	1684.6	1644.4	1681.35	5841277
23/02/2024	1697	1698.45	1671.9	1676.85	5373072
26/02/2024	1674.95	1674.95	1645	1660.15	2782438
27/02/2024	1661	1671.1	1652.8	1663.6	5159088
28/02/2024	1670	1687.8	1662.05	1671.25	3188916
29/02/2024	1665	1682.25	1653.3	1673.9	7814722
01/03/2024	1669	1671.95	1651	1654.7	6387291
04/03/2024	1657.85	1664.45	1633.65	1637.2	4445156
05/03/2024	1634	1637.35	1602	1606.5	4596579
06/03/2024	1602.8	1620.15	1576	1617.55	6420684
07/03/2024	1616.6	1628.45	1604.2	1616.45	6348359
11/03/2024	1608.15	1613.8	1588	1600.6	6752895
12/03/2024	1600	1625	1597.65	1612.95	4614222
13/03/2024	1612.9	1624.5	1598.55	1611.4	5688997
14/03/2024	1614.4	1657.75	1608	1653.3	8803799
15/03/2024	1641.1	1645.8	1618.35	1634	11809997
18/03/2024	1630	1632.65	1598.85	1602.65	4958904
19/03/2024	1592.35	1599	1558	1561.45	6870411
20/03/2024	1563	1574.95	1552.35	1554.95	4759059
21/03/2024	1564	1576.95	1543.4	1554.7	11062497
22/03/2024	1521	1528.9	1498.2	1508.85	14673890
26/03/2024	1492	1507.45	1487.9	1492.65	8351081
27/03/2024	1496	1499	1481.55	1483.85	6857402
28/03/2024	1487.15	1511.8	1487.15	1498.05	12499530
01/04/2024	1525	1529.95	1492.8	1495.45	6580002
02/04/2024	1484.85	1493.15	1480.85	1482.85	7279400
03/04/2024	1479	1495.1	1475	1480.65	8736248
04/04/2024	1490.55	1495.65	1468	1486.7	11186915
05/04/2024	1480.05	1486.7	1476.05	1479.1	5072482
08/04/2024	1483	1490.95	1474.1	1476.7	6610887
09/04/2024	1490	1513.8	1487.3	1494.85	9423230
10/04/2024	1500.35	1509.85	1484.55	1506.8	6744595
12/04/2024	1504	1506.8	1479.5	1484.75	12275616
15/04/2024	1480	1491.95	1461.05	1468.15	8531224
16/04/2024	1451	1455.15	1413.05	1414.45	16173541
18/04/2024	1421.1	1444.7	1407.5	1419.25	22107945
19/04/2024	1385	1426.85	1378.75	1411.25	20603621
22/04/2024	1419.9	1436.85	1413.05	1432.75	5859087
23/04/2024	1443	1446.85	1433	1442.4	4856174
24/04/2024	1444.3	1444.3	1427.05	1430.75	4268213
25/04/2024	1420	1444.9	1420	1438.45	9089398
26/04/2024	1439.7	1445.4	1427	1430.25	8062444
29/04/2024	1429.95	1439.8	1428.25	1434.75	5055957
30/04/2024	1434.7	1436.55	1417.55	1420.55	6936588
02/05/2024	1413	1424	1411.85	1414.45	10076354
03/05/2024	1422.1	1424.8	1403.2	1416.3	8842345
06/05/2024	1420	1445.7	1417.1	1425.9	6445422
07/05/2024	1424.95	1443.35	1415.6	1440.95	6080661
08/05/2024	1435.25	1439.75	1425.6	1427.3	6234983
09/05/2024	1427.55	1449.95	1424.85	1439.55	6088406
10/05/2024	1435.05	1435.95	1413	1424.9	8777481
13/05/2024	1425	1425	1411.2	1423.45	3735954
14/05/2024	1426.4	1433.75	1418.05	1424.7	3463230
15/05/2024	1426	1431.8	1418.55	1419.95	4327544
16/05/2024	1433.95	1455.75	1427	1453.35	9249145
17/05/2024	1457	1457	1439.25	1444.3	7542860
21/05/2024	1430	1444.7	1428.4	1434.15	6752663
22/05/2024	1428.75	1459.95	1428	1454.8	7173285
23/05/2024	1454.7	1478.15	1450	1472.4	8641428
24/05/2024	1468.25	1475.5	1460	1465.1	5277938
27/05/2024	1471.85	1479.6	1460.25	1471.35	5821844
28/05/2024	1475.5	1476	1460.3	1467.05	6186922
29/05/2024	1465.4	1465.5	1450	1450.95	7401634
30/05/2024	1442.8	1449.85	1421.55	1427.45	9663150
31/05/2024	1409.8	1436.75	1400	1406.9	37113815
03/06/2024	1440	1440	1404	1405.9	10589244
04/06/2024	1409	1415	1358.35	1393.65	13736134
05/06/2024	1400.15	1438	1400.15	1430.1	9233424
06/06/2024	1444.95	1474.3	1437.5	1472.25	12660930
07/06/2024	1481	1539.7	1477.25	1533.6	24075302
10/06/2024	1525.3	1529.8	1497.3	1499.75	6810606
11/06/2024	1500.05	1506.45	1493.95	1495.75	4853054
12/06/2024	1507	1508.75	1482.75	1485.2	9564320
13/06/2024	1495	1505	1489.35	1493.95	7307565
14/06/2024	1503.7	1503.7	1486.05	1488.9	4237727
18/06/2024	1497	1507	1495.4	1498.2	5420939
19/06/2024	1505	1515.65	1496.7	1511.35	5493456
20/06/2024	1516.3	1517.5	1499.1	1515.4	7927010
21/06/2024	1545	1557.75	1523.7	1532.7	17301941
24/06/2024	1524.55	1529.1	1515.4	1527.15	5564989
25/06/2024	1526	1543.9	1520.35	1541.95	4551525
26/06/2024	1541	1548.85	1535	1540.7	4851004
27/06/2024	1538.45	1578.4	1532.05	1573.35	14757754
28/06/2024	1572.55	1588.5	1564.25	1566.75	8197544
01/07/2024	1559.5	1599.9	1559.5	1590.8	6801771
02/07/2024	1596.2	1633.8	1586.5	1621.05	10493173
03/07/2024	1625	1636	1606	1627.4	7269965
04/07/2024	1628.2	1660	1628	1650.65	8008311
05/07/2024	1651.45	1665.85	1633.35	1647.45	7065022
08/07/2024	1643.1	1666	1640	1661.65	5880533
09/07/2024	1659.9	1666.75	1651	1657.15	5191182
10/07/2024	1657	1674	1637.55	1648.25	9852770
11/07/2024	1656	1665	1642.05	1652.7	8857679
12/07/2024	1680	1719.75	1666.65	1711.75	17078316
15/07/2024	1726.2	1728	1702.65	1707.05	6942230
16/07/2024	1718.6	1737.9	1700	1726.05	6886281
18/07/2024	1719	1765.4	1719	1758.05	11248896
19/07/2024	1844	1844	1786.45	1792.95	29819116
22/07/2024	1800.15	1823	1792.95	1810.85	8462126
23/07/2024	1810	1839.95	1783.25	1836.9	7113056
24/07/2024	1837.5	1842.35	1819.6	1833.95	6002845
25/07/2024	1820	1830.9	1812	1824.85	5815599
26/07/2024	1825.35	1883	1825.35	1878.9	11369047
29/07/2024	1893.6	1903	1864	1871.1	4635931
30/07/2024	1871.1	1879.95	1860	1877.15	2721265
31/07/2024	1877	1885.15	1865.05	1868.25	5004209
01/08/2024	1856.1	1867.9	1845.1	1852.6	7475014
02/08/2024	1843	1859.5	1816.15	1821.2	7400938
05/08/2024	1784.95	1797.5	1718.55	1751.9	10736703
06/08/2024	1760.2	1796.95	1744.85	1751.1	7690163
07/08/2024	1796	1797.9	1762.1	1791.65	5094329
08/08/2024	1779.95	1779.95	1727.1	1743.15	6227910
09/08/2024	1771.25	1780.75	1756	1770.75	4258524
12/08/2024	1773.05	1803.5	1768.1	1797.4	4315329
13/08/2024	1810	1810	1789.05	1797.45	4176918
14/08/2024	1802	1825	1797.45	1823.25	7450718
16/08/2024	1850	1861.85	1829.5	1858.95	7335657
19/08/2024	1860	1867.55	1849.2	1864.8	2585989
20/08/2024	1880	1885.7	1868.2	1872.2	3870333
21/08/2024	1875.1	1879	1867.1	1872.7	1966902
22/08/2024	1884	1893.65	1869.7	1880.25	4300287
23/08/2024	1878.2	1882.6	1857	1862.1	5015935
26/08/2024	1870	1888.75	1864	1876.15	3728589
27/08/2024	1876.15	1902.75	1873.9	1900.1	3830679
28/08/2024	1906.9	1951	1897.4	1939.1	6514531
29/08/2024	1933	1950.5	1920.9	1933.35	7228284
30/08/2024	1938	1950	1928	1943.7	13466759
02/09/2024	1943.35	1975.75	1942.8	1964.5	5573739
03/09/2024	1967	1967	1936.45	1941.25	4694322
04/09/2024	1921.1	1927.2	1900.05	1922.45	4778310
05/09/2024	1926.25	1940	1909.6	1933.15	4081810
06/09/2024	1922	1936.5	1896.85	1901.85	5848106
09/09/2024	1890	1920.85	1889	1894.65	4772612
10/09/2024	1904.9	1935	1896	1912.3	6909600
11/09/2024	1914.7	1926	1905	1910.15	5312946
12/09/2024	1925	1956.4	1910.8	1950.45	8555092
13/09/2024	1950.45	1958.6	1935.65	1944.1	3843127
16/09/2024	1945.75	1952	1933.05	1950.25	1570181
17/09/2024	1947.75	1958.45	1942.15	1952.55	2793127
18/09/2024	1938.75	1938.75	1881.3	1892.15	6385468
19/09/2024	1910.6	1924.9	1878.8	1894.2	7976570
20/09/2024	1905	1915	1867.4	1905.75	15242974
23/09/2024	1909	1918.9	1878.45	1896.45	3636672
24/09/2024	1888	1910.9	1871.4	1898.6	7277616
25/09/2024	1886.35	1901.6	1876.8	1895.3	4268341
26/09/2024	1897.8	1917.95	1893	1900.25	8952803
27/09/2024	1932.1	1974.6	1903.3	1906.75	14908931
30/09/2024	1880	1901.25	1870.5	1875.6	6986955
01/10/2024	1875	1908.95	1875	1904.35	4029072
03/10/2024	1889.5	1911.85	1881	1893.4	7503887
04/10/2024	1889.55	1954.1	1886	1918.15	10001483
07/10/2024	1923.2	1942	1916.05	1934.3	6112575
08/10/2024	1937.9	1957.95	1906.35	1948.55	5637391
09/10/2024	1952.55	1977	1945.1	1952.75	4857163
10/10/2024	1957.9	1964	1914.1	1919	4782119
11/10/2024	1918	1947	1910.1	1935.1	4709431
14/10/2024	1932.15	1969.5	1931.1	1958.9	3751378
15/10/2024	1960	1991.45	1951.75	1959.3	5353705
16/10/2024	1955	1959.55	1916.35	1920.1	3111512
17/10/2024	1935.2	1978	1930.15	1968.1	8162822
18/10/2024	1893.8	1936.85	1869.25	1879.6	10526196
21/10/2024	1891.1	1898.8	1838	1852.75	4654601
22/10/2024	1858.2	1877.8	1846.95	1851.6	4125240
23/10/2024	1845.25	1886	1844	1873.4	4311910
24/10/2024	1861.4	1884	1860	1863.35	2906475
25/10/2024	1863.45	1876.35	1846.4	1862.05	4689120
28/10/2024	1859.7	1881.9	1857	1865.35	7018940
29/10/2024	1846	1851.6	1829	1839.3	4621252
30/10/2024	1832	1839	1796.35	1802.1	5919715
31/10/2024	1787.9	1787.9	1746.5	1757.25	7395236
04/11/2024	1724.5	1767	1718	1763.65	7336722
05/11/2024	1760	1768.45	1745	1754.2	3160880
06/11/2024	1764	1827.2	1762.65	1823.7	10421494
07/11/2024	1812.95	1825.7	1787	1803.05	4550965
08/11/2024	1818	1840.6	1813.15	1829.95	4210960
11/11/2024	1829	1868	1822.55	1860.1	3804234
12/11/2024	1871.1	1881	1861	1868.8	5012450
13/11/2024	1861.1	1873.2	1856.3	1868.4	4257495
14/11/2024	1865.6	1876	1856	1864.55	4311431
18/11/2024	1849.2	1849.2	1795	1811.45	4839244
19/11/2024	1825.5	1859.7	1820.55	1824.75	4669769
21/11/2024	1842	1867	1820.6	1834.05	5436504
22/11/2024	1854.1	1914.05	1834	1902.25	6301486
25/11/2024	1916	1919.3	1882	1889.7	12764638
26/11/2024	1904.95	1938.6	1897.3	1924.15	6850495
27/11/2024	1930.1	1941.4	1911.75	1924.5	4447143
28/11/2024	1914.9	1914.9	1851.65	1856.65	8468790
29/11/2024	1851.1	1877	1845	1857.85	5244346
02/12/2024	1859	1882.8	1835.2	1879.8	2868263
03/12/2024	1887	1899.75	1871.15	1892.1	4715792
04/12/2024	1884	1913.95	1875	1889.25	4705573
05/12/2024	1900	1949.9	1888.95	1934.85	9050038
06/12/2024	1932.8	1937.95	1912.4	1922.4	3573331
09/12/2024	1924.2	1930.2	1897.2	1923.65	4274645
10/12/2024	1939	1965.6	1932	1948.55	6174921
11/12/2024	1955	1978	1952	1974.15	5025612
12/12/2024	1975.2	1998.8	1970.55	1987	6462130
13/12/2024	1969.75	2006.45	1953.8	1999.7	5362693
16/12/2024	1995.45	1999.6	1977.6	1980.05	3119221
17/12/2024	1968	1982	1958	1976.6	5811050
18/12/2024	1966.8	1984.95	1961.6	1979.15	3064095
19/12/2024	1934	1959.75	1920	1946.2	5323592
20/12/2024	1975.15	1979.95	1911.25	1922.15	11056720
23/12/2024	1930.05	1940	1909	1924.3	2781793
24/12/2024	1927.05	1942	1840	1909.05	2360544
26/12/2024	1909.05	1919.75	1902.3	1907.4	3623321
27/12/2024	1909.4	1924.15	1903.9	1916.75	3937500
30/12/2024	1915.7	1916	1886.5	1906	7789055
31/12/2024	1892.3	1897	1845.05	1880	3613063
01/01/2025	1874	1892.95	1874	1882.5	1838368
02/01/2025	1887	1962.65	1885.3	1957.85	7083645
03/01/2025	1952.95	1952.95	1922	1938.75	6218003
06/01/2025	1952	1973	1928	1937.85	7164403
07/01/2025	1945	1958.55	1923.65	1930.85	4294832
08/01/2025	1930	1938.6	1888.75	1933.15	5482050
09/01/2025	1934.05	1951.85	1910.55	1917.3	6833503
10/01/2025	1937	1977.8	1932.25	1966.95	8036913
13/01/2025	1956	1982.8	1949	1962.2	5804152
14/01/2025	1968.85	1971.8	1931.1	1940.05	5792162
15/01/2025	1947	1958.05	1937.1	1949.65	2985439
16/01/2025	1965.95	1966.95	1916.85	1928.45	7533579
17/01/2025	1851	1858	1812	1815.45	16409953
20/01/2025	1822.95	1827.95	1793.15	1813.3	4333011
21/01/2025	1819.05	1831.65	1793.05	1800.7	7169109
22/01/2025	1807.4	1865.8	1805.15	1856.45	8373913
23/01/2025	1858	1879.55	1852.7	1865.45	5907471
24/01/2025	1865.5	1894.9	1864.25	1875.45	4887027
27/01/2025	1848.75	1863	1812	1822	7652371
28/01/2025	1830	1863.5	1824.9	1829.75	6999495
29/01/2025	1845	1888.65	1840.5	1881.25	5145155
30/01/2025	1873.15	1887.2	1844	1859.95	7336056
31/01/2025	1871	1897.45	1871	1879.8	5820470
03/02/2025	1836	1876.55	1832.4	1863.3	4823228
04/02/2025	1889	1911.2	1875	1898.8	7334787
05/02/2025	1906	1919.7	1894.3	1897.05	4996744
06/02/2025	1917	1924	1900	1915.65	4765255
07/02/2025	1919.3	1923.7	1889.45	1903.65	4126260
10/02/2025	1905	1905	1878.6	1880.3	3828734
11/02/2025	1883.1	1903	1870	1875.65	4411601
12/02/2025	1885	1894.6	1847	1863.15	5633947
13/02/2025	1868.5	1873.5	1835.65	1843.25	5237744
14/02/2025	1854	1859.3	1828.35	1856.4	5292961
17/02/2025	1838.55	1852.75	1822.15	1842.3	4428956
18/02/2025	1842.3	1861.65	1837.6	1851.95	4365260
19/02/2025	1847.4	1849.2	1805.9	1810.8	4611411
20/02/2025	1805.55	1831	1805.55	1825.15	2218020
21/02/2025	1821.8	1829.85	1806.2	1815	3379879
24/02/2025	1800.05	1808	1750.25	1764.1	7594720
25/02/2025	1745.15	1778.45	1745.15	1767.7	5092963
27/02/2025	1755.2	1775.85	1751.1	1764.3	5757079
28/02/2025	1755.05	1755.1	1682.45	1687.7	12182167
03/03/2025	1692.3	1728.6	1692.3	1708.6	7504969
04/03/2025	1695	1699	1670	1688.3	6759673
05/03/2025	1692.45	1732.95	1692.45	1711.5	8180782
06/03/2025	1715	1722.3	1691.1	1715.85	10610547
07/03/2025	1703.1	1705	1675.5	1686	8019331
10/03/2025	1686	1719	1676.2	1701.45	7558981
11/03/2025	1680	1680	1637.05	1661.6	12671234
12/03/2025	1636.9	1636.9	1563.8	1590.85	14870008
13/03/2025	1599.25	1606.05	1570.3	1579.85	7822888
17/03/2025	1545.15	1594	1545.15	1590.05	7526032
18/03/2025	1597.65	1612.9	1582.35	1609.35	6298054
19/03/2025	1603	1603	1572.8	1586.55	7387068
20/03/2025	1592	1631.9	1592	1615.55	7186750
21/03/2025	1577.95	1603.9	1563.65	1592.55	10074677
24/03/2025	1597.95	1607.1	1572.7	1592.75	8857726
25/03/2025	1605	1636.15	1605	1628.45	9890140
26/03/2025	1626	1637.75	1595	1599.45	6651302
27/03/2025	1595.55	1619.95	1586	1603.55	9426573
28/03/2025	1590	1598.45	1560	1570.65	6799047
01/04/2025	1539.25	1547.4	1517.85	1526.5	12680733
02/04/2025	1535.2	1555.65	1535.2	1550.15	6193478
03/04/2025	1534.65	1534.65	1485.05	1496.5	10459504
04/04/2025	1460.5	1472	1448	1451.65	9590254
07/04/2025	1352	1405.9	1307	1396.75	21715252
08/04/2025	1431	1456.5	1415	1428.8	12805001
09/04/2025	1405.05	1409.45	1381.9	1403.7	8546854
11/04/2025	1411.25	1438.8	1397.05	1409.45	12567440
15/04/2025	1445.6	1447.7	1409	1426	10178530
16/04/2025	1425	1427.5	1396.8	1413.1	12022740
17/04/2025	1398	1429.8	1378.3	1419.5	14264227
21/04/2025	1410	1471.8	1410	1451	15648970
22/04/2025	1440	1440	1419.3	1422.8	9399738
23/04/2025	1446	1487.8	1439.6	1474.9	11136642
24/04/2025	1469.9	1482.9	1461.5	1471.4	7114292
25/04/2025	1475.5	1501.7	1463.5	1480.2	8329979
28/04/2025	1480.2	1489.6	1465.3	1482.1	5886253
29/04/2025	1482	1509.8	1474.1	1497.5	8056743
30/04/2025	1496.8	1508.8	1482.6	1500.1	7704183
02/05/2025	1499.7	1523.2	1496.2	1506.8	7402310
05/05/2025	1515	1523	1502.8	1508.6	4282493
06/05/2025	1506	1515.6	1499.1	1511.5	4270530
07/05/2025	1500	1518.8	1496.6	1508.3	5691799
08/05/2025	1508	1516.5	1501.2	1511.4	8424409
09/05/2025	1500.7	1511.4	1494.1	1507.6	4478653
12/05/2025	1537	1632	1532	1626.9	11372857
13/05/2025	1609	1612.2	1564.6	1568.6	12846210
14/05/2025	1574	1595	1569.5	1592.4	4870057
15/05/2025	1589.8	1618.6	1571	1613	11151167
16/05/2025	1612.6	1612.6	1581.5	1589.9	4576751
19/05/2025	1576.5	1585	1555.7	1559.8	8855798
20/05/2025	1570	1583.5	1558	1560.6	7143998
21/05/2025	1567.9	1571	1552.1	1568.5	4157309
22/05/2025	1555.5	1560.8	1540	1547.5	6158990
23/05/2025	1550	1587.2	1550	1564.8	5038421
26/05/2025	1566.6	1583.8	1562.7	1580.5	3170102
27/05/2025	1579.9	1582.9	1556.4	1570.1	7775714
28/05/2025	1581	1587.7	1570	1571.8	3623370
29/05/2025	1589	1608.9	1576.6	1585.6	8609500
30/05/2025	1571	1572	1555.1	1562.7	13148092
02/06/2025	1560	1560	1539	1553.8	4374509
03/06/2025	1559	1567.3	1535.6	1543	6853403
04/06/2025	1543	1557.3	1541.4	1551.2	4548307
05/06/2025	1547.9	1567.7	1541.6	1554.3	6948539
06/06/2025	1554.7	1568.9	1543.1	1563.8	3960020
09/06/2025	1578	1588	1571	1572.9	2903202
10/06/2025	1584	1607.5	1577.5	1596	8591925
11/06/2025	1590.1	1634.6	1590.1	1631.1	10597410
12/06/2025	1617	1628	1598.1	1608.6	10483574
13/06/2025	1576	1609	1570.2	1602	6968315
16/06/2025	1600	1634.8	1597.1	1623.8	5591842
17/06/2025	1620.7	1647.4	1615.6	1639.9	7622083
18/06/2025	1621	1644.7	1621	1632.9	5629707
19/06/2025	1623.9	1630	1611.5	1618.4	5147760
20/06/2025	1619	1630.7	1608.9	1622.9	9202821
23/06/2025	1601	1601	1575.4	1584	7943676
24/06/2025	1601	1609	1576.6	1581.6	8083992
25/06/2025	1590	1619.9	1585.1	1614.9	7813533
26/06/2025	1608.8	1624	1606.6	1616	6519233
27/06/2025	1619	1629.6	1602.4	1608	8912268
30/06/2025	1615	1615	1594.1	1601.8	6294505
01/07/2025	1609	1617.7	1600.5	1606.8	4178937
02/07/2025	1618	1649	1603.4	1610.5	8653641
03/07/2025	1618.5	1632.4	1615	1618.7	5259695
04/07/2025	1625	1643.4	1612.3	1640.7	4411273
07/07/2025	1640	1644	1623	1627	3294523
08/07/2025	1628	1646.2	1621.5	1638.7	4590681
09/07/2025	1637.8	1638	1623.6	1633.7	4580828
10/07/2025	1638.9	1638.9	1607.1	1615.8	5330179
11/07/2025	1579.1	1607.1	1563	1594.9	11391755
14/07/2025	1591.8	1591.8	1559.8	1570.3	9173426
15/07/2025	1565.1	1603.6	1564	1585.6	7614807
16/07/2025	1579	1612	1578.5	1607.9	6223491
17/07/2025	1598	1610	1580.1	1583.5	7374814
18/07/2025	1592.1	1599.3	1580	1586.1	5161833
21/07/2025	1580	1589	1566.8	1584.3	3682661
22/07/2025	1565	1585.8	1565	1570.9	8473741
23/07/2025	1576.3	1591.9	1550	1574.5	8035026
24/07/2025	1580	1582	1548.2	1552.5	14169664
25/07/2025	1543.4	1549.5	1511.3	1515.7	10851259
28/07/2025	1513.9	1519.3	1482.5	1516	6439855
29/07/2025	1512.9	1517.2	1496.1	1513.7	7070448
30/07/2025	1519.9	1521.7	1506	1519	5719051
31/07/2025	1509.7	1527.1	1497	1509	6851407
01/08/2025	1493.9	1498.7	1465.5	1469.6	8702978
04/08/2025	1461.5	1482.8	1451	1480.5	8610216
05/08/2025	1478.7	1478.7	1455	1460.3	10213323
06/08/2025	1452	1456.1	1430.3	1436.7	10566934
07/08/2025	1430	1442	1414.2	1436.9	9892020
08/08/2025	1425	1433.2	1417.1	1423.1	10048009
11/08/2025	1419.9	1433.4	1414	1428.2	6625368
12/08/2025	1428.2	1441	1421	1424.1	9899184
13/08/2025	1425	1434	1422.4	1426.6	10318063
14/08/2025	1426.2	1470	1426.2	1447.7	12902347
18/08/2025	1464.7	1464.7	1429.6	1435.8	7254561
19/08/2025	1432.7	1449.4	1432.7	1440	3986094
20/08/2025	1440.7	1499	1440.7	1496.2	10413061
21/08/2025	1508	1508	1484.3	1496.4	6565539
22/08/2025	1498.1	1504.3	1486.1	1487.5	5543397
25/08/2025	1506.7	1539	1506.7	1532.1	10694531
26/08/2025	1523	1538.4	1518.6	1529.6	15994798
28/08/2025	1529.6	1529.6	1498	1500.1	5443364
29/08/2025	1501.9	1501.9	1467.7	1469.6	8169075
01/09/2025	1476.7	1503.4	1476.2	1499.4	4546057
02/09/2025	1499.4	1512.8	1486.3	1498.7	5218763
03/09/2025	1500	1501.9	1473	1479.1	4623483
04/09/2025	1484	1484	1460.1	1463	5787724
05/09/2025	1470	1472.7	1433	1444.6	5466487
08/09/2025	1451	1458	1428.3	1432.9	3811567
09/09/2025	1481	1507.2	1472.5	1504.3	13072640
10/09/2025	1510.1	1534.9	1509.3	1532.6	7281071
11/09/2025	1523.9	1527.5	1506.5	1509.7	8003662
12/09/2025	1537	1542.9	1521.1	1525.6	12856963
15/09/2025	1525.6	1527.5	1501.2	1508.4	6167414
16/09/2025	1508.4	1514	1503.5	1511.3	8923112
17/09/2025	1516.9	1526.7	1514	1522.4	4795698
18/09/2025	1550	1555	1538.5	1540.6	9331945
19/09/2025	1544.6	1551.3	1520.1	1540.2	12988129
22/09/2025	1482.7	1514.7	1482	1499.5	15655204
23/09/2025	1493	1513	1493	1497.5	9832164
24/09/2025	1487.2	1496.7	1482.7	1494.6	4937004
25/09/2025	1489	1502.7	1476.5	1484.8	9491867
26/09/2025	1475	1478.7	1441.2	1448.9	8597058
29/09/2025	1460	1465	1436.5	1441.8	10513117
30/09/2025	1443	1452.2	1438.1	1441.8	7556305
01/10/2025	1446	1449.5	1427.4	1445.8	6250692
03/10/2025	1439	1448.3	1433.2	1446.6	6877533
06/10/2025	1446.6	1478.8	1442.3	1476	4630590
07/10/2025	1477.7	1482.9	1454	1458.5	5570320
08/10/2025	1457	1498	1455	1495	4657192
09/10/2025	1502	1514	1487	1509.3	7028753
10/10/2025	1510	1521.7	1498.8	1514.9	3738353
13/10/2025	1497	1504.7	1483.4	1493.2	5859355
14/10/2025	1499	1514.4	1486.5	1489.9	5600789
15/10/2025	1483.9	1488.6	1467.5	1474.4	6986098
16/10/2025	1473.9	1474.5	1460.5	1471.5	8005748
17/10/2025	1454.9	1458.4	1434	1441.1	16959378
20/10/2025	1453.7	1467	1450	1460.9	6994246
21/10/2025	1478	1486	1470	1472.4	1698704
23/10/2025	1510	1546	1506	1528.5	20358624
24/10/2025	1539.5	1543	1518	1525.4	8652257
27/10/2025	1510	1515.3	1498.1	1504.5	7273211
28/10/2025	1499.7	1506.5	1490.5	1500.2	8211019
29/10/2025	1500.2	1520.2	1496.9	1510.4	4884976
30/10/2025	1507	1508.2	1489.1	1493.8	5608867
31/10/2025	1490	1497.1	1480.7	1482.3	4819814
03/11/2025	1482.3	1491.4	1474.2	1485.5	5470600
04/11/2025	1479.7	1481.9	1462.9	1467.9	8691330
06/11/2025	1478.6	1483	1461.9	1466.7	7944752
07/11/2025	1470	1480.9	1449.1	1476.8	8765759
10/11/2025	1490.1	1520	1490	1513.5	9787975
11/11/2025	1525	1533.4	1511.1	1530.3	13692989
12/11/2025	1540	1559.2	1538.1	1551.7	14635417
13/11/2025	1557.1	1557.5	1530.3	1541.8	19655689
14/11/2025	1520	1530	1488.8	1502.8	9739549
17/11/2025	1496	1510.2	1492.5	1507.6	7910354
18/11/2025	1506	1506	1483.2	1486.4	7525119
19/11/2025	1490.5	1543	1490.5	1541.1	10981126
20/11/2025	1555	1555	1534	1536.5	7387584
21/11/2025	1531	1551.5	1526.3	1545	9186302
24/11/2025	1563.6	1585	1541	1548	19270381
25/11/2025	1549	1550.6	1525.9	1530.6	8107952
26/11/2025	1532.1	1560.3	1532.1	1557.9	7575038
27/11/2025	1564	1574.3	1552.2	1566.4	7552252
28/11/2025	1565	1568.4	1557	1560.1	4453221
01/12/2025	1562.5	1574	1556	1564	5341800
02/12/2025	1567	1579.9	1556.1	1561	6335969
03/12/2025	1555.1	1586	1554.1	1578.7	12895312
04/12/2025	1568	1599	1568	1597.6	12609619
05/12/2025	1610	1631.8	1600	1616.2	10344725
08/12/2025	1617.1	1630	1600.2	1610.8	7550413
09/12/2025	1601.2	1606.9	1582.4	1599	6957599
10/12/2025	1608	1608	1582.8	1584.8	5116140
11/12/2025	1598	1607.4	1580.5	1598	5159319
12/12/2025	1601.4	1601.8	1582.6	1598.2	4633912
15/12/2025	1585	1610.8	1585	1606.8	4190558
16/12/2025	1600	1603	1585.6	1592.9	5499258
17/12/2025	1587.2	1606.9	1586	1602	4817628
18/12/2025	1610.5	1630	1606.7	1626.8	6577293
19/12/2025	1650	1654.9	1629.8	1638.7	13149023
22/12/2025	1664	1693.2	1664	1689.6	23098923
23/12/2025	1679	1679	1656.4	1668.3	6593060
24/12/2025	1661	1667.6	1652.5	1663.4	4271167
26/12/2025	1663.4	1668.8	1651.7	1656.1	2006491
29/12/2025	1658	1673.1	1637.1	1644.7	4062817
30/12/2025	1647	1647.9	1616.8	1621.6	9395937
31/12/2025	1621	1628.6	1609.2	1615.4	6538656
01/01/2026	1615.4	1639.6	1614.1	1629.8	3658165
02/01/2026	1635.9	1643.5	1627.5	1640.4	2524526
05/01/2026	1637	1637	1583.1	1606.4	5917885
06/01/2026	1600.1	1619.9	1599	1612.2	4466729
07/01/2026	1615	1642	1615	1639	4508079
08/01/2026	1638.9	1644.3	1608.6	1613.3	3942131
09/01/2026	1610	1631.3	1607	1614.1	6816681
12/01/2026	1610.1	1613.3	1592.6	1595.9	6985362
13/01/2026	1618	1618	1586.4	1599	8080618
14/01/2026	1588	1617	1583.1	1599.8	7557157
16/01/2026	1663.7	1694	1653.4	1689.8	19335957
19/01/2026	1685	1685	1666.5	1681.2	5104958
20/01/2026	1673	1680.2	1652.9	1658.9	6406503
21/01/2026	1651	1657	1631.2	1654.4	6224582
22/01/2026	1666	1671.2	1653.8	1663.5	6228892
23/01/2026	1667.2	1675.7	1662.2	1670.8	5869137
27/01/2026	1685.8	1689.4	1661.1	1682.7	10673087
28/01/2026	1680	1688.8	1650	1666.5	8588664
29/01/2026	1658	1666.5	1642.1	1659.5	4749582
30/01/2026	1655	1655	1618.1	1641	9207926
02/02/2026	1662	1662	1618	1629.4	6784887
03/02/2026	1727.2	1728	1653	1654.7	8805868
04/02/2026	1574	1584.9	1510.1	1535.8	28828622
05/02/2026	1534	1551	1515.7	1520.2	10628127
06/02/2026	1522.1	1525	1480	1507.1	13900866
09/02/2026	1522.1	1528	1493	1497.2	8294615
10/02/2026	1500	1515.9	1491	1497.8	8657000
11/02/2026	1501.2	1505.9	1469	1471.9	7934411
12/02/2026	1428.9	1435.7	1380.5	1386	26048896
13/02/2026	1293.9	1377.3	1281.5	1369.1	45785709
16/02/2026	1373.7	1376	1338.3	1365.6	14621891
17/02/2026	1370	1431	1367	1391.2	25347684
18/02/2026	1390.9	1401	1345.3	1373.7	20241373
19/02/2026	1385	1402	1363.2	1370.5	14574228
20/02/2026	1359.2	1365	1338.2	1353.2	12633552
23/02/2026	1352	1352	1318	1327.5	12887826
24/02/2026	1301	1303.6	1264.1	1275.5	27839061
25/02/2026	1286.2	1323.6	1286.2	1290.1	16669618
26/02/2026	1305.5	1314	1286.3	1289.1	11493914
27/02/2026	1326.3	1335	1294.2	1300.1	23141724
02/03/2026	1291	1298.8	1273	1288.9	9700361
04/03/2026	1292	1317	1292	1306.1	15154950
05/03/2026	1320	1320	1290.1	1305.8	10362147
06/03/2026	1303	1327.2	1303	1308.4	8724291
09/03/2026	1290	1318	1282.5	1315	10068514
10/03/2026	1320	1321	1284.1	1295.6	9600171
11/03/2026	1288	1299.5	1271.3	1276.3	7868891
12/03/2026	1272.5	1278.6	1258	1265.8	7599940
13/03/2026	1251	1269.6	1242.6	1248.3	7366098
16/03/2026	1240.2	1254.3	1224.2	1249.8	12314450
17/03/2026	1245	1245	1215.1	1232.9	11223276
18/03/2026	1238	1290.8	1234.9	1267.1	12365381
19/03/2026	1244.2	1255	1215.1	1220.8	9156461
20/03/2026	1242	1264.8	1229.2	1255.9	27299975
23/03/2026	1238.2	1261.1	1227.4	1256.8	12420171