Date	Open	High	Low	Close	Volume
28/03/2006	98.44	98.69	97.53	97.93	1832302
29/03/2006	98.57	98.79	97.48	98.29	1847797
30/03/2006	98.57	99.92	97.58	98.53	3259099
31/03/2006	99.05	100.05	97.58	98.49	8352073
03/04/2006	99.18	103.15	99.18	102.63	5031936
04/04/2006	102.9	104.39	102.78	103.61	3929854
05/04/2006	104.39	104.63	103.39	104.08	4564004
07/04/2006	104.57	104.79	102.73	103.2	4241119
10/04/2006	103.15	104.22	102.05	103.55	4603751
12/04/2006	103.41	106.33	101.67	102.62	9379270
13/04/2006	102.78	105.61	102.43	104.82	8754381
17/04/2006	105.25	106.12	104.77	105.43	2983707
18/04/2006	105.72	110.92	105.72	110.37	8211163
19/04/2006	111.31	115.41	110.7	114.14	10659773
20/04/2006	115.78	123.79	115.78	122.9	14912419
21/04/2006	123.83	124.82	118.07	120.72	8650976
24/04/2006	120.73	123.76	119.62	121	6676696
25/04/2006	121.04	121.97	117.76	118.27	3524708
26/04/2006	118.87	121.6	117.9	121.18	4795378
27/04/2006	121.6	130.02	121.6	123.57	9853311
28/04/2006	121.97	125.19	120.24	124.93	6259209
02/05/2006	126.92	129.14	126.8	127.68	3045647
03/05/2006	127.69	129.03	126.44	128.23	2673389
04/05/2006	129.03	138.78	128.78	133.76	14186838
05/05/2006	134.19	137.32	133.98	136.12	5974599
08/05/2006	138.07	144.75	137.69	143.02	7762822
09/05/2006	143.64	144.84	140.67	142.91	7244226
10/05/2006	143.64	145.5	140.82	144.85	10202815
11/05/2006	145.5	146.66	136.33	137.48	12118649
12/05/2006	138.75	138.75	130.88	132.1	8558303
15/05/2006	132.49	132.49	125.26	126.51	9724804
16/05/2006	126.92	130.62	120.85	129.24	12525373
17/05/2006	132.39	135.21	130.64	134.5	5845869
18/05/2006	131.87	132.47	122.9	124.42	9549377
19/05/2006	125.06	131.26	119.06	121.11	13997755
22/05/2006	123.21	123.7	104.01	115.08	12911483
23/05/2006	116.27	121.35	114.07	119.75	8397857
24/05/2006	120.36	120.36	107.11	116.22	11456992
25/05/2006	116.94	119.12	114.23	117.63	9098194
26/05/2006	118.87	122.81	117.95	118.69	6631388
29/05/2006	119.12	121.1	117.76	118.37	3726526
30/05/2006	118.84	121.04	117.02	118.25	3546189
31/05/2006	116.15	119.23	112.93	118.15	9106430
01/06/2006	119.49	119.49	114.54	114.58	8935806
02/06/2006	115.16	119.12	114.55	118.64	5698370
05/06/2006	119.12	120.2	114.55	114.58	5848259
06/06/2006	113.92	114.54	111.44	112.25	8414949
07/06/2006	112.06	113.92	108.82	110.58	11521168
08/06/2006	109.1	109.59	99.93	102.24	11944784
09/06/2006	100.92	115.06	100.92	114.26	11297369
12/06/2006	113.67	117.39	110.61	111.57	7039646
13/06/2006	110.21	110.21	105.38	106.32	7244040
14/06/2006	107.11	110.58	104.41	106.3	8583434
15/06/2006	108.6	111.44	108.04	110.87	6000097
16/06/2006	112.43	117.02	112.43	114.12	6956151
19/06/2006	113.67	116.4	111.82	115.62	4003171
20/06/2006	115.16	115.9	113.42	114.54	4529902
21/06/2006	115.16	119.93	113.67	119.39	6496928
22/06/2006	120.11	123.01	119.76	120.74	4852544
23/06/2006	119.86	125.87	117.89	125.3	6031015
26/06/2006	125.68	126.77	121.04	121.5	7047164
27/06/2006	122.96	125.18	121.29	122.06	12507571
28/06/2006	119.14	124.57	119.14	123.94	6403778
29/06/2006	126.79	127.54	124.01	124.86	6026607
30/06/2006	126.91	131.75	126.91	131.24	5951444
03/07/2006	131.46	133.7	130.55	132.63	4381854
04/07/2006	132.49	134.19	132.25	133.08	3618844
05/07/2006	132.99	136.09	131.89	135.48	4376904
06/07/2006	133.72	135.09	132.64	134.13	4269451
07/07/2006	135.47	135.47	127.08	127.74	6609409
10/07/2006	128.28	130	126.7	129.19	4474993
11/07/2006	129.4	130.36	128.31	129.92	3469398
12/07/2006	128.31	136.21	125.2	135.97	7344439
13/07/2006	134.51	135.59	132.54	133.17	3334343
14/07/2006	131.87	134.1	130.11	132.38	3247287
17/07/2006	131.01	132.3	127.26	127.71	2941065
18/07/2006	127.91	128.78	122.48	124.37	6374130
19/07/2006	125.06	127.53	121	121.73	6736611
20/07/2006	123.45	125.06	122	123.26	7203202
21/07/2006	122.59	123.21	118.33	119.81	6653511
24/07/2006	119.12	120.73	116.58	120.3	5322776
25/07/2006	121.94	122.71	120.98	122.32	3152067
26/07/2006	122.59	124.43	121.49	123.81	2948918
27/07/2006	124.43	125.78	122.37	123.84	4682950
28/07/2006	124.9	124.9	120.61	121.23	3609008
31/07/2006	122.34	123.58	120.87	121.2	3319820
01/08/2006	120.61	122.71	120.61	121.55	3479516
02/08/2006	121.23	123.14	121.23	122.7	2060549
03/08/2006	123.21	124.82	121.52	122.34	3973655
04/08/2006	122.34	123.76	119.15	119.84	4994599
07/08/2006	119.86	119.95	117.88	118.25	2432744
08/08/2006	118.32	121.31	118.25	121	2209516
09/08/2006	121	123.38	120.11	122.34	3368611
10/08/2006	122.34	122.59	119.76	121.22	2701869
11/08/2006	122.08	125.68	120.73	125.19	5525255
14/08/2006	125.68	127.79	124.1	127.45	2643615
16/08/2006	128.16	130.64	128.05	129.58	4117495
17/08/2006	131.13	132.99	128.54	132.01	5353897
18/08/2006	132.25	133.55	129.89	130.75	2157694
21/08/2006	130.64	133.1	129.4	132.2	2365329
22/08/2006	133.73	134.34	130.7	131.85	3095055
23/08/2006	131.5	132.98	130.66	131.49	2384297
24/08/2006	131.26	138.66	130.27	137.06	5654802
25/08/2006	138.07	139.3	136.33	137.53	4796556
28/08/2006	137.82	139.17	137.09	138.95	2073874
29/08/2006	139.91	141.15	138.07	138.54	3949482
30/08/2006	138.07	140.54	137.09	139.78	3288304
31/08/2006	128.78	140.64	128.78	138.36	5138080
01/09/2006	138.07	139.73	138.07	138.99	2145745
04/09/2006	139.31	140.91	139.31	140.12	2482734
05/09/2006	139.3	140.54	138.19	139.42	1488628
06/09/2006	139.43	141.9	139.18	140.85	3579830
07/09/2006	140.54	140.54	138.72	139.39	2806030
08/09/2006	139.92	140.47	137.76	140.02	4495580
11/09/2006	140.17	140.54	134.1	134.69	4762799
12/09/2006	135.22	137.42	132.88	137.06	5799339
13/09/2006	137.67	139.34	137.57	138.21	4004791
14/09/2006	138.69	140.78	138.17	139.47	3167438
15/09/2006	139.55	141.66	137.97	141.24	3008309
18/09/2006	141.78	142.48	139.32	140.35	2757594
19/09/2006	140.54	141.83	137.32	138.42	3060577
20/09/2006	137.94	140.15	136.83	139.69	3127726
21/09/2006	140.31	141.62	139.95	141.03	3702426
22/09/2006	140.51	143.5	139.68	143.14	5310389
25/09/2006	143.61	145.5	143.14	144.02	4309600
26/09/2006	144.13	146.36	143.66	146	3786786
27/09/2006	146.86	148.2	144.91	145.38	2420909
28/09/2006	145.03	146.11	144.01	144.63	3831187
29/09/2006	147.33	147.33	144.77	145.09	2026064
03/10/2006	144.29	145.66	143.64	143.86	1039522
04/10/2006	144.26	144.51	141.53	142.28	5087322
05/10/2006	143.64	144.18	142.47	143.01	4079358
06/10/2006	144.38	145.42	142.65	143.99	2702479
09/10/2006	143.02	144.51	142.41	142.83	1653865
10/10/2006	143.64	144.23	142.03	142.51	1316925
11/10/2006	143.02	143.87	140.98	141.57	2707855
12/10/2006	141.71	145.25	141.44	144.72	3890228
13/10/2006	145.25	148.09	145.25	147.44	5415820
16/10/2006	147.97	150.94	147.85	150.25	4348186
17/10/2006	150.45	151.29	149.22	150.47	2535472
18/10/2006	148.86	151.13	148.86	149.64	2466134
19/10/2006	150.33	150.33	146.93	148.23	3684154
20/10/2006	149.31	150.98	148.59	149.03	3792624
23/10/2006	148.59	148.7	147.56	147.83	1779594
26/10/2006	147.35	147.85	144.88	145.49	2425246
27/10/2006	146.6	151.95	146.13	151.4	4776535
30/10/2006	151.69	153.54	150.1	153.07	2043590
31/10/2006	152.93	153.42	150.85	151.81	2048330
01/11/2006	151.19	157.01	151.08	156.57	5496687
02/11/2006	157.01	160.85	155.84	158.91	4150837
03/11/2006	159.74	159.97	157.01	159.45	3253964
06/11/2006	159.24	162.83	158.53	161.53	3496771
07/11/2006	161.96	162.95	159.14	159.9	3643621
08/11/2006	159.9	160.32	153.71	155.06	4882281
09/11/2006	155.53	156.84	154.02	156.1	4096597
10/11/2006	156.89	160.19	155.17	159.15	3433415
13/11/2006	159.49	160.48	158.75	159.17	1127083
14/11/2006	159.79	160.47	157.56	158.42	1624814
15/11/2006	158.75	159.22	155.79	156.35	2094408
16/11/2006	156.64	158.75	155.42	156.73	1616180
17/11/2006	157.26	157.51	155.07	155.93	1255215
20/11/2006	151.72	157	151.72	155.9	2787002
21/11/2006	156.89	158.3	155.92	157.76	1829275
22/11/2006	158.49	159.8	157.54	158.27	1802105
23/11/2006	158.5	159.71	157.14	157.5	1840998
24/11/2006	157.26	157.8	155.81	156.31	2104153
27/11/2006	156.27	157.14	154.86	155.14	1812379
28/11/2006	154.7	157.22	153.53	154.87	3116339
29/11/2006	155.41	156.73	154.31	154.7	1766782
30/11/2006	154.91	156.14	153.55	154.1	2691326
01/12/2006	154.18	157.12	154.18	156.15	2280348
04/12/2006	156.64	158	155.48	156.01	2498187
05/12/2006	158.5	160.28	156.64	158.44	3765214
06/12/2006	159.09	160.84	157.28	158.66	3199081
07/12/2006	158.62	162.09	158.62	161.1	3823498
08/12/2006	161.59	161.59	156.64	157.15	2917691
11/12/2006	158.5	158.5	151.85	153.54	4535936
12/12/2006	153.3	155.9	145.66	149.26	6878210
13/12/2006	150.44	153.8	148.72	153.35	5255745
14/12/2006	154.16	157.68	153.43	155.95	3005436
15/12/2006	156.76	157.26	154.23	155.24	2415209
18/12/2006	156.02	160.73	153.92	159.62	2522336
19/12/2006	160.7	160.7	152.31	155.22	4225479
20/12/2006	156.02	157.88	152.71	154.65	4201035
21/12/2006	155.03	156.96	153.93	156.2	2314366
22/12/2006	156.21	157.88	155.56	157.58	1402800
26/12/2006	159.1	159.1	156.76	158.13	1647160
27/12/2006	159.12	160.71	158.56	160.15	2336334
28/12/2006	160.6	161.35	157.04	157.84	4093985
29/12/2006	158.5	159.36	156.66	157.28	2244378
02/01/2007	157.88	159.22	157.3	158.61	1149902
03/01/2007	159.12	159.85	157.92	159.06	1489730
04/01/2007	159.74	160.97	158.13	158.56	3022423
05/01/2007	157.88	162.46	157.88	159.51	3047126
08/01/2007	160.23	160.23	156.84	158.11	2191355
09/01/2007	160.33	160.33	157.51	158.29	2561246
10/01/2007	157.88	159.85	156.53	157.65	4813168
11/01/2007	157.88	160.97	156.66	160.54	2228244
12/01/2007	162.05	166.55	160.35	165.87	4479089
15/01/2007	169	169.89	166.67	169.02	3217452
16/01/2007	169.27	169.89	166.43	166.79	1793509
17/01/2007	168.16	168.65	166.56	167.15	1564256
18/01/2007	167.78	171.46	167.04	169.32	3531763
19/01/2007	176.82	176.82	170.17	171.22	6458817
22/01/2007	171.5	172.73	169.77	170.12	1567523
23/01/2007	169.77	170.97	168.11	168.47	1213863
24/01/2007	170.19	170.19	168.43	169.58	1682940
25/01/2007	170.84	170.84	168.72	169.72	2529979
29/01/2007	169.64	172.6	169.05	171.16	1691270
31/01/2007	171.62	171.99	168.23	169.2	2700046
01/02/2007	169.39	171.38	168.91	170.58	919579
02/02/2007	171.34	172.58	169.4	170.27	1631888
05/02/2007	170.88	172.24	169.89	171.79	962858
06/02/2007	164.69	174.35	164.69	172.02	1756515
07/02/2007	173.11	173.33	171.03	172.73	1527047
08/02/2007	172.98	173.73	171	172.99	1002039
09/02/2007	173.42	174.2	169.64	172.34	1538248
12/02/2007	171.75	171.75	167.56	168.27	1268179
13/02/2007	167.91	171.5	166.17	169.15	1443752
14/02/2007	169.04	171.71	166.21	170.51	1421621
15/02/2007	171.19	175.05	171.19	174.22	2044494
19/02/2007	174.59	177.07	174.59	175.93	1562912
20/02/2007	176.95	178.85	174.63	175.16	3280207
21/02/2007	172.24	176.45	172.24	174.19	1527424
22/02/2007	175.21	176.57	173.36	174.85	3719836
23/02/2007	176.33	178.77	173.62	175	3751615
26/02/2007	175.83	177.05	169.95	174.17	7248366
27/02/2007	161.61	175.23	161.61	174.03	2988590
28/02/2007	167.18	170.88	164.83	167.47	7056818
01/03/2007	170.26	170.26	163.33	169.36	3952391
02/03/2007	169.77	169.77	161.96	162.98	4747034
05/03/2007	160.97	161.1	154.56	155.94	5389119
06/03/2007	157.75	161.83	156.43	160.71	3553116
07/03/2007	162.34	164.57	156.16	159.57	3450264
08/03/2007	163.33	165.93	159.74	165.38	3345797
09/03/2007	165.68	167.14	161.59	163.23	2411381
12/03/2007	164.68	165.26	161.84	162.92	2156009
13/03/2007	162.92	164.9	161.62	164.29	1581553
14/03/2007	162.09	162.09	156.18	159.16	2687015
15/03/2007	160.85	162.2	158.37	158.92	2859247
16/03/2007	158.92	161.69	158	160.99	2567950
19/03/2007	161.11	163.2	160.61	162.65	1180894
20/03/2007	163.2	165.31	162.96	163.82	1172767
21/03/2007	163.45	166.4	161.59	165.93	1198964
22/03/2007	166.79	170.87	166.79	170.29	2414019
23/03/2007	170.38	171.35	168.4	170.39	1906116
26/03/2007	171.25	171.25	167.17	168.97	1473727
28/03/2007	168.4	170.14	166.24	167.17	2133169
29/03/2007	168.9	169.52	166.67	168.06	2648059
30/03/2007	168.4	170.25	167.56	169.68	2645527
02/04/2007	167.78	168.26	161.62	162.7	3290334
03/04/2007	163.51	166.67	162.15	166.02	2661129
04/04/2007	166.92	169.51	166.88	168.81	1990052
05/04/2007	168.78	169	167.44	168.26	1213467
09/04/2007	169.02	171.87	168.65	171.41	1111931
10/04/2007	172.06	172.12	169.72	171.43	1325433
11/04/2007	171.52	173.16	170.51	171.7	1677682
12/04/2007	171.38	172.49	169.92	171.81	1099116
13/04/2007	170.29	175.33	170.29	174.84	1520073
16/04/2007	175.6	181.28	175.49	180.51	1697452
17/04/2007	181.41	184.25	179.84	182.74	3820017
18/04/2007	182.4	185.23	182.4	183.93	2291918
19/04/2007	181.44	185.68	180.86	184.79	2200255
20/04/2007	185.12	191.31	185.12	190.87	2386403
23/04/2007	191.06	193.17	188.87	192.46	2501245
24/04/2007	192.43	196.83	190.82	196.01	2380022
25/04/2007	195.89	198.12	193.54	197.92	2062547
26/04/2007	199.36	201.42	196.14	197.73	6204641
27/04/2007	199.61	199.61	189.7	190.59	3137369
30/04/2007	191.91	194.65	185.86	193.3	2385514
03/05/2007	195.03	201.84	195.03	201.36	3685012
04/05/2007	201.87	202.58	195.29	196.04	3685098
07/05/2007	198.74	200.35	197.63	198.93	2832701
08/05/2007	199.17	199.91	196.88	197.27	2145696
09/05/2007	196.88	198.12	194.84	197.91	2307786
10/05/2007	198.99	199.34	195.03	195.82	1810733
11/05/2007	192.05	198.12	189.61	196.77	3365965
14/05/2007	199.36	201.47	198.74	200.63	1910033
15/05/2007	200.66	201.33	197.32	197.94	3468852
16/05/2007	198.25	204.07	197.95	202.42	2843184
17/05/2007	203.71	209.24	203.71	208.68	2854239
18/05/2007	208.62	211.25	206.8	210.31	2318273
21/05/2007	211.74	219.17	211.02	218.05	3239284
22/05/2007	219.05	221.03	215.23	220.32	3931802
23/05/2007	220.41	222.61	216.7	217.46	1603841
24/05/2007	216.7	217.93	212.62	213.87	2824875
25/05/2007	210.66	215.09	210.64	213.98	2419081
28/05/2007	215.45	216.7	212.52	213.46	1540056
29/05/2007	213.23	218.92	212.09	217.55	2321445
30/05/2007	216.7	220.41	215.72	217.05	3083875
31/05/2007	217.31	219.39	216.32	217.79	1866498
01/06/2007	219.52	220.4	216.37	216.85	1504954
04/06/2007	219.05	219.05	215.28	215.7	1394408
05/06/2007	215.33	216.82	213.25	216.13	1810873
06/06/2007	216.82	217.69	208.31	209.43	2727682
07/06/2007	207.16	211.35	205.55	206.68	2589690
08/06/2007	206.05	210.24	203.95	205.19	3453696
11/06/2007	222.89	222.89	205.58	206.31	2155325
12/06/2007	207.4	211.97	205.89	210.37	2972202
13/06/2007	210.29	211.72	206.79	207.46	2240665
14/06/2007	208.77	210.88	208.65	210.02	1996192
15/06/2007	210.5	211.74	206.56	208.26	1996976
18/06/2007	210.23	210.23	206.36	206.99	1424616
19/06/2007	206.99	214.27	206.8	213.79	2202023
20/06/2007	213.79	216.55	213.23	214.58	1960094
21/06/2007	214.84	216.39	213.13	214.76	1621509
22/06/2007	214.84	214.84	210.34	211.14	2055653
25/06/2007	211.5	212.24	210.11	211.64	2889439
26/06/2007	211.62	212.98	210.5	210.91	1442066
27/06/2007	210.38	212.97	209.59	210.33	1571971
28/06/2007	211.62	212.34	208.81	209.51	2817089
29/06/2007	210.5	211.87	209.14	210.57	2635833
02/07/2007	211	211.99	207.91	208.56	2737732
03/07/2007	207.55	212.1	207.55	211.41	2680539
04/07/2007	211.87	214.42	211.62	212.75	2179332
05/07/2007	212.73	213.6	208.09	211.72	1759660
06/07/2007	212.24	214.29	208.65	211.73	1577879
09/07/2007	210.86	212.91	210.63	211.86	1509831
10/07/2007	212.37	212.37	209.89	210.84	1126790
11/07/2007	212.61	212.83	208.79	210.91	1231205
12/07/2007	211.32	213.61	211.32	212.9	1417920
13/07/2007	214.19	221.74	213.75	219.55	4454697
16/07/2007	220.41	221.53	218.83	220	1506972
17/07/2007	221.53	227.69	220.42	226.34	3566387
18/07/2007	227.22	227.72	223.33	225.69	3072600
19/07/2007	225.74	236.38	225.02	234.38	3840133
20/07/2007	235.15	237.13	232.92	234.3	3610919
23/07/2007	232.79	237.13	232.17	236.41	2359687
24/07/2007	236.76	239.11	236.26	236.83	2313661
25/07/2007	234.65	236.76	232.17	235.59	2253970
26/07/2007	236.51	241.28	236.01	240.46	3789715
27/07/2007	237.72	239.73	229.7	231.25	6558586
30/07/2007	233.41	235.13	227.84	228.92	2788649
31/07/2007	230.94	235.49	226.97	234.46	2246392
01/08/2007	230.56	232.05	221.96	222.61	4184118
02/08/2007	227.47	227.8	221.9	222.96	2392662
03/08/2007	224.25	227.67	222.39	223.03	2985750
06/08/2007	220.78	221.9	216.87	220.43	2210646
07/08/2007	224.13	225.49	221.93	224.15	3094692
08/08/2007	225.74	233.4	225.22	232.23	3259975
09/08/2007	233.66	236.82	227.28	228.56	3666336
10/08/2007	225.36	225.36	219.94	224.01	3363768
13/08/2007	225.61	227.44	223.82	226.5	1574985
14/08/2007	222.89	227.84	222.89	226.98	1019447
16/08/2007	221.9	221.9	213.6	215.34	4004899
17/08/2007	211.87	219.66	208.42	217.05	5958453
20/08/2007	222.89	228.46	220.53	222.64	2357903
21/08/2007	222.89	224.46	214.88	216.31	3838397
22/08/2007	216.32	222.12	212.4	218.7	4304130
23/08/2007	222.76	223.88	214.84	215.95	3057645
24/08/2007	217.38	220.66	215.72	219.96	1699023
27/08/2007	225.12	227.89	221.9	227.07	2052305
28/08/2007	227.07	234.03	226.23	233.1	3221906
29/08/2007	229.57	235.74	228.46	233.99	2659196
30/08/2007	235.27	238.37	232.92	236.76	4219933
31/08/2007	235.27	243.94	235.13	242.81	3631120
03/09/2007	242.81	245.05	240.22	242.45	1994257
04/09/2007	243.19	244.79	237.9	244.3	2030637
05/09/2007	246.04	246.91	241.58	243.27	2495169
06/09/2007	240.72	246.17	240.59	245.53	1531284
07/09/2007	245.55	246.41	242.08	243.06	1840068
10/09/2007	242.08	247.03	240.72	245.87	1558841
11/09/2007	246.41	248.7	245.8	246.43	2167892
12/09/2007	247.16	250.25	246.66	249.28	2407667
13/09/2007	250.75	251.99	249.34	251.06	1975162
14/09/2007	251.99	256.43	251.15	251.96	2558842
17/09/2007	251.37	255.01	250.25	251.16	1444760
18/09/2007	250.13	255.58	249.62	254.84	2514217
19/09/2007	264.37	270.29	257.55	269.19	3308060
20/09/2007	269.45	272.63	268.33	271.22	2726830
21/09/2007	270.44	284.68	270.13	282.38	2888873
24/09/2007	284.8	294.58	283.07	291.67	3906329
25/09/2007	286.69	300.4	286.69	297.13	3355641
26/09/2007	297.06	299.04	286.66	287.52	3935791
27/09/2007	288.6	293.47	285.48	287.07	3494924
28/09/2007	290.99	290.99	280.47	284.56	3454315
01/10/2007	286.04	288.39	280.13	283.83	4448285
03/10/2007	285.05	302.14	276.75	296.68	6704314
04/10/2007	294.71	302.12	292.48	300.39	3492432
05/10/2007	308.92	311.42	299.66	308.64	4065960
08/10/2007	310.18	313.53	295.43	299.81	3736225
09/10/2007	288.64	324.28	272.13	321.95	4137315
10/10/2007	326.27	332.35	319.75	324.23	4999438
11/10/2007	329.25	329.25	319.77	325.73	4903126
12/10/2007	325.97	337.39	314.75	317.71	9947936
15/10/2007	320.1	331.85	319	330.16	4920977
16/10/2007	328.76	334.32	324.3	328.33	5638322
17/10/2007	311.79	334.95	278.73	332.79	8626308
18/10/2007	340.52	370.12	312.79	319.86	7574262
19/10/2007	324.92	334.33	299.62	305.76	5322440
22/10/2007	297.18	307.46	293.69	298.43	5051715
23/10/2007	305.85	323.68	303.99	321.93	4880073
24/10/2007	326.9	328.23	316.57	323.81	4302258
25/10/2007	322.57	330.34	320.98	325.42	4181650
26/10/2007	328.14	336.04	322.6	334.12	3942809
29/10/2007	342.38	352.29	338.66	350.17	4509529
30/10/2007	351.54	353.46	339.32	342.94	4374145
31/10/2007	342.75	349	341.02	344.71	4153087
01/11/2007	349.19	351.54	328.15	331.93	5986480
02/11/2007	319.1	337.43	319.1	335.98	3867608
05/11/2007	335.98	338.66	326.03	329.52	4453574
06/11/2007	334.17	341.14	328.29	330.15	3027331
07/11/2007	341.14	347.21	334.33	343.11	3482112
08/11/2007	340.52	346.07	328.39	339.64	3639342
09/11/2007	345.48	345.48	333.09	338.59	681498
12/11/2007	328.14	334.91	322.2	331.31	4521756
13/11/2007	332.6	337.28	329.38	333.48	4241726
14/11/2007	338.05	358.97	338.05	357.67	6131511
15/11/2007	356.62	360.33	352.9	356.01	2639340
16/11/2007	352.9	362.56	349.44	356.82	2545231
19/11/2007	357.26	359.84	351.79	353.02	1778497
20/11/2007	350.43	353.9	341.79	344.84	3804144
21/11/2007	343	346.45	333.09	335.51	4287627
22/11/2007	342.96	342.96	330.12	337.4	3519383
23/11/2007	340.53	350.8	336.82	348.1	2386365
26/11/2007	353.67	359.55	350.19	357.18	3025531
27/11/2007	358.48	358.48	349.81	352.08	2439933
28/11/2007	353.52	355.23	342.87	345.76	2394190
29/11/2007	351.54	352.12	346.47	348.27	4045389
30/11/2007	349.81	356.99	348.36	353.11	3086761
03/12/2007	357.63	364.41	353.65	363.42	2451946
04/12/2007	365.29	367.22	352.93	354.45	2637250
05/12/2007	360.67	361.57	354.76	359.27	1958011
06/12/2007	365.29	369.99	354.79	355.85	2480173
07/12/2007	359.72	359.72	347	351.85	3296976
10/12/2007	352.9	355.23	346.87	349.56	1845761
11/12/2007	353.52	358.97	350.43	357.32	3182745
12/12/2007	355.51	360.33	351.67	356.73	3105727
13/12/2007	357.2	362.09	348.61	350.77	3308802
14/12/2007	347.33	359.1	347.33	357.69	3562187
17/12/2007	352.91	357.61	335.57	343.63	3594591
19/12/2007	331.86	344.84	328.33	334.8	3792872
20/12/2007	336.19	344.73	333.33	336.02	2500665
24/12/2007	342.5	346.71	334.08	345.3	2693235
26/12/2007	346.71	360.92	346.47	358.66	3170047
27/12/2007	359.1	362.32	356.01	358.33	3821936
28/12/2007	357.49	362.81	353.68	358.46	1816867
31/12/2007	359.53	362.81	355.38	356.95	1281379
01/01/2008	357.86	358.97	351.06	352.69	1204696
02/01/2008	353.52	357.11	348.11	354.36	3117451
03/01/2008	353.15	362.81	350.46	359.55	3452086
04/01/2008	359.59	373.93	359.59	370.61	4053144
07/01/2008	368.36	375.19	366.53	373.99	3132985
08/01/2008	377.73	381.88	371.48	378.25	4907826
09/01/2008	377.38	380.15	373.01	375.65	2522299
10/01/2008	375.81	383.55	373.34	374.92	4107103
11/01/2008	381.32	388.81	374.57	387.28	5031340
14/01/2008	391.17	401.2	387.08	398.83	2761350
15/01/2008	408.38	408.38	388.98	391.98	3798648
16/01/2008	385.1	389.43	374.57	383.07	5554677
17/01/2008	391.17	391.17	368.53	371.05	4791289
18/01/2008	368.38	368.38	344.24	346.66	5803304
21/01/2008	344.21	344.21	290.4	314.62	8279575
22/01/2008	291.27	308.08	262.51	291.91	8766276
23/01/2008	299.66	349.81	297.18	315.84	7329351
24/01/2008	320.71	327.52	301.52	308.19	4882441
25/01/2008	318.85	325.04	312.66	323.86	2996462
28/01/2008	317.61	321.29	300.9	317.79	3025440
29/01/2008	327.52	327.52	314.56	319.09	1988599
30/01/2008	315.16	321.7	303.75	306.09	2497759
31/01/2008	306.1	318.2	293.59	306.95	5649201
01/02/2008	308.33	317.03	299.66	314.86	2109433
04/02/2008	314.02	327.15	314.02	320.86	2950332
05/02/2008	321.95	326.16	317.78	324.07	1731683
06/02/2008	316.98	318.23	309.73	316.07	2201762
07/02/2008	312.04	319.47	298.06	300.33	3133544
08/02/2008	301.53	305.6	295.94	300.45	3160339
11/02/2008	298.92	298.92	276.75	281.95	4760592
12/02/2008	282.45	299.66	279.48	287.88	4073504
13/02/2008	293.47	305.72	291	295.88	4747799
14/02/2008	303.37	313.65	303.37	311.64	2879421
15/02/2008	310.17	321.95	305.36	321.2	2152508
18/02/2008	321.95	323.81	314.27	316.21	1304630
19/02/2008	320.71	324.18	313.28	316.32	1608669
20/02/2008	309.59	315.76	304.86	307.58	2207600
21/02/2008	310.8	314.64	304.79	309.11	1607483
22/02/2008	302.42	307.09	299.04	301.45	1982606
25/02/2008	308.95	317.61	298.43	315.94	1853574
26/02/2008	317.6	320.21	313.54	319.06	1461973
27/02/2008	322.57	326.65	318.24	320.52	2665462
28/02/2008	319.47	321.95	311.63	313.68	2821861
29/02/2008	316	316	298.42	305.04	3336910
03/03/2008	297.16	297.16	283.51	285.54	3028734
04/03/2008	287.28	289.51	273.66	277.77	4554609
05/03/2008	277.38	287.28	275.77	283.9	2937145
07/03/2008	282.16	282.16	268.24	278.39	3323902
10/03/2008	273.77	283.41	262.8	281.65	5243330
11/03/2008	278.61	291.61	272.96	290.73	3666369
12/03/2008	299.51	300.7	292.23	294.04	3195994
13/03/2008	283.56	287.9	272.62	277.75	4050878
14/03/2008	278.61	289.74	276.17	287.6	2736483
17/03/2008	279.98	281.46	266.85	269.97	4709376
18/03/2008	278.58	278.58	262.51	266.35	3965487
19/03/2008	278.61	290.37	265.63	267.35	3399737
24/03/2008	267.46	273.62	263.18	272.45	2985289
25/03/2008	274.28	287.89	274.28	286.51	3115010
26/03/2008	289.01	289.26	281.15	284.73	2331754
27/03/2008	283.56	286.53	277.87	281.18	4148373
28/03/2008	289.01	293.21	276.34	291.29	3944461
31/03/2008	285.42	289.13	278.62	280.57	3096566
01/04/2008	284.68	294.09	277.8	290.4	3063841
02/04/2008	296.56	303.72	288.52	290.19	3664625
03/04/2008	290.99	299.41	290.5	296.69	1977750
04/04/2008	295.33	299.03	286.25	287.42	2486271
07/04/2008	279.38	300.86	279.38	297.79	2632844
08/04/2008	297.18	300.01	292.22	294.92	2819713
09/04/2008	291.61	301.12	291.12	299.44	2281967
10/04/2008	300.28	311.97	297.93	305.68	3666638
11/04/2008	314.52	317.86	305.29	315.95	4286756
15/04/2008	311.41	326.53	307.88	323.41	4266890
16/04/2008	324.43	330.12	323.84	327.21	3601987
17/04/2008	331.88	336.56	324.49	326.91	2506892
21/04/2008	325.63	331.85	324.68	327.35	2114344
22/04/2008	322.07	331.24	321.6	322.86	2872718
23/04/2008	323.43	325.91	317.99	319.17	3176219
24/04/2008	321.95	321.95	316.54	319.8	3303999
25/04/2008	320.71	326.16	317.24	324.98	3370534
28/04/2008	325.79	327.52	319.79	320.88	2041983
29/04/2008	319.47	331.24	319.47	329.37	2486561
30/04/2008	328.14	331.24	322.77	323.74	2737552
02/05/2008	374.7	374.7	325.54	331.2	2409509
05/05/2008	331.25	335.45	328.14	330.52	2103808
06/05/2008	321.95	332.1	321.95	328.14	2103076
07/05/2008	334.33	334.33	324.92	332.96	2549324
08/05/2008	331.85	332.6	328.46	330.28	1894271
09/05/2008	330.06	331.07	310.8	313.08	3507684
12/05/2008	310.93	317.5	306.73	316.23	2761164
13/05/2008	321.95	321.95	308.08	309.7	2600800
14/05/2008	312.04	316.38	307.12	313.37	2009835
15/05/2008	313.39	326	313.37	324.79	2500502
16/05/2008	325.79	327.89	322.32	326.37	1933723
20/05/2008	325.04	326.28	318.73	322.31	1777614
21/05/2008	319.47	331.24	315.79	330.33	3334889
22/05/2008	326.28	328.14	321.58	325.17	2387252
23/05/2008	325.66	326.9	315.76	316.52	2063402
26/05/2008	314.52	316.36	309.83	311.5	2662132
27/05/2008	317	320.69	307.09	308.96	1747866
28/05/2008	310.18	313.9	305.97	312.35	2157344
29/05/2008	316.43	316.43	302.76	304.95	4122995
30/05/2008	309.43	309.43	295.98	297.62	3588787
02/06/2008	300.65	302.14	289.75	292.08	2742514
03/06/2008	290.99	300.27	286.41	298.01	3612031
04/06/2008	298.3	302.63	282.94	285.67	3894687
05/06/2008	290.99	290.99	269.32	278.21	7716138
06/06/2008	284.68	284.68	273.9	277.18	4965105
09/06/2008	270.19	274.82	261.4	267.8	5229890
10/06/2008	278.61	278.61	265.61	272.14	4559201
11/06/2008	282.32	282.32	273.66	280.02	4785355
12/06/2008	278.62	284.18	267.01	281.99	5237223
13/06/2008	283.19	284.79	276.75	281.14	3499671
16/06/2008	290.99	290.99	280.12	282.61	3163129
17/06/2008	282.33	289.75	279.85	288.87	2493500
18/06/2008	290.99	290.99	282.32	283.2	2881337
19/06/2008	279.7	281.09	276.16	278.38	2036997
20/06/2008	279.85	279.85	256.98	259.94	5356849
23/06/2008	257.56	257.92	245.47	250.83	5456421
24/06/2008	253.22	264.12	249.51	255.42	5989228
25/06/2008	242.24	265.98	242.24	264.49	4179505
26/06/2008	265.61	279.83	264.49	277.31	9536641
27/06/2008	269.45	278.36	264.4	270.27	6517499
30/06/2008	269.94	274.51	257.31	259.43	6026649
01/07/2008	261.27	266.1	250.92	253.12	5926354
02/07/2008	252.57	270.31	246.41	265.48	6945445
03/07/2008	263.75	263.75	250.82	256.33	4915980
04/07/2008	256.33	263.9	253.85	259.78	4070364
07/07/2008	258.8	262.51	247.28	251.14	3720988
08/07/2008	247.4	249.75	239.02	245.11	4810596
09/07/2008	247.65	259.41	247.65	257.45	3520252
10/07/2008	257.17	258.15	251.57	253.43	2878942
11/07/2008	254.34	256.18	246.66	249.65	3350305
14/07/2008	247.65	256.94	246.41	253.03	3713341
15/07/2008	248.27	253.45	243.69	244.85	4765338
16/07/2008	246.43	250.75	237.75	240.66	3876668
17/07/2008	252.36	253.19	243.33	249.95	3088057
18/07/2008	246.41	263.38	246.41	261.67	3849669
21/07/2008	266.1	267.99	259.17	266.58	2975966
22/07/2008	263.13	272.29	263.13	266.49	2853219
23/07/2008	268.7	282.2	268.7	280.75	5049840
24/07/2008	279.83	288.52	279.83	285.8	3331358
25/07/2008	289.56	289.56	264.37	265.87	7129220
28/07/2008	266.23	271.06	260.78	269.93	3383436
29/07/2008	264.96	267.33	256.94	257.94	3553556
30/07/2008	264.74	269.2	260.04	268.15	2096377
31/07/2008	274.25	274.89	266.88	273.35	3253164
01/08/2008	268.71	286.41	266.6	284.5	3774513
04/08/2008	290.97	290.97	276.45	277.67	4096186
05/08/2008	279.43	283.07	273.04	281.83	4797583
06/08/2008	283.56	290.87	283.08	284.63	4163954
07/08/2008	284.55	286.89	279.88	281.41	2806584
08/08/2008	278.57	282.82	276.26	278.83	3303349
11/08/2008	278.75	289.26	278.75	287.93	2927085
12/08/2008	289.75	294.03	286.67	290.65	3758158
13/08/2008	288.49	294.21	285.71	289.36	3252519
14/08/2008	289.26	290.37	280.01	281.92	2397678
18/08/2008	283.56	283.56	273.68	275.49	2513403
19/08/2008	275.51	276.63	271.85	274.84	2077098
20/08/2008	274.89	279.85	274.58	278.16	2273633
21/08/2008	280	280	272.73	273.98	1954673
22/08/2008	272.36	279.83	272.31	277.97	2294686
25/08/2008	273.08	282.94	273.08	276.38	1391259
26/08/2008	274.77	274.77	265.81	269.86	3475808
27/08/2008	272.41	272.41	264.99	265.98	3693248
29/08/2008	264.99	265.97	259.91	264.52	2517428
01/09/2008	262.51	268.14	260.41	265.19	2288933
02/09/2008	264.99	275.51	263.13	274	2521424
04/09/2008	278.61	278.61	264	266.5	2663348
05/09/2008	260.65	260.65	255.7	257.67	3225044
08/09/2008	271.18	271.18	263.13	264.15	2868523
09/09/2008	265.61	267.34	258.37	265.3	1970535
10/09/2008	263.74	264.33	256.57	257.89	3817866
11/09/2008	256.32	256.32	245.45	247.33	5691958
12/09/2008	251.24	252.61	237.71	239.31	6817991
15/09/2008	233.99	235.27	225.77	233.65	5023992
16/09/2008	222.89	239.6	222.89	238.74	4476452
17/09/2008	242.7	242.7	228.89	232.38	4034391
18/09/2008	223.13	241.21	218.55	240.01	8745924
19/09/2008	245.3	256.56	242.7	254.48	5157010
22/09/2008	260.04	261.27	249.67	252.49	5798887
23/09/2008	247.65	259.59	247.65	248.45	5184886
24/09/2008	246.42	255.69	246.42	253.36	5464106
25/09/2008	252.74	255.04	246.79	250.83	4918882
26/09/2008	249.88	251.99	242.23	243.1	3470456
29/09/2008	244.56	245.18	232.92	239.34	6063788
30/09/2008	234.02	245.8	223.56	241.38	6794615
01/10/2008	242.7	243.07	233.22	236.1	3475963
03/10/2008	242.58	242.58	216.16	218.11	10688459
06/10/2008	214.1	216.57	202.16	203.27	6053146
07/10/2008	205.69	211.99	199.79	207.37	6456317
08/10/2008	201.84	206.28	186.84	204.13	7673196
10/10/2008	198.08	198.08	182.89	189.16	8394546
13/10/2008	192.92	197.38	191.96	194.58	4466997
14/10/2008	201.22	206.54	199.36	200.73	4625862
15/10/2008	196.89	198.08	186.54	188.24	5172738
16/10/2008	179.55	181.41	164.07	172.36	10250021
17/10/2008	173.36	178.31	159.34	161.72	7155727
20/10/2008	164.68	170.88	158.62	163.56	7029875
21/10/2008	167.17	176.45	163.88	172.73	6723686
22/10/2008	169.96	170.08	161.66	163.05	4467280
23/10/2008	157.38	160.59	148.02	150.78	7147612
24/10/2008	148.59	149.8	122.59	126.24	9257453
27/10/2008	127.19	134.97	115.16	133.36	9895825
29/10/2008	148.59	150.81	142.28	148.81	7771683
31/10/2008	156.63	172.73	152.97	170.32	10466939
03/11/2008	178.19	180.17	173	178.52	7050582
04/11/2008	179.55	181.28	170.29	179.75	6263438
05/11/2008	186.38	186.38	153.33	157.14	11704998
06/11/2008	148.55	152.68	143.18	144.94	9580735
07/11/2008	145.25	153.52	142.56	151.16	7157451
10/11/2008	154.82	162.06	152.93	161.36	4959086
11/11/2008	158.51	159.74	147.85	149.54	6816077
12/11/2008	148.59	149.41	141.48	143.91	8267192
14/11/2008	147.28	147.97	134.64	142	11272905
17/11/2008	142.4	144.86	133.53	141.34	7437912
18/11/2008	136.46	142.65	132.54	141.16	7351488
19/11/2008	142.55	151.3	138.07	140.23	10156564
21/11/2008	131.87	143.14	127.8	139.22	8694181
24/11/2008	145.69	145.69	133.11	141.76	7481339
25/11/2008	144.88	147.2	130.14	132.72	7571705
26/11/2008	132.08	142.03	132.08	141.03	8489033
28/11/2008	138.69	144.84	135.09	140.47	7291509
01/12/2008	139.34	146.11	135.98	137.37	6362857
02/12/2008	132.49	134.19	126.92	132.98	7197583
03/12/2008	136.28	137.94	130.02	132.38	6566724
04/12/2008	134.23	144.88	130.03	143.53	9266428
05/12/2008	145.5	146.36	136.58	138.39	6679613
08/12/2008	142.67	145.46	137.08	138.51	6965801
10/12/2008	142.24	152.8	140.79	151.96	7518930
11/12/2008	154.78	160.69	147.76	155.9	9088095
12/12/2008	153.54	163.95	149.37	161.85	9928592
15/12/2008	167.04	168.28	157.53	166	9859348
16/12/2008	167.17	172.96	164.15	171.93	7748498
17/12/2008	172.12	174.22	164.7	167.34	8838463
18/12/2008	165.93	169.89	158.81	168.53	10705844
19/12/2008	168.43	170.57	163.76	167.33	8237002
22/12/2008	161.59	167.46	158.37	159.18	4876273
23/12/2008	158.62	158.62	154.34	155.99	3848915
24/12/2008	154.91	155.65	152.32	153.79	4105712
26/12/2008	154.78	157.88	149.09	149.85	3172515
29/12/2008	148.59	155.02	147.11	154.32	5854190
30/12/2008	156.03	157.63	152.08	154.84	4507295
31/12/2008	155.28	156.73	150.57	152.65	4931305
01/01/2009	153.54	156.39	152.94	155.36	2856335
02/01/2009	155.98	160.96	155.03	159.29	4961862
05/01/2009	160.85	170.51	160.37	169.13	5506969
06/01/2009	168.4	172.12	164.84	169.75	6029600
07/01/2009	169.52	171.62	145.5	148.68	8500550
09/01/2009	149.83	149.83	135.42	142.8	9488130
12/01/2009	141.12	141.78	134.35	135.95	7364584
13/01/2009	135.55	141.9	131.87	133.43	6580241
14/01/2009	135.11	150.82	135.11	146.08	6550391
15/01/2009	141.38	143.63	137.14	141.45	6273731
16/01/2009	142.52	152.43	141.15	150.74	6661824
19/01/2009	151.64	154.78	149.58	152.29	4245780
20/01/2009	150.67	150.67	144.63	146.57	4647100
21/01/2009	143.64	146.47	137.45	138.67	4967385
22/01/2009	142.39	143	137.09	140.7	6995099
23/01/2009	148.34	165.31	138.69	143.16	8108608
27/01/2009	146.86	152.73	144.88	151.8	4483385
28/01/2009	154.54	159.74	151.86	157.75	4592859
30/01/2009	153.3	164.79	153.3	163.9	5559302
02/02/2009	159.74	167.51	157.7	158.5	5365466
03/02/2009	159.74	165.27	157.64	161.74	6910891
04/02/2009	162.83	165.62	160.37	161.9	3966740
05/02/2009	164.57	164.57	157.4	159.59	4106585
06/02/2009	160.97	167.17	160.43	166.53	4341063
09/02/2009	167.78	173.23	166.05	172.08	4437777
10/02/2009	171.98	175.1	169.93	173.6	6796751
11/02/2009	169.02	172.03	168.53	171.03	4205287
12/02/2009	170.72	170.72	166.58	167.36	3144540
13/02/2009	169.27	173.85	168.53	172.42	2904652
16/02/2009	171.43	172.99	162.35	163.48	4594188
17/02/2009	161.12	161.84	155.8	156.92	3828752
18/02/2009	156.89	163.18	153.54	160.37	4574188
19/02/2009	159.74	162.09	158.76	160.2	3004383
20/02/2009	155.53	158.87	153.74	155.2	3677545
24/02/2009	152.93	156.47	148.76	155.19	4570169
25/02/2009	156.64	159.24	156.34	156.83	2954972
26/02/2009	155.77	160.6	154.94	159.83	3839552
27/02/2009	159.66	160.11	154.36	156.77	4810161
02/03/2009	152.15	156.48	150.45	151.77	4937991
03/03/2009	152.31	155.02	145.5	148.2	5237026
04/03/2009	143.06	150.78	143.06	149.97	5976700
05/03/2009	149.58	151.07	141.44	142.38	7117449
06/03/2009	139.92	145.74	138.1	144.86	4562909
09/03/2009	143.76	144.63	140.93	142.81	3346831
12/03/2009	146.24	150.4	143.39	148.84	4864919
13/03/2009	152.29	160.21	151.81	159.02	4113560
16/03/2009	159.02	165.18	157.38	164.39	4526883
17/03/2009	164.69	166.3	160.13	161	4755486
18/03/2009	162.84	168.65	162.84	164.86	4368767
19/03/2009	165.68	167.64	163.46	166.63	4341169
20/03/2009	165.8	168.39	163.7	165.83	5105940
23/03/2009	167.66	179.55	167.66	178.12	4971588
24/03/2009	179.55	182.64	178.31	179.85	6896741
25/03/2009	179.55	191.81	179.55	189.73	9567684
26/03/2009	191.89	195.52	188.59	193.85	8215501
27/03/2009	192.43	196.07	190.07	191.78	6744638
30/03/2009	188.35	190.07	185.12	187.78	6871088
31/03/2009	190.07	192.17	187.6	188.8	5714483
01/04/2009	188.59	197.38	185.41	195.8	4777855
02/04/2009	199.36	208.03	198.4	205.72	5489146
06/04/2009	210.5	215.74	203.77	206.99	5259028
08/04/2009	203.07	215.33	198.74	213.62	9194966
09/04/2009	216.7	218.91	211.15	214.93	5193767
13/04/2009	217.93	221.53	213.35	219.61	3804850
15/04/2009	216.7	227.8	214.61	226.61	6047211
16/04/2009	224.26	227.84	212.78	214.84	6619758
17/04/2009	216.71	220.49	210.8	212.6	6420246
20/04/2009	212.98	217.28	209.06	212.41	4930249
21/04/2009	209.89	214.67	208.61	211.26	5002628
22/04/2009	212.98	214.59	209.39	212.73	4423560
23/04/2009	212.61	219.78	210.01	218.39	4239012
24/04/2009	216.7	223.13	213.85	221.51	5475144
27/04/2009	221.77	223.75	218.06	221.1	4197673
28/04/2009	220.53	221.9	214.34	215.1	4024229
29/04/2009	216.82	225.36	216.18	223.66	4271409
04/05/2009	229.2	234.65	227.88	233.67	4285511
05/05/2009	233.41	234.61	227.34	233.25	4878488
06/05/2009	233.91	239.99	230.32	232.98	4881911
07/05/2009	229.08	238.35	229.08	237.2	3674123
08/05/2009	237.75	239.23	232.17	235.31	3985320
11/05/2009	237.62	238.74	229.09	230.51	3757600
12/05/2009	229.07	244.61	228.21	242.69	4585587
13/05/2009	244.22	244.56	236.01	239.36	5226617
14/05/2009	235.55	238.68	232.82	236.38	4047066
15/05/2009	237.13	242.7	236.71	241.55	3153527
18/05/2009	265.85	313.9	260.19	293.16	52820
19/05/2009	303.37	309.57	272.42	276.24	10473822
20/05/2009	272.42	278.94	264.52	266.53	6746905
21/05/2009	265.61	269.57	260.35	261.95	3977372
22/05/2009	260.01	273.31	258.92	270.65	4446371
25/05/2009	272.42	274.28	266.72	271.77	3104057
26/05/2009	269.95	273.53	263.81	265.32	2484080
27/05/2009	268.95	273.04	266.53	270.73	5225093
28/05/2009	269.94	278.11	269.94	274.96	4498063
29/05/2009	277.97	285.75	274.03	281.32	6396695
01/06/2009	288.52	288.52	279.37	282.6	2977383
02/06/2009	284.81	285.85	275.4	282.22	3299111
03/06/2009	280.01	285.73	275.58	278.1	3438123
04/06/2009	275.49	280.94	267.46	280.06	3860237
05/06/2009	281.7	282.45	271.18	274	4677671
08/06/2009	273.28	280.07	269.45	271.67	3778012
09/06/2009	270.93	283.69	269.32	281.35	4153933
10/06/2009	283.69	289.74	283.09	287.3	3965233
11/06/2009	287.28	287.9	282.63	285.2	2541401
12/06/2009	286.04	294.58	285.45	292.49	4916730
15/06/2009	292.19	292.19	268.12	269.79	7140962
16/06/2009	266.23	270.55	263.33	265.4	5128268
17/06/2009	263.23	269.69	252.15	254.01	4919878
18/06/2009	254.83	256.63	246.43	250.75	6207405
19/06/2009	253.22	255.39	244.82	252.79	4851582
22/06/2009	253.56	253.84	239.3	241.77	4621154
23/06/2009	235.27	251.83	235.27	249.55	5946495
24/06/2009	250.75	252.08	244.19	247.94	4710244
25/06/2009	247.8	250.62	240.53	242.46	5335839
26/06/2009	243.46	252.23	243.06	251.27	3979065
29/06/2009	250.87	261.63	248.24	258.43	3726361
30/06/2009	260.04	261.19	248.96	250.55	2981288
01/07/2009	251.35	258.18	246.17	254.93	3718079
02/07/2009	270.31	270.31	247.08	249.06	3850061
03/07/2009	247.65	252	245.18	251.08	4332698
06/07/2009	253.6	254.09	230.45	234.42	5923485
07/07/2009	235.39	236.88	226.01	229.75	5835396
08/07/2009	229.75	234.03	222.55	226.56	5771172
09/07/2009	227.22	232.16	226.61	229.5	3688001
10/07/2009	229.45	231.18	216.08	219.81	4201235
13/07/2009	216.66	218.99	212.62	216.81	4149470
14/07/2009	219.67	225.98	218.68	224.63	3699051
15/07/2009	229.08	234.03	223.7	232.34	3173993
16/07/2009	235.39	243.74	232.79	239.65	5526846
17/07/2009	240.85	243.44	238.4	239.86	3305062
20/07/2009	242.7	252.48	241.46	251.78	4118480
21/07/2009	258.64	258.64	248.56	249.96	3083413
22/07/2009	250.75	254.78	243.02	244.64	3145153
23/07/2009	246.41	254.31	246.04	252.8	2965247
24/07/2009	253.84	256	245.93	249.74	4238518
27/07/2009	241.46	247.03	236.09	240.3	6017644
28/07/2009	241.09	242.66	233.49	236.21	5756294
29/07/2009	235.27	239.98	231.68	239.03	4766525
30/07/2009	237.75	238.41	233.91	235.31	3079359
31/07/2009	237.13	244.54	236.66	242.13	3491976
03/08/2009	243.8	251.49	242.46	249.76	2737892
04/08/2009	251.74	254.22	247.96	252.57	3837378
05/08/2009	251.99	258.05	251.57	257.11	3804751
06/08/2009	253.06	263.13	250.92	253.45	4917080
07/08/2009	252.17	255.58	246.44	247.37	3999933
10/08/2009	251.42	251.96	244.31	246.18	3013118
11/08/2009	246.79	253.6	245.05	247.7	3140057
12/08/2009	244.55	247.65	240.63	246.5	3424032
13/08/2009	250.75	253.11	247.28	250.66	3031487
14/08/2009	251	255.58	248.52	252.17	3344427
17/08/2009	248.77	248.89	238.37	240.46	3433349
18/08/2009	238.2	242.23	237.76	240.37	2973261
19/08/2009	240.22	241.45	231.68	233.52	3331420
20/08/2009	235.27	238.86	233.85	235.07	2352019
21/08/2009	233.78	239.6	231.26	238.84	3010806
24/08/2009	242.7	245.29	241.29	244.47	2530517
25/08/2009	243.34	251.74	242.15	250.83	3250116
26/08/2009	250.88	253.44	249.05	252.62	2513686
27/08/2009	251.86	254.96	250.13	252.9	2934592
28/08/2009	253.84	257.56	250.82	256.83	2500430
31/08/2009	255.58	255.58	247.03	248.28	3604830
01/09/2009	250.72	252.85	243.37	245.28	2598213
02/09/2009	243.81	247.39	242.7	244.08	2725762
03/09/2009	245.18	246.07	238.15	239.08	3022616
04/09/2009	239.98	246.91	239.6	245.32	2898625
07/09/2009	245.8	248.76	244.74	248.01	2580500
08/09/2009	249.51	259.34	248.31	257.01	5949983
09/09/2009	256.94	269.26	255.33	268.51	6009262
10/09/2009	271.19	277.36	264.07	265.91	4076750
11/09/2009	268.08	268.86	260.65	265.09	3585424
14/09/2009	264.37	267.35	261.46	264.93	2176986
15/09/2009	265.24	270.44	265.24	270.05	2157020
16/09/2009	271.92	274.73	267.91	270.44	2215286
17/09/2009	270.56	272.42	256.44	258.32	16579451
18/09/2009	257.56	261.64	256.95	260.35	2938873
22/09/2009	263.59	264.95	258.56	259.78	2629983
23/09/2009	259.66	263.13	258.8	260.25	2784741
24/09/2009	258.8	263.75	254.83	260.15	4761898
25/09/2009	258.1	265.97	256.95	264.37	3566397
29/09/2009	265.67	270.14	264.99	268.83	4600745
30/09/2009	270.44	274.02	268.08	272.62	4222636
01/10/2009	272.41	272.41	266.72	269.24	3010715
05/10/2009	267.45	268.95	262.67	264.88	2961545
06/10/2009	267.46	267.46	260.28	264.26	3669459
07/10/2009	266.16	267.22	258.07	260.2	3100036
08/10/2009	272.42	276.81	260.04	262.47	7026835
09/10/2009	263.58	263.95	258.8	260	3162237
12/10/2009	262.51	270.68	262.51	268.59	4496196
14/10/2009	269.32	272.11	266.55	270.46	3335821
15/10/2009	272.29	275.12	268.08	268.89	3250759
16/10/2009	268.7	275.64	267.59	274.74	3357818
20/10/2009	277.99	282.73	269.67	270.5	3161589
21/10/2009	269.82	273.53	268.54	270.21	2549442
22/10/2009	270.19	270.19	262.64	264.39	2310668
23/10/2009	265.76	266.76	252.31	253.52	5039726
26/10/2009	253.84	256.07	248.15	249.55	3170009
27/10/2009	247.9	248.89	244.56	246.54	3535555
28/10/2009	245.8	253.02	245.8	251.88	2949900
29/10/2009	247.78	253.09	245.23	247.58	3530103
30/10/2009	247.78	251.99	237.99	239.13	4981242
03/11/2009	237.75	238.34	223.17	225.18	4898276
04/11/2009	229.08	238.74	226.94	237.83	4567661
05/11/2009	236.4	241.21	229.2	240.37	3438724
06/11/2009	238.98	244.54	238.98	242.39	3498033
09/11/2009	244.56	251.61	242.9	250.67	3278186
10/11/2009	252.61	260.34	248.27	254.4	6326351
11/11/2009	256.07	263.8	252.07	261.77	4183569
12/11/2009	263.13	265.73	258.05	260.19	3808929
13/11/2009	258.8	263.63	258.07	262.45	2557890
16/11/2009	266.1	267.7	263.95	266.67	2067266
17/11/2009	267.46	267.68	260.9	264.04	3005633
18/11/2009	267.71	267.71	259.3	260.04	3907563
19/11/2009	259.88	261.26	256.68	258.03	2313331
20/11/2009	257.56	264.36	255.7	262.92	3088581
23/11/2009	267.46	273.38	264.13	271.79	5528258
24/11/2009	271.43	273.04	268.47	269.59	3472510
25/11/2009	270.65	275.62	268.69	271.76	4152810
26/11/2009	275.14	275.14	260.85	263.44	5079362
27/11/2009	260.04	262.02	250.38	259.03	5821983
30/11/2009	263.13	267.19	261.03	263.38	4130831
01/12/2009	266.23	272.42	264.29	271.92	2859884
02/12/2009	273.72	277.04	270.24	272.53	4727337
03/12/2009	273.63	277.37	270.46	272.33	3980841
04/12/2009	270.19	274.15	267.54	269.54	3191869
07/12/2009	269.45	270.96	260.04	261.27	4725251
08/12/2009	262.51	268.57	261.31	267.55	4670917
09/12/2009	264.99	266.97	263.04	265.45	2555542
10/12/2009	265.9	267.96	263.01	265.43	2958917
11/12/2009	267.46	269.45	263.63	265.3	3531678
14/12/2009	264.49	268.46	263.25	264.48	3182678
15/12/2009	264.49	265.98	259.54	260.43	3354156
16/12/2009	260.01	261.27	257.09	259.33	3376882
17/12/2009	261.22	261.22	255.08	256.31	3245059
18/12/2009	256.32	256.32	248.89	249.55	5025388
21/12/2009	247.9	255.28	245.18	251.85	5621862
22/12/2009	252.16	254.78	250.45	252.41	3186287
23/12/2009	253.84	264.47	252.95	264.05	4903897
24/12/2009	266.23	268.41	262.1	266.55	3691064
29/12/2009	267.22	269.69	264.99	267.53	2782375
30/12/2009	267.42	268.7	264.86	266.49	2121225
31/12/2009	268.46	271.43	267.8	270.08	4009836
04/01/2010	270.21	270.21	253.06	266.35	17520006
05/01/2010	284.78	284.78	263.85	265.16	4890040
06/01/2010	267.44	271.06	265.15	269.45	5415538
07/01/2010	269.45	276.13	266.97	273.92	5988404
08/01/2010	274.4	275.84	271.43	273.2	3453926
11/01/2010	281.01	284.73	260.04	267.84	43122136
12/01/2010	271.18	281.66	266.72	268.54	7495359
13/01/2010	269.45	270.44	264.64	269.59	3511078
14/01/2010	268.95	278.56	268.95	277.79	5610718
15/01/2010	278.81	282.05	273.67	275.08	4289733
18/01/2010	274.15	276.49	270.42	272.29	3239525
19/01/2010	272.42	273.92	268.12	268.7	2986363
20/01/2010	271.18	271.7	265.48	266.85	4418747
21/01/2010	266.23	266.72	260.1	261.04	4254235
22/01/2010	257.81	265.24	254.96	260.99	9113512
25/01/2010	259.95	261.12	256.74	258.07	3061478
27/01/2010	256.07	260.04	252.61	254.48	5678803
28/01/2010	257.56	259.16	253.84	256.85	7594324
29/01/2010	255.8	260.48	252.13	259.09	5333541
01/02/2010	256.94	261.27	256.46	258.9	2773369
02/02/2010	260.53	261.61	253.62	254.41	3942831
03/02/2010	255.35	259.64	255.35	256.06	3440695
04/02/2010	257.06	257.06	251.12	252.39	2737193
05/02/2010	241.46	249.57	241.46	243.12	6830723
08/02/2010	243.94	248.73	241.46	246.25	5919146
09/02/2010	246.1	247.16	243.37	245.98	3266918
10/02/2010	247.63	247.63	243.19	243.96	4174214
11/02/2010	244.99	252.56	244.8	251.4	5360299
15/02/2010	254.34	254.34	249.53	250.13	3085557
16/02/2010	250.15	252.85	248.89	252.05	2301434
17/02/2010	253.84	257.01	253.11	255.71	3572783
18/02/2010	255.08	257.15	246.41	247.11	4533745
19/02/2010	246.41	246.41	241.99	243.49	4058388
22/02/2010	246.49	247.65	240.22	242.19	2901188
23/02/2010	241.21	243.44	240.22	241.55	2966309
24/02/2010	240.22	244.11	239.39	242.4	2854453
25/02/2010	242.72	243.94	237.54	238.51	4332580
26/02/2010	239.98	246.41	239.29	242.44	5161233
02/03/2010	243.94	247.4	242.55	243.49	4162636
03/03/2010	244.68	254.59	244.68	253.79	6085791
04/03/2010	257.56	257.56	249.63	251.12	4750237
05/03/2010	253.1	254.09	248.92	250.08	2691454
08/03/2010	252.9	254.34	248.15	248.67	2729580
09/03/2010	249.26	250.57	244.69	245.26	3990953
10/03/2010	246.41	252.33	245	249.82	5670503
11/03/2010	250.13	252.61	249.39	251.73	3333605
12/03/2010	251.37	255.82	251.12	253	5105006
15/03/2010	253.1	255.56	250.9	254.6	4144602
16/03/2010	255.58	265.43	254.83	264.48	7771535
17/03/2010	266.18	268.08	263.95	264.91	4937276
18/03/2010	265.98	267.86	263.53	266.71	3495591
19/03/2010	267.17	271.55	265.03	270.45	4511717
22/03/2010	263.01	272.17	263.01	265.97	4678751
23/03/2010	266.96	270.92	266.71	270.29	4572931
25/03/2010	271.43	271.67	266.82	270.3	5250073
26/03/2010	271.67	275.14	271.22	272.53	4131759
29/03/2010	273.33	274.88	270.19	270.76	4628760
30/03/2010	271.43	273.83	268.21	269.48	4329090
31/03/2010	270.66	271.18	265.31	266.04	4948302
01/04/2010	266.97	272.05	266.72	270.45	2861856
05/04/2010	271.55	279.76	271.55	278.83	4551762
06/04/2010	279.35	280.59	277.42	278.16	2853138
07/04/2010	278.61	284.73	278.14	279.77	4621626
08/04/2010	280.59	281.46	272.79	274.04	3365528
09/04/2010	274.45	280.09	274.45	278.53	3846259
12/04/2010	283.56	283.56	278.03	279.19	2902957
13/04/2010	279.35	280.84	275.22	277.59	3193600
15/04/2010	278.61	281.06	269.21	270.11	5551581
16/04/2010	268.98	271.18	265.27	268.52	4158779
19/04/2010	267.42	267.42	260.28	262.96	3746293
20/04/2010	264.95	267.4	261.11	263.3	3828437
21/04/2010	264.99	265.9	259.58	261.05	4385951
22/04/2010	260.16	270.91	260.05	266.41	5851352
23/04/2010	267.46	271.43	267.46	269.5	5311168
26/04/2010	267.46	271.87	263.38	265.3	3806402
27/04/2010	263.25	264.49	261.27	262.82	3193352
28/04/2010	261.01	261.01	250.62	251.92	9168538
29/04/2010	253.6	257.53	252.39	256.33	5359600
30/04/2010	257.56	259.34	255.08	255.97	3616419
03/05/2010	254.09	255.73	252.13	253.53	2865346
04/05/2010	253.65	257.31	251	252.89	3965640
05/05/2010	250.13	253.48	248.47	252.77	3423392
06/05/2010	252.56	253.42	248.64	249.6	5454783
07/05/2010	241.71	262.51	241.71	255.78	16472546
10/05/2010	260.28	267.96	257.56	267.32	8697783
11/05/2010	269.69	269.69	263.34	264.44	6017564
12/05/2010	266.49	269.8	263.51	268.2	3496020
13/05/2010	263.01	270.78	263.01	265.43	2731043
14/05/2010	264.42	265.24	256.32	258.46	4151458
17/05/2010	256.25	256.25	249.88	251.75	4711513
18/05/2010	252.61	255.94	249.58	252.75	3530511
19/05/2010	251.86	252.05	246.44	247.32	5965445
20/05/2010	247.9	250.87	246.1	247.64	4246454
21/05/2010	245.15	247.62	241.73	246.55	4381347
24/05/2010	252.11	259.78	251.73	253.26	5652017
25/05/2010	253.84	253.84	243.38	244.1	5770796
26/05/2010	246.39	250.13	245.42	249.65	3137663
27/05/2010	250.38	254.51	248.05	253.16	6264345
28/05/2010	255.07	257.31	251.24	256.73	4008272
31/05/2010	255.12	259.66	254.77	258.95	3782780
01/06/2010	258.38	258.8	248.67	250.27	4449630
02/06/2010	251.37	252.85	248.48	250.39	4509546
03/06/2010	252.58	257.06	252.58	255.28	3910363
04/06/2010	255.33	256.57	253.21	255.38	3220285
07/06/2010	251.37	251.37	247.65	249.57	3086645
08/06/2010	250.05	250.8	246.44	246.76	3480569
09/06/2010	247.7	251.37	247.65	249.4	3484176
10/06/2010	250.13	251.97	249.42	251.45	3191686
11/06/2010	253.84	260.25	252.85	259.14	5327604
14/06/2010	261.25	264.99	259.81	263.38	3632863
15/06/2010	263.8	264.96	260.06	264.02	4341443
16/06/2010	264.99	265.64	261.3	262	2704841
17/06/2010	263.33	266.72	262.09	265.33	4811174
18/06/2010	267.51	269.89	260.17	261.11	8749692
21/06/2010	262.76	265.41	262.76	263.91	2695660
22/06/2010	263.25	266.18	261.76	263.45	2950749
23/06/2010	262.44	264.37	261.03	262.19	2665095
24/06/2010	262.26	263.95	259.37	260.54	4298567
25/06/2010	260.04	264.49	258.3	263.24	4646050
28/06/2010	265.98	270.44	263.79	269.98	7194118
29/06/2010	270.19	270.19	263.55	264.36	3249076
30/06/2010	262.51	270.92	261.89	269.9	6088910
01/07/2010	268.46	269.04	264.12	266.54	3042649
02/07/2010	266.47	268.44	263.82	264.73	2502708
05/07/2010	264.99	265.77	263.18	264.57	1462821
06/07/2010	263.87	267.94	263.87	265.95	2115540
07/07/2010	265.98	266.18	260.28	260.91	3140408
08/07/2010	262.51	264.88	261.34	261.79	2737949
09/07/2010	263.49	264	260.91	261.93	2965846
12/07/2010	262.51	264.48	260.54	261.58	2871831
13/07/2010	261.83	266.91	261.83	266.05	3438642
14/07/2010	267.46	271.04	264.31	265.1	3650519
15/07/2010	265.47	267.69	264.52	265.84	3172106
16/07/2010	265.25	265.98	262.51	263.24	2006855
19/07/2010	262.04	263.97	260.98	261.53	2242066
20/07/2010	261.77	263.97	259.81	260.77	1564673
21/07/2010	262.24	263.25	261.43	262.12	2245764
22/07/2010	262.12	262.72	259.44	262.26	3629863
23/07/2010	263.49	265.21	261.72	262.62	3152167
26/07/2010	263.38	264.34	260.1	260.8	2083245
27/07/2010	262.23	262.8	260.31	260.9	2773497
28/07/2010	263.25	265.89	252.11	252.92	12098248
29/07/2010	254.71	254.71	249.63	250.17	10579193
30/07/2010	251.35	252.69	249.45	250.04	4398414
02/08/2010	251.61	253.05	250.48	251.26	2897730
03/08/2010	252.39	255.3	251.12	254.52	4595476
04/08/2010	254.59	255.33	250.76	251.63	4187240
05/08/2010	252.59	253.52	248.9	249.4	4184906
06/08/2010	249.86	250.15	247.28	247.68	4561587
09/08/2010	247.65	249.14	245.67	246.07	5086803
10/08/2010	245.42	248.25	244.26	244.66	4569314
11/08/2010	245.13	246.39	242.72	243.5	5009919
12/08/2010	242.7	243.5	240.22	240.87	5694088
13/08/2010	240.35	246.12	240.35	242.48	6974575
16/08/2010	242.7	245.65	241.46	241.93	3206742
17/08/2010	242.7	243.93	240.22	240.38	3380458
18/08/2010	240.97	241.96	237.34	238.89	5682424
19/08/2010	238.66	243.91	238.66	242.01	4723202
20/08/2010	242.01	246.02	240.84	244.84	4799377
23/08/2010	245.68	245.68	241.61	241.93	3095800
24/08/2010	241.93	242.95	239.55	240.82	4406206
25/08/2010	240.22	242.17	239.11	239.68	4256327
26/08/2010	240.22	240.97	236.52	236.87	6362576
27/08/2010	237.47	237.97	234.42	235.17	5558199
30/08/2010	235.79	238.94	234.03	234.76	2722106
31/08/2010	233.94	235.26	226.6	227.64	10653128
01/09/2010	229.09	233.73	228.09	231.85	6374456
02/09/2010	234.03	234.44	231.8	232.16	4045759
03/09/2010	232.79	233.19	228.88	229.25	3300811
06/09/2010	230.55	237.18	228.41	235.93	7755451
07/09/2010	236.51	240.15	236.01	238.32	6487124
08/09/2010	236.53	238.91	235.77	237.65	2659076
09/09/2010	238.48	239.53	236.56	237.39	2311961
13/09/2010	240.72	246.54	239.07	245.8	6280165
14/09/2010	246.54	248.4	243.78	244.72	4451190
15/09/2010	244.93	252.28	244.93	251.09	7670039
16/09/2010	250.65	251.45	246.96	247.74	4238156
17/09/2010	248.89	255.43	248.89	254.43	7304408
20/09/2010	254.83	258.54	252.88	257.91	6953447
21/09/2010	258.05	259.66	253.86	256.36	4880691
22/09/2010	256.07	258.47	251.37	252.62	5914047
23/09/2010	252.62	253.6	246.66	247.07	5264383
24/09/2010	247.65	249.88	245.7	248.06	5181769
27/09/2010	249.63	252.58	248.92	250.18	3763708
28/09/2010	249.71	250.62	245.92	247.28	4499090
29/09/2010	247.65	249.88	246.41	247.4	4066504
30/09/2010	248.15	248.15	242.23	244.49	6624729
01/10/2010	245.67	250.13	245.18	249.61	4366861
04/10/2010	251.35	254.04	251.35	252.07	4837519
05/10/2010	251.61	255.53	249.88	253.56	5243466
06/10/2010	255.08	259.29	254.33	258.78	6431802
07/10/2010	258.78	261.46	255.7	257.35	7211287
08/10/2010	259.22	261.22	255.22	259.95	4769466
11/10/2010	261.52	265.55	260.8	264.79	5896732
12/10/2010	264.49	264.84	259.08	261.42	3195565
13/10/2010	261.55	265.98	261.2	265.74	5478523
14/10/2010	266.23	267.84	261.08	262.26	5580792
15/10/2010	262.51	264.49	256.47	257.65	2652016
18/10/2010	258.12	263.74	255.89	259.4	5076676
19/10/2010	263.75	264.67	257.37	258.65	4246988
20/10/2010	257.41	263.6	257.06	259.9	4167720
21/10/2010	260.53	269.41	259.84	267.87	8520014
22/10/2010	268.81	270.88	266.07	267.91	4486466
25/10/2010	269.45	272.89	268.95	270.03	4118875
26/10/2010	270.16	272.65	269.22	272.13	3530281
27/10/2010	271.92	274.89	268.27	270.62	5016615
28/10/2010	272.27	272.64	266.13	267.96	8271973
29/10/2010	269.37	274.2	267.59	271.49	6794099
01/11/2010	277.62	278.58	269.76	270.73	6973910
02/11/2010	271.28	271.28	265.06	266.19	4654108
03/11/2010	267.96	268.68	263.17	263.82	4557947
04/11/2010	266.94	274.15	266.23	273.67	5557273
05/11/2010	275.88	276.75	272.49	272.94	1456535
08/11/2010	275.86	277.12	272.55	275.35	5112060
09/11/2010	275.45	277.49	271.74	274.54	3522480
10/11/2010	274.08	276.6	272.22	272.96	2719925
11/11/2010	273.9	275.34	266.47	267.44	2900734
12/11/2010	267.5	269.3	261.77	262.97	4373231
15/11/2010	264.27	264.47	257.11	261.2	3676745
16/11/2010	262.26	262.26	254.23	255.21	4533561
18/11/2010	259.99	259.99	251.12	255.81	5206393
19/11/2010	256.57	256.57	244.46	246.72	5674916
22/11/2010	248.52	251.73	246.96	250.69	4333195
23/11/2010	248.8	248.89	241.46	246.56	7569264
24/11/2010	247.4	252.06	244.2	246.67	4503970
25/11/2010	248.15	248.4	240.97	242.58	6654697
26/11/2010	243.94	245.27	237.33	238.33	7003643
29/11/2010	240.1	248.26	238.34	247.26	5350926
30/11/2010	247.6	249.81	242.97	244.09	6968054
01/12/2010	243.94	247.01	243.45	244.88	4280638
02/12/2010	247.4	250.98	246.43	250.41	5676667
03/12/2010	251.12	253.6	247.16	249.11	4489664
06/12/2010	251.58	255.08	250.87	252.64	4066554
07/12/2010	252.61	257.48	252.61	255.27	5119800
08/12/2010	253.82	254.52	250.41	252.74	3885305
09/12/2010	253.73	256.04	242.39	243.81	7249786
10/12/2010	244.38	255.08	242.54	253.57	6064152
13/12/2010	253.61	259.04	250.13	257.99	3848074
14/12/2010	258.3	262.51	258.05	261.34	4590209
15/12/2010	261.03	263.5	256.57	261	4899915
16/12/2010	261.94	262.51	257.57	261.73	3550077
20/12/2010	258.8	264.49	258.7	261.71	3624895
21/12/2010	262.49	266.2	262.08	265.77	3677847
22/12/2010	265.68	266.23	259.63	261.53	3458953
23/12/2010	261.97	263.68	260.16	262.36	3335014
24/12/2010	260.78	263.63	260.04	262.44	2160796
27/12/2010	262.09	264.69	260.32	261.34	1321679
28/12/2010	261.6	262.44	258.12	259.51	2024641
29/12/2010	259.61	261.27	259.12	259.69	2556591
30/12/2010	260.63	261.46	259.11	260.33	3328572
31/12/2010	262.03	264.12	260.83	262.19	2279759
03/01/2011	263.75	264.12	260.68	261.42	2379838
04/01/2011	262.51	267.44	261.84	266.75	5033831
05/01/2011	267.46	269.94	264.99	266.42	5930189
06/01/2011	266.97	270.29	266.11	268.85	4974697
07/01/2011	267.79	269.38	262.02	263.85	4085949
10/01/2011	263.85	265.1	252.9	255.94	4223855
11/01/2011	257.56	259.71	247.31	251.06	4833870
12/01/2011	252.77	256.48	248.4	255.28	5301987
13/01/2011	255.08	257.35	250.4	251.45	5562896
14/01/2011	251.13	255.03	247.16	248.02	4368638
17/01/2011	248.4	249.63	245.68	247.13	3210798
18/01/2011	248.85	249.63	245.18	246.38	3399381
19/01/2011	247.55	248.89	241.46	242.74	5369775
20/01/2011	242.11	242.11	236.4	240.19	9450384
21/01/2011	241.46	245.8	240.97	244.38	4463927
24/01/2011	246.44	246.64	238.76	240.62	5084310
25/01/2011	241.98	243.93	236.82	237.37	4646080
27/01/2011	239.23	239.58	232.79	233.46	6424365
28/01/2011	234.03	234.25	223.38	226.11	7738844
31/01/2011	225.08	230.03	223.65	227.67	5790572
01/02/2011	229.1	229.75	220.05	221.77	8663045
02/02/2011	225.36	229.8	224.7	228.16	6506784
03/02/2011	229.82	234.65	226.6	233.76	3896824
04/02/2011	234.63	234.63	226.14	227.84	4735179
07/02/2011	229.25	232.5	226.45	230.08	3334195
08/02/2011	231.73	231.73	225.67	226.66	4499736
09/02/2011	224.97	232.1	223.79	226.43	8738283
10/02/2011	225.98	228.04	219.2	222.8	6479831
11/02/2011	222.87	226.6	219.93	225.35	4574486
14/02/2011	224.4	227.41	221.43	226.55	6890857
15/02/2011	226.45	233.98	225.69	233.21	6232645
16/02/2011	232.37	235.47	232.32	233.82	2523913
17/02/2011	234.74	236.62	231.86	236.25	3221065
18/02/2011	236.77	238.49	230.81	231.69	3599714
21/02/2011	231.83	237.97	231.36	236.84	5858555
22/02/2011	245.67	249.98	242.51	243.9	20326288
23/02/2011	244.28	248.22	243.94	246.58	7128252
24/02/2011	246.66	247.31	237.34	238.79	7521221
25/02/2011	242.87	243.26	236.4	239.29	3451930
28/02/2011	240.27	246.24	237.75	238.8	5140248
01/03/2011	241.14	245.84	239.53	244.89	2885282
03/03/2011	241.51	243.94	239.75	242.06	4461643
04/03/2011	243.85	246.36	242.23	243.24	3524743
07/03/2011	241.24	243.52	238.74	241.97	2702156
08/03/2011	242.2	245.77	242.2	243.93	2756185
09/03/2011	244.85	248.74	239.75	246.13	7422840
10/03/2011	245.84	245.92	243.19	243.88	2252418
11/03/2011	242.4	246.39	240.76	245.68	3428848
14/03/2011	245.91	252.79	245.73	252.2	6585771
15/03/2011	247.14	259.94	244.9	256.88	12902924
16/03/2011	258.8	261.27	257.09	259.32	4709984
17/03/2011	257.39	259.74	254.59	255.29	2830269
18/03/2011	256.32	256.32	244.33	245.92	9258050
21/03/2011	247.42	247.65	242.97	245.25	3553732
22/03/2011	245.93	248.87	245.71	247.57	2238646
23/03/2011	247.62	251.78	246.61	250.93	2610417
24/03/2011	251.59	253.09	248.61	250.2	2567887
25/03/2011	253.57	255.07	250.13	254.24	3518453
28/03/2011	254.15	256.65	251.19	254.02	4361259
29/03/2011	252.61	255.58	252.51	253.29	4137811
30/03/2011	254.46	256.94	253.62	255.7	2801842
31/03/2011	256.2	261.25	256.2	259.81	7201048
01/04/2011	259.8	263.97	255.33	256.67	4291094
04/04/2011	257.56	261.22	254.83	260.2	2997121
05/04/2011	260.65	262.26	257.56	259.45	2458823
06/04/2011	258.8	261.09	257.56	258.76	2076283
07/04/2011	258.81	259.43	256.35	258.03	2323242
08/04/2011	258.05	260.26	252.77	253.57	2742024
11/04/2011	250.87	252.47	248.56	248.96	2582208
13/04/2011	248.11	253.6	246.81	253.05	4369725
15/04/2011	252.27	253.81	248.89	252.84	3240001
18/04/2011	252.41	258.72	247.8	249.92	3381601
19/04/2011	248.82	251.97	247.34	250.54	2748246
20/04/2011	251.61	255.21	249.68	254.07	2357930
21/04/2011	256.27	258.6	255.08	257.71	3413753
25/04/2011	251.12	252.85	248.93	249.97	4146270
26/04/2011	249.88	249.88	247.05	247.94	4035044
27/04/2011	248.89	249.91	242.72	244.21	5648346
28/04/2011	245.67	245.92	240.22	240.82	8163236
29/04/2011	241.46	244.68	240.54	243.63	3414200
02/05/2011	243.67	244.38	238.07	238.92	3110913
03/05/2011	239.01	239.58	233.05	233.76	5035348
04/05/2011	234.03	236.94	232.79	234.69	2667162
05/05/2011	234.03	238.63	233.7	235.26	4476339
06/05/2011	236.01	237.75	235.05	236.52	2952486
09/05/2011	237.75	239.24	235.62	237.57	1831616
10/05/2011	237.57	238.71	234.42	235.46	1861439
11/05/2011	236.26	237.35	233.66	236.62	1873699
12/05/2011	235.64	236.45	233.04	234.16	2107305
13/05/2011	234.09	238.24	232.29	234.77	3178684
16/05/2011	235.27	235.62	233.18	234.03	1601945
17/05/2011	234.19	234.48	227.16	228	3973699
18/05/2011	227.84	228.79	222.48	223.35	5672247
19/05/2011	224.97	228.34	224.06	226.73	4131089
20/05/2011	227.46	229.28	225.44	228.63	3171245
23/05/2011	227.59	228.34	223.7	225.22	3391416
24/05/2011	224.37	228.06	224.37	226.79	2538967
25/05/2011	226.38	226.38	223.13	224.37	2997245
26/05/2011	226.01	232.01	225.64	231.27	6857905
27/05/2011	231.33	235.99	231.33	234.14	3459497
30/05/2011	235.01	236.01	231.37	232.51	1729109
31/05/2011	234.03	236.73	232.12	235.73	3219213
01/06/2011	235.77	237.41	233.7	234.48	1838452
02/06/2011	231.94	236.43	231.94	235.53	2152963
03/06/2011	237.87	239.48	230.69	231.46	4368279
06/06/2011	231.47	232.99	229.86	232.24	1405741
07/06/2011	231.2	237.75	231.2	237.31	4025919
08/06/2011	236.57	236.74	233.77	235.07	3247038
09/06/2011	234.65	237.21	234.53	236.26	2092020
10/06/2011	236.53	236.76	230.82	233.91	2530136
13/06/2011	233.6	233.6	228.09	229.23	2954066
14/06/2011	229.15	230.75	225.36	225.7	4335560
15/06/2011	225.86	227.57	222.54	223.02	4607486
16/06/2011	223.13	223.13	218.95	219.8	5707528
17/06/2011	220.73	221.23	214.27	215.15	5035618
20/06/2011	216.7	216.7	205.08	206.36	6926078
21/06/2011	208	211.74	207.36	210.17	3980489
22/06/2011	211.33	212.52	206.58	209.46	4596259
23/06/2011	209.65	216.13	209.49	215.58	4734842
24/06/2011	216.49	217.86	211.89	215.8	7239303
27/06/2011	214.64	218.38	213.44	215.84	3280025
28/06/2011	217.66	217.66	213.48	215.73	2336039
29/06/2011	216.87	219.92	215.98	219.23	2841435
30/06/2011	220.09	223.38	219.67	222.52	4970476
01/07/2011	224.62	224.62	212.16	213.46	6555284
04/07/2011	216.55	217.79	214.22	215.06	3771511
05/07/2011	215.28	215.28	209.02	209.5	7727430
06/07/2011	210.22	212.61	208.2	211.22	6143838
07/07/2011	212.49	216.67	211.8	215.63	4603204
08/07/2011	216.2	216.45	211	211.71	4785969
11/07/2011	211.5	212.97	209.76	211.32	2194126
12/07/2011	209.89	212.34	209.44	209.95	2986757
13/07/2011	211.26	215.38	210.78	214.33	3892719
14/07/2011	213.8	217.41	212.82	214.85	3043021
15/07/2011	214.89	216.94	214.22	216.25	2332976
18/07/2011	215.93	216.42	214.02	214.86	1504709
19/07/2011	214.84	218.28	214.47	217.8	2245330
20/07/2011	219.42	219.62	215.16	216.99	2555594
21/07/2011	216.93	216.93	212.37	213.19	1802647
22/07/2011	214.47	217.19	213.6	216.29	3498193
25/07/2011	220.91	220.91	217.72	218.64	5007164
26/07/2011	219.98	220.45	215.31	215.83	4677273
27/07/2011	216.7	216.7	212.77	213.19	3126064
28/07/2011	211.74	211.74	206.39	207.37	7154511
29/07/2011	208.03	209.82	203.86	205.04	4890181
01/08/2011	207.53	207.53	203.41	205.76	3255486
02/08/2011	204.94	207.76	202.7	207.36	3787775
03/08/2011	204.75	207.09	203.84	204.33	3219680
04/08/2011	205.06	205.96	200.61	201.18	3140142
05/08/2011	198	198	192.92	196.14	5994097
08/08/2011	192.35	197.23	189.95	193.33	5084300
09/08/2011	186.48	192.92	186.48	189.53	7463019
10/08/2011	194.49	195.65	189.45	191.37	4056543
11/08/2011	190.28	194.39	189.45	191.24	2489305
12/08/2011	193.91	193.91	187.72	188.44	3936767
16/08/2011	188.22	191.26	186.9	188.01	2580004
17/08/2011	188.34	191.78	185.99	186.98	3096352
19/08/2011	181.05	183.02	178.63	181.42	4663092
22/08/2011	181.03	188.18	179.7	187.47	3552807
23/08/2011	188.3	191.19	185.12	189.52	4008613
24/08/2011	189.21	190.57	187.23	188.54	2968791
25/08/2011	188.61	190.44	185.8	186.61	4849218
26/08/2011	185.99	187.25	176.33	178.16	4457788
29/08/2011	181.06	188.19	180.38	186.99	4186930
30/08/2011	189.45	197.21	189.21	193.81	7821448
02/09/2011	197.3	201.51	195.51	199.47	7791545
05/09/2011	196.76	197.87	193.9	195.36	4567377
06/09/2011	193.96	204.44	192.3	203.45	7162305
07/09/2011	204.07	208.89	203.99	206.42	7186238
08/09/2011	206.42	212.73	201.71	211.11	8065388
09/09/2011	211.04	212.62	203.99	204.5	6757863
12/09/2011	200.69	203.68	196.95	199.68	4246961
13/09/2011	201.39	204.25	197.32	200.66	5806114
14/09/2011	201.56	205.49	199.41	204.41	4694876
15/09/2011	206.29	207.68	201.48	207.11	4664709
16/09/2011	210.5	210.5	203.32	204.47	6128496
19/09/2011	204.31	205.34	201.99	203.46	2924971
20/09/2011	203.82	211.48	202.16	210.95	4214600
21/09/2011	210.73	210.73	206.12	207.43	3892821
22/09/2011	204.05	205.03	193.17	194.74	6239874
23/09/2011	191.66	196.29	189.23	190.84	8803427
26/09/2011	190.49	190.87	185.13	188.02	6217951
27/09/2011	191.68	198.3	191.19	197.43	5039564
28/09/2011	198.06	199.68	195.42	197.43	5722488
29/09/2011	195.77	201.28	194.27	200.03	7203038
30/09/2011	198.99	203.79	196.26	200.19	7987653
03/10/2011	195.94	198.1	194.18	195.2	4825259
04/10/2011	194.16	195.84	189.52	191.09	6000741
05/10/2011	191.32	192.65	188.65	189.95	4739596
07/10/2011	194.83	200.1	194.38	198.84	4551326
10/10/2011	199.17	205.77	199.16	205.37	3393633
11/10/2011	206.79	208.37	203.69	204.81	3592510
12/10/2011	205.4	210.98	204.57	210.42	3947624
13/10/2011	210.5	212.49	208.55	209.74	4195352
14/10/2011	208.52	215.38	208.4	214.69	4085035
17/10/2011	214.71	215.17	205.84	206.49	5040808
18/10/2011	204.31	204.66	200.93	203.05	4182965
19/10/2011	204.44	209.27	204.09	208.77	2713867
20/10/2011	206.75	208.25	203.57	207.71	2279371
21/10/2011	208.03	210.31	205.82	206.98	2364175
24/10/2011	210.01	211.5	208.91	209.64	2075894
25/10/2011	211.74	218.17	208.56	216.93	5197046
26/10/2011	217.69	218.31	215.72	216.35	737231
28/10/2011	222.81	223.88	218.95	222.89	5606883
31/10/2011	222.39	222.71	216.09	217.33	3628082
01/11/2011	215.58	217.56	212.39	213.13	3745221
02/11/2011	211.74	218.17	211.74	215.9	3143275
03/11/2011	214.9	220.25	213.72	219.4	3666997
04/11/2011	224.13	224.13	216.11	217.92	4171957
08/11/2011	217.69	219.17	215.09	218.85	2313308
09/11/2011	220.42	221.07	213.27	214.21	2666312
11/11/2011	212.73	220.11	210.53	219.26	4969253
14/11/2011	220.76	221.9	216.2	217.12	3656473
15/11/2011	215.71	217.44	212.05	213.34	2262503
16/11/2011	212.76	212.76	207.37	210.03	3043186
17/11/2011	209.28	210.17	199.67	200.59	5538055
18/11/2011	198.2	201.08	194.9	200.13	4958044
21/11/2011	198.12	198.12	193.54	194.74	4049501
22/11/2011	195.17	199.22	194.8	196.93	4382352
23/11/2011	195.62	195.62	187.18	191.53	5419769
24/11/2011	191.93	192.67	186.52	191.47	6367715
25/11/2011	190.62	191	185.99	186.68	3699725
28/11/2011	189.45	194.61	188.85	194.11	2522069
29/11/2011	193.66	193.66	188.01	189.45	4803440
30/11/2011	187.4	193.99	186.51	192.74	4569146
01/12/2011	197.87	200.78	196.93	197.87	4714967
02/12/2011	197.38	201.84	194.79	201.11	4479880
05/12/2011	200.19	201.14	197.71	199.79	3160834
07/12/2011	199.86	202.95	198.91	200.55	3514150
08/12/2011	198.62	200.03	191.21	192.88	4442697
09/12/2011	190.67	190.67	186.41	187.15	5044876
12/12/2011	188.35	188.71	179.3	180.17	5097034
13/12/2011	179.28	184.75	178.56	183.83	5228468
14/12/2011	182.77	186.71	181.63	183.73	5304706
15/12/2011	181.26	186.85	179.18	185.78	6611139
16/12/2011	185.49	209.17	177.33	178.77	5828713
19/12/2011	178.11	183.24	177.11	182.1	4714116
20/12/2011	183.68	183.68	175.64	176.69	5550563
21/12/2011	180.04	186.67	178.98	185.24	4563405
22/12/2011	183.6	188.29	181.53	186.87	4473719
23/12/2011	188.22	190.63	183.86	184.85	3511075
26/12/2011	185.01	189.4	184.64	188.46	2376469
27/12/2011	189.7	190.37	184.59	186.49	3074308
28/12/2011	187.65	187.84	182.11	183.03	2829068
29/12/2011	181.69	183.02	175.14	176.3	5449524
30/12/2011	176.58	178.45	170.63	171.61	6662330
02/01/2012	172.56	175.77	170.17	174.98	4299217
03/01/2012	176.39	180.02	175.92	179.46	4683491
04/01/2012	180.14	181.02	176.66	177.36	4238367
05/01/2012	177.07	179.54	171.9	173.23	6619586
06/01/2012	172.63	179.3	172.53	177.7	4703147
09/01/2012	176.94	176.94	173.96	174.9	4202878
10/01/2012	176.33	183.02	176.33	182.32	4507724
11/01/2012	182.74	186.48	181.16	185.31	4842143
12/01/2012	185.12	186.47	181.43	182.5	3251624
13/01/2012	183.76	185.97	180.32	181.23	4692930
16/01/2012	180.77	180.77	176.08	176.56	4067488
17/01/2012	177.32	184.35	177.32	183.77	5197636
18/01/2012	188.71	195.13	187.73	193.11	9248756
19/01/2012	195.4	197.12	193.69	194.57	5483508
20/01/2012	195.65	198.12	191.2	196.3	7251864
23/01/2012	187.05	193.11	187.03	191.08	6457585
24/01/2012	191.83	196.04	190.79	194.1	5095499
25/01/2012	195.32	196.88	193.86	195.88	3837205
27/01/2012	198.12	205.03	197.87	203.17	5565491
30/01/2012	201.56	202.79	196.19	196.82	4829091
31/01/2012	199.24	203.27	198.47	202.36	6264462
01/02/2012	202.8	206.54	202.08	205.85	3776806
02/02/2012	206.79	208.7	204.1	205.37	4901979
03/02/2012	205.55	208.03	202	207.61	4569209
06/02/2012	209.49	210.38	204.09	206.29	3984412
07/02/2012	208.52	211.17	206.6	209.15	4815977
08/02/2012	209.76	214.15	209.27	212.58	3647626
09/02/2012	212.18	212.96	208.67	211.46	4309191
10/02/2012	210.59	212.73	207.53	208.83	3417975
13/02/2012	208.3	212.68	208.28	210.32	3493699
14/02/2012	209.74	212.09	208.77	210.23	3134221
15/02/2012	211.54	211.93	206.31	207.2	7182317
16/02/2012	205.8	205.8	199.29	201.21	6342577
17/02/2012	203.58	204.66	200.65	202.63	8211325
21/02/2012	202.46	210.19	201.86	208.91	8333665
22/02/2012	210.01	212.34	205.58	206.39	5748129
23/02/2012	206.05	210.48	204.71	207.93	4367293
24/02/2012	206.42	208.45	201.71	203.06	4285036
27/02/2012	203.52	204.46	189.54	193.53	6348215
28/02/2012	195.41	198.21	195.08	197.26	5289418
29/02/2012	199.37	205.03	199.15	203.26	6365349
01/03/2012	201.04	202.75	198.39	200.83	2962594
02/03/2012	202.15	202.58	199.55	201.61	2900087
05/03/2012	201.11	201.59	196.7	197.5	2988613
06/03/2012	197.38	200.35	191.68	192.31	8029991
07/03/2012	192.31	192.55	185.99	188.66	6446729
09/03/2012	192	193.07	190.49	191.63	3942927
12/03/2012	195.65	198.86	193.09	197.76	3438333
13/03/2012	198.98	203.56	198.94	203.06	3684077
14/03/2012	205.06	205.55	199.78	201.71	4028509
15/03/2012	202.58	203.37	196.49	197.29	4630686
16/03/2012	193.17	197.55	190.04	191.27	5753096
19/03/2012	193.42	193.91	186.01	187	3652448
20/03/2012	187.25	189.8	185.81	188.35	2389920
21/03/2012	188.22	191.56	187	190.21	3248548
22/03/2012	189.68	191.05	181.28	182.36	6684658
23/03/2012	184.2	185.62	182.79	184.27	6161836
26/03/2012	184.23	184.23	180.04	180.81	5288348
27/03/2012	182.77	182.97	179.57	181.05	6216251
28/03/2012	180.79	182.25	178.43	179.72	4131114
29/03/2012	177.81	180.71	177.81	179.46	5480717
30/03/2012	180.66	186.48	180.07	185.89	3949204
02/04/2012	185.58	185.95	183.03	183.4	2564862
03/04/2012	184.32	188.93	184.32	186.41	4003770
04/04/2012	184.5	187.47	184.12	185	2700412
09/04/2012	183.28	185.24	181.8	183.8	2608520
10/04/2012	184.75	185	182.79	183.92	1913265
11/04/2012	183.02	183.02	179.87	180.86	3726842
12/04/2012	181.6	184.65	181.6	184.08	2692505
13/04/2012	184.76	188.71	182.64	186.12	3249224
16/04/2012	185.02	186.59	182.27	185.27	2404246
17/04/2012	186.93	186.93	183.35	184.85	3175927
18/04/2012	185.74	187.42	183.93	185.39	3428345
19/04/2012	186.71	186.71	182.89	183.67	4205746
20/04/2012	183.28	183.51	180.29	181	3410977
23/04/2012	179.76	184.69	179.35	182.35	5053199
24/04/2012	183.02	183.39	179.23	182.05	3809316
25/04/2012	181.8	183.98	180.3	182.35	3105631
26/04/2012	182.54	185.49	181.68	184.51	3469984
27/04/2012	183.58	185.03	182.4	183.76	2857701
30/04/2012	182.64	185.22	182.64	184.53	2776770
02/05/2012	185.22	186.09	183.26	184.14	2861902
03/05/2012	182.89	184.36	182.06	182.98	1897162
04/05/2012	181.63	183.26	178.81	179.91	3778468
07/05/2012	177.07	178.81	174.62	177.24	4591050
08/05/2012	177.81	178.04	173.11	175.42	3885415
09/05/2012	173.85	175.41	171.14	172.14	3670660
10/05/2012	172.68	175.44	171.02	171.91	3391819
11/05/2012	171.62	174.1	170.46	172.66	3042510
14/05/2012	172.86	174.05	168.04	168.73	4081094
15/05/2012	168.16	170.38	166.94	168.81	3696346
16/05/2012	167.17	169.1	166.68	167.44	3101760
17/05/2012	168.47	170.84	167.86	169.68	3560488
18/05/2012	167.64	172.47	167.17	170.52	2363960
21/05/2012	170.01	173.53	169.89	172.24	2334127
22/05/2012	174.5	174.5	170.57	171.15	2938047
23/05/2012	169.69	170.87	168.29	170.1	2583348
24/05/2012	171.87	173.36	169.91	172.19	2399818
25/05/2012	172.12	172.19	170.52	171.18	3085023
28/05/2012	171.38	174.1	171.38	173.77	2575102
29/05/2012	173.9	175.78	172.75	173.81	3434316
30/05/2012	173.27	175.5	172.16	174.9	3521032
31/05/2012	172.61	180.55	168.99	174.74	9024961
01/06/2012	175.18	175.7	167.92	169.7	4096569
04/06/2012	167.66	172.61	166.77	171.56	3261847
05/06/2012	172.37	174.84	172.14	173.99	3036638
06/06/2012	174.46	177.81	172.99	177.29	5315222
07/06/2012	178.57	181.26	177.38	178.62	6387716
08/06/2012	177.81	181.26	176.4	180.71	2907005
11/06/2012	181.45	182.37	177.84	178.87	2275396
12/06/2012	177.07	179.8	176.92	179.04	2734310
13/06/2012	178.87	179.29	176.43	177.39	2274408
14/06/2012	177.32	178.51	176.09	177.41	1709717
15/06/2012	177.94	180.74	177.94	179.98	2271367
18/06/2012	180.87	181.9	176.33	178.04	2293698
19/06/2012	177.57	183.11	177.57	182.63	1783875
20/06/2012	182.77	183.99	181.53	182.62	2357462
21/06/2012	181.78	181.78	175.93	177.99	5168092
22/06/2012	176.71	177.05	174.24	176.08	4372864
25/06/2012	176.87	179.04	176.33	177.37	2540620
26/06/2012	177.69	179.67	176.94	179.18	3676587
27/06/2012	179.89	180.69	177.81	178.93	1761932
28/06/2012	179.4	180.24	177.48	178.28	2720915
29/06/2012	179.57	183.49	179.57	182.73	3833575
02/07/2012	182.15	183.46	180.82	182.62	1561673
03/07/2012	183.25	183.92	181.11	182.36	2353246
04/07/2012	183.26	183.26	180.5	181.84	2136594
05/07/2012	182.01	183.86	181.29	182.94	1784218
06/07/2012	182.77	182.77	180.66	181.99	2116579
09/07/2012	180.54	181.73	179.82	181.23	1782674
10/07/2012	181.15	183.76	180.98	183.19	1365637
11/07/2012	181.64	182.42	178.81	179.71	2728637
12/07/2012	178.78	180.74	177.59	178.61	2301028
13/07/2012	178.31	179.92	177.07	177.94	2599717
16/07/2012	178.31	179.34	177.08	178.4	1670329
17/07/2012	179.5	180.28	177.64	178.15	2605134
18/07/2012	177.81	178.77	176.38	177.27	1955014
19/07/2012	178.36	180.76	177.81	180.24	2670132
20/07/2012	178.88	180.5	177.58	178.97	2836027
23/07/2012	177.07	179.75	176.65	178.06	2336356
24/07/2012	178.56	180.01	177.9	179.42	1836693
25/07/2012	178.41	179.44	176.37	178.12	1999696
26/07/2012	178.53	178.53	175	175.87	3204015
27/07/2012	178.06	179.99	177.36	178.56	3078195
30/07/2012	179.05	181.23	178.77	180.69	1591825
31/07/2012	181.18	184.77	178.56	184.15	3081258
01/08/2012	183.32	185.96	182.92	184.93	3298891
02/08/2012	183.78	185.14	182.46	183.15	1822852
03/08/2012	182.02	185.24	180.92	183.89	2501572
06/08/2012	185.26	195.5	185.26	194.67	8545516
07/08/2012	194.67	197.12	192.61	194.1	4496299
08/08/2012	194.42	197.87	193.8	195.84	4199284
09/08/2012	195.37	197.23	192.34	193.21	2914451
10/08/2012	192.59	195.4	191.72	193.69	2440868
13/08/2012	193.05	195.65	193.05	195.19	1413458
14/08/2012	195.13	198.62	194.9	198.01	3773614
16/08/2012	198.63	203.53	197.9	202.12	4944737
17/08/2012	202.55	204.29	200.51	202.11	3275638
21/08/2012	202.08	204.04	201.17	201.65	2527532
22/08/2012	200.4	201.96	199.53	200.05	1999746
23/08/2012	200.73	200.95	195.14	196.76	3808432
24/08/2012	196.08	196.76	192.85	193.69	3455630
27/08/2012	194.65	197.18	194.04	194.99	2092529
28/08/2012	194.87	196.61	192.81	195.69	2005624
29/08/2012	195.89	197.5	193.24	193.7	2021201
30/08/2012	193.11	196.1	190.35	194.01	6227911
31/08/2012	193.17	194.26	188.88	189.8	3378863
03/09/2012	190.2	190.68	188.23	188.97	2237861
04/09/2012	189.19	193.45	188.76	193.07	2001239
05/09/2012	191.99	193.16	189.26	190.98	3012632
06/09/2012	189.78	191.83	189.21	190.25	1212105
07/09/2012	192.85	197.26	192.8	196.08	3159455
10/09/2012	198.12	198.95	195.43	196.15	2006068
11/09/2012	195.52	197.09	193.96	195.89	3122198
12/09/2012	196.51	198.05	195.51	197.65	1776753
13/09/2012	197.65	200.23	196.71	197.91	2669369
14/09/2012	201.34	209.44	200.49	208.46	8300472
17/09/2012	210.03	218.33	210.03	216.39	9698936
18/09/2012	215.51	216.42	210.83	211.89	3953604
20/09/2012	208.2	210.08	205.12	206.17	3499635
21/09/2012	206.29	211.67	206.05	210.58	8214274
24/09/2012	210.5	212.44	206.23	207.12	3407033
25/09/2012	207.53	209.22	205.61	207.97	3163188
26/09/2012	207.53	210.43	206.5	209.2	3807711
27/09/2012	209.32	210.01	204.13	205.51	6953585
28/09/2012	207.29	209.98	206.63	207.33	3227049
01/10/2012	208.03	208.6	205.37	206.42	1991469
03/10/2012	206.65	211.36	206.6	209.54	5006639
04/10/2012	210.64	212.71	210.28	211.22	2886232
05/10/2012	212.96	213.48	168.99	212.44	3592138
08/10/2012	211.63	211.63	202.15	202.93	4775793
09/10/2012	204.44	204.73	201.37	201.91	2651961
10/10/2012	200.85	203.64	199.95	202.08	2144325
11/10/2012	202.83	203.57	200.43	203.06	2710338
12/10/2012	202.78	204.66	202.1	202.8	2429045
15/10/2012	202.83	205.53	202.83	203.83	2555825
16/10/2012	207.76	208.02	200.6	201.21	5068137
17/10/2012	202.1	202.43	198.51	199.4	4780912
18/10/2012	199.92	202.08	197.38	200.92	6080686
19/10/2012	200.03	200.72	197.96	198.82	2891282
22/10/2012	196.93	202.32	196.07	201.99	3237961
23/10/2012	201.47	201.79	199.31	200.59	2170107
25/10/2012	200.62	202.75	199.91	200.7	4127449
26/10/2012	198.91	199.61	196.18	197.86	1936406
29/10/2012	198.7	201.69	198.7	200.9	2511242
30/10/2012	200.6	201.04	197.91	198.93	2134370
31/10/2012	198.9	199.94	197.63	199.48	2153819
01/11/2012	196.88	200.3	195.32	199.88	4201156
02/11/2012	201.09	201.81	198.74	200.09	2639614
05/11/2012	199.03	200.34	198.58	199.65	1158128
06/11/2012	199.11	199.95	197.19	199.47	3531643
07/11/2012	198.62	199.43	197.63	198.33	2381384
08/11/2012	196.39	197.7	195.58	197.28	2837737
09/11/2012	196.48	198.99	194.41	195.06	2421910
12/11/2012	194.62	195.5	192.92	194.82	2894127
13/11/2012	195.43	196.19	194.01	195.55	765533
15/11/2012	195.36	195.36	192.44	194.31	3486440
16/11/2012	195	196.3	190.94	191.97	3281968
19/11/2012	191.99	192.74	188.55	191.76	4737114
20/11/2012	193.34	193.34	188.76	189.54	2156459
21/11/2012	189.83	191.66	188.49	190.99	1968764
22/11/2012	191.45	191.61	188.56	189.66	2397131
23/11/2012	189.7	192.13	189.7	191.62	1707395
26/11/2012	191.91	193.03	190.94	191.6	1038412
27/11/2012	192.43	195.15	191.68	194.85	2470660
29/11/2012	194.65	199.11	193.83	197.7	4483489
30/11/2012	197.14	200.1	195.65	196.56	4170481
03/12/2012	196.88	199.86	195.58	199.11	2359017
04/12/2012	199.65	204.49	199.61	204.24	3492574
05/12/2012	205.12	207.31	203.22	206.2	3089629
06/12/2012	207.03	209.48	203.57	208.99	2636685
07/12/2012	208.29	210.43	205.66	206.69	3014740
10/12/2012	206.69	207.52	203.38	205.13	1869316
11/12/2012	206.05	207.62	201.71	203.09	3715258
12/12/2012	204.31	206.74	202.91	206.2	2314044
13/12/2012	206.2	208.28	205.65	206.6	2652270
14/12/2012	206.67	209.71	205.18	207.84	2045918
17/12/2012	206.67	209.12	205.8	206.58	1656401
18/12/2012	206.67	207.89	204.56	205.9	1827793
19/12/2012	206.84	208.78	206.55	207.9	1993015
20/12/2012	208.51	208.51	205.43	207.5	2189272
21/12/2012	206.29	206.67	203.62	204.38	2149301
24/12/2012	204.46	204.9	201.99	203.25	1303847
26/12/2012	203.57	207.01	203.57	205.12	1331218
27/12/2012	205.63	206.05	201.86	202.51	3680616
28/12/2012	203.94	209.51	203.46	208.09	3326023
31/12/2012	208.1	210.46	207.24	207.92	2224287
01/01/2013	209.02	209.66	207.81	208.2	1561532
02/01/2013	209.02	211.99	208.66	210	3072592
03/01/2013	210.16	213.48	209.17	213.17	3946902
04/01/2013	213.45	214.12	211.38	213.44	3041614
07/01/2013	214.39	215.71	210.95	212.14	3498964
08/01/2013	211.77	212.51	209.98	210.67	3194175
09/01/2013	211.1	212.94	210.17	211.17	3902332
10/01/2013	212.42	212.72	209.76	210.52	2112066
11/01/2013	211.12	211.25	207.1	208	1840162
14/01/2013	208.28	211.25	207.78	209.9	1614000
15/01/2013	209.55	210.95	207.53	209.8	2374487
16/01/2013	209.53	215.68	209.53	213.32	4469088
17/01/2013	213.5	221.29	212.92	220.41	5055697
18/01/2013	221.65	223.62	219.33	222.94	5201345
21/01/2013	232.32	236.51	227.36	227.83	10047910
22/01/2013	227.84	230.49	226.74	227.85	4266371
23/01/2013	228.36	230.02	226.9	228.6	2674869
24/01/2013	229.08	229.91	224.62	226.74	3071712
25/01/2013	226.91	227.18	224.15	225.91	3220389
28/01/2013	225.7	226.14	221.65	222.28	3063239
29/01/2013	221.65	223.38	217.96	218.64	3529188
30/01/2013	219.79	223.73	219.79	222.74	4032649
31/01/2013	222.06	222.39	218.7	219.58	3825017
01/02/2013	220.74	222.84	218.83	221.4	1863597
04/02/2013	221.91	223.13	218.95	219.59	3130914
05/02/2013	218.92	219.4	216.2	216.63	2219184
06/02/2013	218.05	218.65	215.66	216.86	2257604
07/02/2013	215.85	218.43	215.05	216.18	1952688
08/02/2013	215.45	216.45	212.24	213.86	2190791
11/02/2013	214.22	216.7	213.13	215.06	1904074
12/02/2013	215.11	218.02	214.27	216.81	2223818
13/02/2013	218.92	219.92	216.08	217.69	2407720
14/02/2013	217.93	218.79	210.75	212	2808132
15/02/2013	211.72	212.34	206.57	209.46	3289431
18/02/2013	210.01	211.64	208.82	209.89	1213793
19/02/2013	210.26	211.74	206.6	210.11	2212004
20/02/2013	212.47	217.65	212.14	216.65	3399774
21/02/2013	215.21	217.14	211.41	212.78	3706369
22/02/2013	212.61	215.95	212.49	213.62	2223041
25/02/2013	213.97	214.21	210.75	211.58	2258056
26/02/2013	210.43	210.43	202.77	203.94	3080139
27/02/2013	205.55	208.26	204.85	205.87	4048013
28/02/2013	207.33	207.92	199.55	201.55	6324405
01/03/2013	202.08	202.7	199.48	200.7	3178835
04/03/2013	200.33	202.64	199.34	201.24	3416863
05/03/2013	202.85	206.65	202.85	204.65	3008011
06/03/2013	206.02	207.63	204.73	206.85	2463693
07/03/2013	205.86	208.4	204.08	207.16	2406954
08/03/2013	208.77	211.67	208.03	210.83	2315993
11/03/2013	211.02	213.13	208.04	209.14	2415898
12/03/2013	210.63	211.62	208.91	209.97	1954963
13/03/2013	208.57	212.14	208.08	209.27	2149116
14/03/2013	209.02	213.84	206.85	212.99	3380827
15/03/2013	214.16	215.31	207.61	208.93	2924340
18/03/2013	206.79	208.89	205.75	206.62	1833998
19/03/2013	207.19	207.78	201.07	204.31	4107716
20/03/2013	205.4	205.5	201.43	203.74	4612611
21/03/2013	204.31	206.24	199.3	201.24	3808222
22/03/2013	200.18	203.32	199.2	200.75	2714879
25/03/2013	203.22	203.9	198.68	200.41	3213575
26/03/2013	198.74	199.36	193.17	194	4449515
28/03/2013	194.41	194.64	189.31	191.41	6060564
01/04/2013	193.42	195.84	191.63	192.86	1903323
02/04/2013	193.22	197.26	192.75	196.61	2539732
03/04/2013	197.58	197.87	190.94	192.31	2130749
04/04/2013	191.31	192.66	189.26	190.09	2723719
05/04/2013	190.44	193.76	190.12	193.19	2969243
08/04/2013	192.7	196.72	192.67	195.5	2029499
09/04/2013	196.17	197.03	190.96	192.41	2990299
10/04/2013	193.19	194.15	191.09	193.02	2786488
11/04/2013	194.16	194.43	189.24	190.96	2612370
12/04/2013	189.95	193.27	189.45	192.02	2594372
15/04/2013	191.45	198.11	191.45	196.54	3699483
16/04/2013	197.38	200.6	194.51	199.35	4062976
17/04/2013	199.57	200.5	190.49	191.61	7338828
18/04/2013	192.3	194.46	191.35	193.57	3152921
22/04/2013	194.65	196.81	192.75	195.58	2923783
23/04/2013	196.02	199.56	194.67	199.04	2824426
25/04/2013	200	204.71	200	202.99	5925225
26/04/2013	201.34	204.31	195.57	196.24	4766434
29/04/2013	196.41	197.85	195.26	196.3	4793061
30/04/2013	196.55	197.29	192.46	195.2	4011397
02/05/2013	195	199.86	194.01	198.84	6225752
03/05/2013	198.86	202.06	196.86	198.25	2952640
06/05/2013	198.67	204.3	198.67	203.47	2139146
07/05/2013	203.45	207.01	202.99	205.09	3778450
08/05/2013	205.58	206.27	203.58	205.46	2710630
09/05/2013	205.16	205.96	201.84	202.6	1870391
10/05/2013	201.76	203.2	200.4	201.33	2075931
13/05/2013	201.43	204.44	197.82	198.86	2077188
14/05/2013	198.26	200.35	197.03	197.66	2017950
15/05/2013	198.62	203.27	198.62	202.83	2572806
16/05/2013	202.08	208.97	201.96	208.19	3473901
17/05/2013	208.19	209.19	203.89	206.91	2853857
20/05/2013	207.38	211.74	205.24	205.84	3025949
21/05/2013	205.82	208.03	204.39	205.2	2421664
22/05/2013	205.58	206.54	201.47	202.77	2875414
23/05/2013	201.01	202.08	193.19	194.27	2925439
24/05/2013	196.49	196.81	192.97	194.77	1823040
27/05/2013	198.8	206.24	198.37	205.13	4333130
28/05/2013	205.55	209.74	204.61	208.87	4968154
29/05/2013	208.15	210.46	206.41	209.98	5886563
30/05/2013	209.27	209.51	205.55	207.24	4165950
31/05/2013	206.57	206.98	198.64	199.68	3922347
03/06/2013	199.04	199.45	194.47	195.13	3237910
04/06/2013	195.79	198.07	192.96	193.22	3372217
05/06/2013	193.29	199.19	193.29	198.62	2914171
06/06/2013	198.12	199.09	195.17	196.14	3911834
07/06/2013	196.69	198.62	193.42	194.06	2153414
10/06/2013	195.4	197.01	193.66	195.48	2597020
11/06/2013	194.04	196.02	192	194.56	3026936
12/06/2013	193.92	197.5	193.71	195.84	2920051
13/06/2013	193.91	196.36	193.31	195.6	2223263
14/06/2013	197.18	203.04	197.16	201.75	4017490
17/06/2013	201.96	205.03	200.87	204.45	2534907
18/06/2013	203.99	207.41	202.44	203.92	3579236
19/06/2013	203.57	206.36	201.81	205.97	3961700
20/06/2013	202.55	202.55	196.88	197.63	3982470
21/06/2013	198.1	200.69	194.06	196.35	4682806
24/06/2013	195.65	197.17	192.8	196.3	3728564
25/06/2013	198.05	203.05	196.88	199.06	4396198
26/06/2013	200.46	201.7	198.39	199.01	3808494
27/06/2013	202.21	207.27	201.69	205.55	5886358
28/06/2013	215.33	216.2	209.51	213.62	11002553
01/07/2013	213.48	219.92	211.9	219.35	4685396
02/07/2013	218.7	220.86	215.15	215.92	4064138
03/07/2013	213.1	213.81	210.15	210.72	2929628
04/07/2013	211.27	215.61	209.85	213.39	3024958
05/07/2013	214.55	219.11	214.55	218.02	2915951
08/07/2013	215.46	216.31	212.52	214.7	3258017
09/07/2013	215.23	218.38	214.73	216.65	2953811
10/07/2013	216.51	217.9	207.78	211.99	5083109
11/07/2013	214.22	216.27	212.8	215.47	2598534
12/07/2013	216.51	221.9	215.36	220.4	3285192
15/07/2013	219.42	222.86	219.42	222.11	2951748
16/07/2013	219.67	223.99	218.69	223.04	2965797
17/07/2013	223.63	227.32	223.63	226.59	5287638
18/07/2013	227.34	227.83	225.17	227.16	2812387
19/07/2013	227.6	229.8	226.12	228.76	3268422
22/07/2013	226.6	226.6	222.63	225.13	3876482
23/07/2013	225.87	229.08	224.68	225.25	2841507
24/07/2013	224.87	227.07	221.69	225.2	3151838
25/07/2013	224.36	225.91	217.3	220.6	3618768
26/07/2013	220.96	223.8	219.28	220.45	2186491
29/07/2013	219.68	222.55	218.57	219.35	2091846
30/07/2013	219.68	220.91	211.47	212.32	2604256
31/07/2013	212.65	217.86	208.67	215.97	3610644
01/08/2013	216.73	218.64	209.23	210.5	2530722
02/08/2013	212.98	215.94	210.5	212.32	2930875
05/08/2013	212.98	216.18	211.93	213.36	2870806
06/08/2013	212.6	214.02	205.59	208.29	2837977
07/08/2013	209.27	218.39	205.8	216.06	4296180
08/08/2013	214.8	216.06	212.28	214.38	2598354
12/08/2013	215.21	216.16	208.14	209.43	1995272
13/08/2013	208.77	212.97	206.79	211.22	2637165
14/08/2013	211.99	214.96	209.87	214.22	2573906
16/08/2013	214.22	214.71	202.37	204.73	6245328
19/08/2013	203.82	206.54	199.99	203.14	3691650
20/08/2013	200.87	205.75	199.37	204.4	2610167
21/08/2013	206.29	206.72	193.22	194.06	3591352
22/08/2013	193.78	200.26	191.73	199.63	5095979
23/08/2013	201.51	204.24	200.23	202.95	3276098
26/08/2013	203.69	205.91	200.2	203.72	2266639
27/08/2013	201.59	204.29	198.12	198.93	2993270
28/08/2013	196.91	202.72	189.18	201.04	5900451
29/08/2013	202.08	211.35	201.22	209.33	7049010
30/08/2013	208.97	212.98	205.13	211.46	4901683
02/09/2013	211.3	220.41	211.3	219.61	4812235
03/09/2013	219.96	220.83	205.13	205.8	3960633
04/09/2013	206.48	214.11	206.29	210.34	3045550
05/09/2013	213.72	215.4	210.78	213.61	3258258
06/09/2013	215.46	216.32	208.4	214.96	3439791
10/09/2013	216.18	221.29	214.53	220.5	4227364
11/09/2013	220.16	221.13	216.49	219.85	3396942
12/09/2013	219.92	223.13	215.74	216.79	4109760
13/09/2013	214.96	218.85	214.73	216.2	2246049
16/09/2013	219.41	219.84	211.5	213.41	2754524
17/09/2013	212.08	213.97	211.15	212.52	2498437
18/09/2013	213.1	216.7	212.19	215.94	3132560
19/09/2013	219.93	221.88	218.07	220.56	4328339
20/09/2013	219.42	223.13	215.58	218.4	4197357
23/09/2013	215.97	218.18	214.22	216.53	2028677
24/09/2013	215.95	219.06	215	216.6	2823675
25/09/2013	216.05	216.67	208.57	210.27	3993925
26/09/2013	209.67	210.54	206.85	207.59	4543087
27/09/2013	208.52	211.62	207.29	208	2744478
30/09/2013	206.06	209.14	202.85	203.67	3639687
01/10/2013	204.64	205.53	202.51	203.43	2082088
03/10/2013	203.92	210.23	203.92	209.75	2082009
04/10/2013	208.16	212.91	207.53	211.59	2265225
07/10/2013	209.91	211.1	207.04	209.03	2575155
08/10/2013	210.43	211.67	207.83	209.25	2770271
09/10/2013	208.02	214.88	207.41	213.2	2732625
10/10/2013	212.73	213.67	210.02	212.98	2142108
11/10/2013	214.22	214.96	211.57	213.81	2233967
14/10/2013	214.22	216.7	213.77	215.53	2778882
15/10/2013	222.22	222.55	213.97	214.91	5266950
17/10/2013	215.46	219.92	214.13	218.02	4026153
18/10/2013	218.33	224.87	218.33	224.29	5069374
21/10/2013	224.29	226.73	221.93	226.16	3461572
22/10/2013	224.72	225.6	222.27	223.93	2342103
23/10/2013	224.17	225.17	219.83	222.08	2044698
24/10/2013	220.92	225.61	218.27	219.05	2678332
25/10/2013	218.95	221.1	217.77	219.67	2273430
28/10/2013	219.92	224.09	219.88	220.6	3514321
29/10/2013	220.19	223.87	218.9	222.09	3303172
30/10/2013	222.02	223.61	221.57	222.43	2197777
31/10/2013	222.89	227.34	221.9	226.53	4521314
01/11/2013	225.39	229.46	223.72	224.93	2718063
05/11/2013	223.72	228.26	223.72	225.29	2504263
06/11/2013	225.36	227.82	221.64	222.54	2198926
07/11/2013	222.64	224.32	218.45	219.4	2238424
08/11/2013	219.42	219.92	215.74	216.93	2001425
11/11/2013	216.45	218.45	213.03	213.95	2034671
12/11/2013	214.22	215.85	210.55	211.15	2781812
13/11/2013	210.48	213.33	208.55	209.12	1918164
14/11/2013	210.81	213.97	210.6	210.91	1835838
18/11/2013	212.51	217.38	212.03	216.63	2759723
19/11/2013	216.7	219.15	216.7	217.53	1928073
20/11/2013	216.66	218.68	212.24	213.6	2992305
21/11/2013	212.96	212.98	208.88	209.91	2620866
22/11/2013	210.75	212.1	207.81	208.96	1710289
25/11/2013	209.85	212.2	209.03	210.93	2303754
26/11/2013	210.63	212.19	207.42	208.34	3192390
27/11/2013	209.14	210.38	206.85	207.52	2610836
28/11/2013	208.8	212.09	208.8	210	2867965
29/11/2013	210.74	212.11	210.16	211.3	2259353
02/12/2013	211.25	213.71	211.07	211.82	1650771
03/12/2013	211.74	214.34	210.67	213.45	2099451
04/12/2013	213.2	214.84	211.3	212	2002635
05/12/2013	215.95	217.19	214.97	215.71	2865154
06/12/2013	215.49	216.61	213.28	214.64	1668901
09/12/2013	218.45	219.92	216.99	217.67	2904113
10/12/2013	217.56	220.09	217.56	219.09	1992917
11/12/2013	218.55	219.16	216.08	218.58	1137789
12/12/2013	217.44	217.93	214.96	215.51	1300646
13/12/2013	214.71	214.99	212.4	214.15	2040359
16/12/2013	212.98	213.54	208.82	209.28	2296374
17/12/2013	210.18	211.22	207.22	207.83	2306272
18/12/2013	207.83	213.93	207.83	212.97	2745251
19/12/2013	214.07	214.07	208.94	211.51	3074567
20/12/2013	215.95	222.39	213.5	221.69	4687926
23/12/2013	222.64	225.12	220.41	221.96	3701213
24/12/2013	222.02	224.13	221.67	222.4	1670206
26/12/2013	221.53	222.89	218.45	219.8	3341856
27/12/2013	220.06	221.38	217.17	217.65	1770277
30/12/2013	218.18	220.37	216.91	219.69	2357956
31/12/2013	219.92	222.45	219.69	221.7	1304298
01/01/2014	222.26	222.45	219.82	220.11	1337074
02/01/2014	219.84	221.9	215.48	216.7	1376901
03/01/2014	215.85	216.29	211.74	214.03	2933613
06/01/2014	213.5	213.79	210.5	211.73	3043781
07/01/2014	211.64	212.97	208.04	208.55	3957111
08/01/2014	209.12	212.32	209.12	210.27	2909048
09/01/2014	210.62	211.45	209.28	210.68	1899340
10/01/2014	210.1	217.02	210.01	212.52	3392170
13/01/2014	215.02	218.68	214.96	218.03	2756390
14/01/2014	217.56	219.06	216.06	218.31	2760267
15/01/2014	219.1	221.65	218.18	219.28	2893960
16/01/2014	220.09	221.23	218.44	219.46	4123266
17/01/2014	220.2	222.12	218	219.11	3534630
20/01/2014	219.64	220.16	214.49	215.4	3789008
21/01/2014	216.11	216.35	213.48	213.74	2241570
22/01/2014	213.85	216.78	212.52	216.06	1947009
23/01/2014	213.13	215.78	213.13	214.42	3146981
24/01/2014	213.48	216.61	213.25	214.88	2715344
27/01/2014	211.99	213.18	208.11	208.81	2822051
28/01/2014	209.76	211.99	208.7	209.23	2645575
29/01/2014	210.46	211.12	206.79	207.19	2828526
30/01/2014	205.9	206.5	203.62	204.31	3223490
31/01/2014	204.81	206.41	204.6	205.84	2523182
03/02/2014	204.61	205.5	202.94	203.3	1880728
04/02/2014	201.71	204.72	201.38	203.46	2825803
05/02/2014	203.1	203.45	199.83	202.39	2582636
06/02/2014	203.07	204.09	200.14	202.05	2474757
07/02/2014	203.6	204.02	200.75	201.7	1933597
10/02/2014	201.9	204.46	200.88	203.56	2364740
11/02/2014	203.82	204.31	198.8	199.42	2882244
12/02/2014	200.1	203.55	199.95	202.55	2246719
13/02/2014	202.8	202.8	199.37	199.95	1978914
14/02/2014	201.07	204.07	200.1	203.58	2107250
17/02/2014	202.49	203.57	199.87	201.17	2070622
18/02/2014	199.88	202.54	199.88	201.38	1312359
20/02/2014	200.92	201.51	198.89	199.47	1838151
21/02/2014	199.88	202.08	199.51	200.97	1430079
24/02/2014	200.12	201.82	199.43	201.18	1554509
25/02/2014	201.66	202.08	199.99	200.73	1609074
26/02/2014	200.85	202.29	200.17	200.77	3110571
28/02/2014	200.77	201.92	196.41	198.11	4331622
03/03/2014	198.15	199.81	197.42	198.96	2659675
04/03/2014	198.86	201.75	198.77	201.33	2056575
05/03/2014	201.97	202.58	199.4	199.86	2703603
06/03/2014	200.44	204.16	200.43	203.68	2325283
07/03/2014	204.31	216.45	204.31	215.31	7679752
10/03/2014	214.24	223.79	213.82	219.28	7513409
11/03/2014	219.17	219.87	215.98	216.63	2921335
12/03/2014	216.45	218.65	214.88	215.79	2155857
13/03/2014	216.7	221.59	216.62	217.82	3936620
14/03/2014	216.45	220.4	215.22	219.46	3780891
18/03/2014	220.29	225.07	220.29	222.01	4351046
19/03/2014	222.89	225.34	221.71	223.63	3743369
20/03/2014	223.28	224.74	222.43	224.37	6791651
21/03/2014	224.62	226.19	218.47	219.37	5040481
24/03/2014	220.72	225.05	220.68	224.22	6586731
25/03/2014	217.69	218.55	216.08	217.76	7154556
26/03/2014	218.24	223.62	218.22	220.71	3156965
27/03/2014	221.61	224.1	220.93	223.07	12665322
28/03/2014	222.89	227.83	222.89	226.89	4267110
31/03/2014	226.91	232.74	226.16	230.5	4286368
01/04/2014	231.8	234.03	230.14	233.44	3575180
02/04/2014	234.03	238.24	232.32	237.3	6121499
03/04/2014	236.95	238.48	232.89	235.93	6069088
04/04/2014	235.77	236.07	233.18	233.85	2860462
07/04/2014	233.78	236.5	231.39	233.82	2949923
09/04/2014	235.27	239.41	234.56	238.28	3071917
10/04/2014	238.91	241.19	238.29	239.99	2434297
11/04/2014	238.32	240.48	235.42	236.2	2672508
15/04/2014	235.27	236.26	231.95	235.05	2117715
16/04/2014	234.4	237.5	232.32	233.12	2830152
17/04/2014	234.03	238.19	233.73	237.52	1793418
21/04/2014	240.21	240.21	236.78	237.65	2701214
22/04/2014	237.75	244.87	236.78	239.67	4418930
23/04/2014	239.98	243.19	238.8	239.52	3494693
25/04/2014	239.73	239.98	234.28	234.84	3029220
28/04/2014	235.22	236.76	233.13	234.03	3796899
29/04/2014	234.29	235.7	232.3	232.87	1919298
30/04/2014	233.76	237.75	230.09	231.75	3289582
02/05/2014	232.79	234.63	229.33	229.85	2073376
05/05/2014	229.08	237.37	229.08	234.49	3474292
06/05/2014	234.75	239.48	234.66	238.58	2832651
07/05/2014	237.77	240.57	237.02	237.96	2416483
08/05/2014	238.51	240.25	235.46	237.82	2731382
09/05/2014	236.71	247.4	236.71	247.06	4217843
12/05/2014	246.39	259.79	246.19	254.76	7051280
13/05/2014	257.56	264.69	256.2	263.35	6140492
14/05/2014	263.5	264.49	257.83	258.92	4428958
15/05/2014	258.92	262.51	257.37	260.88	4769324
16/05/2014	269.97	283.62	263.03	267.28	12031151
19/05/2014	270.19	278.55	269.17	277.38	5439813
20/05/2014	279.33	279.6	266.4	267.43	5145199
21/05/2014	267.43	273.15	265.92	267.07	5026907
22/05/2014	268.95	275.74	268.63	272.62	4284833
23/05/2014	275.28	280.34	272.91	279.22	3786896
26/05/2014	280.47	282.32	266.23	272.84	3674151
27/05/2014	273.16	274.4	266.25	269.43	2576905
28/05/2014	269.84	274.05	268.64	269.67	2594834
29/05/2014	270.56	270.78	264.58	265.87	6322422
30/05/2014	268.7	269.87	262.51	263.68	3953091
02/06/2014	266.16	269.51	263.82	268.01	2012972
03/06/2014	268.28	272.91	266.81	271.28	2485694
04/06/2014	270.6	272.86	266.54	266.85	2017568
05/06/2014	267.09	271.15	263.56	269.92	4565820
06/06/2014	274.25	280.59	273.43	277.97	6701908
09/06/2014	279.85	280.52	275.41	278.03	3085371
10/06/2014	279.96	279.96	272.53	276.95	3602608
11/06/2014	277.37	277.37	270.56	272.94	3466329
12/06/2014	272.06	275.76	268.48	270.97	2689818
13/06/2014	272.49	274.15	265.66	267.94	3348036
16/06/2014	268.46	268.46	261.81	263.86	3285055
17/06/2014	262.04	270.76	262.04	269.95	3617320
18/06/2014	269.45	272.83	262.67	264.18	4391701
19/06/2014	265.98	266.21	255.48	258.08	5286280
20/06/2014	259.02	259.89	256.13	256.69	2938456
23/06/2014	256.82	258.77	253.6	257.05	3375785
24/06/2014	258.8	263.2	258.8	262.47	2717888
25/06/2014	261.93	262.35	259.58	260.28	2414935
26/06/2014	253.84	254.31	249.31	250.6	5595871
27/06/2014	250.13	253.47	249.44	250.65	2108794
30/06/2014	250.76	252.61	247.65	251.47	4721740
01/07/2014	251.91	252.74	249.37	249.63	2206576
02/07/2014	251.86	254.43	250.62	252.17	2810085
03/07/2014	252.61	253.84	248.52	249.26	2645940
04/07/2014	248.89	256.77	248.47	255.56	2961779
07/07/2014	255.82	256.82	252.85	254.39	3204529
08/07/2014	254.09	256.2	245.18	246.43	3996724
09/07/2014	248.15	250.1	245.8	247.89	3406611
10/07/2014	247.71	252.98	242.96	246.96	4251670
11/07/2014	246.46	248.15	238.65	239.36	4065087
14/07/2014	239.88	241.44	237.37	238.18	3146395
15/07/2014	238.59	242.7	238.5	240.77	3507637
16/07/2014	241.21	245.92	241.21	245.1	3190489
17/07/2014	244.68	247.21	242.77	243.32	2154828
18/07/2014	242.7	243.58	240.05	241.89	2133298
21/07/2014	247.65	249.63	246.43	247.07	3883004
22/07/2014	248.64	256.05	247.92	255.32	6512321
23/07/2014	256.33	257.51	252.87	255.89	3136481
24/07/2014	255.08	258.35	253.6	257.82	2211291
25/07/2014	258.03	258.38	249.4	253.06	3093322
28/07/2014	252.85	253.48	248.05	249.04	2142490
30/07/2014	248.64	250.38	245.92	249.18	4255466
31/07/2014	249.62	252.58	248.15	249.25	4051138
01/08/2014	246.41	247.4	241.46	241.78	3617603
04/08/2014	242.95	245.1	241.72	243.94	3353808
05/08/2014	243.96	244.64	240.47	243.65	2796475
06/08/2014	243.91	247.31	242.58	244.72	3739249
07/08/2014	244.93	246.84	243.53	245	2478789
08/08/2014	242.59	243.57	240.99	242.82	2084325
11/08/2014	243.97	244.49	242.06	242.82	1530775
12/08/2014	244.19	244.42	241.8	243.79	2184401
13/08/2014	243.52	246.81	242.7	245.21	3226166
14/08/2014	246.41	248.89	245.61	248.38	2757188
18/08/2014	247.92	251.48	247.03	250.88	1747178
19/08/2014	251.37	253.35	249.16	249.96	3328022
20/08/2014	250.38	252.22	246.5	247.24	2976628
21/08/2014	247.65	248.64	245.2	246.44	3760015
22/08/2014	247.68	249.39	246.49	247.23	1959327
25/08/2014	247.65	249.76	246.03	246.61	1704141
26/08/2014	246.66	246.9	243.44	246.01	2182560
27/08/2014	246.96	248.1	244.4	246.09	1918182
28/08/2014	246.32	248.64	246.32	247.33	3637682
01/09/2014	248.73	252.85	246.56	251.14	3702468
02/09/2014	252.23	255.47	250.28	253.55	3784599
03/09/2014	253.88	256.56	252.88	255.39	5011067
04/09/2014	254.83	256.05	252.13	254.07	2136513
05/09/2014	254.51	255.94	252.75	254	2075273
08/09/2014	256.05	257.4	254.59	256.99	3174286
09/09/2014	255.6	257.88	254.64	255.82	2095351
10/09/2014	254.62	254.86	250.77	251.58	2162176
11/09/2014	252.68	255.08	249.63	252.46	2427349
12/09/2014	252.23	253.6	250.49	251.52	2000076
15/09/2014	249.91	250.62	247.9	248.33	1997452
16/09/2014	248	248.68	241.83	242.55	3027126
17/09/2014	243.91	245.31	242.44	244.84	2488647
18/09/2014	243.94	250.13	243.62	248.87	2077617
19/09/2014	249.14	251.57	245.42	246.53	3924732
22/09/2014	245.92	246.66	244.61	245.56	1805858
23/09/2014	245.6	246.53	238.5	239.2	4044643
24/09/2014	239.85	241.24	236.61	239	3518809
25/09/2014	239.26	239.68	228.5	230.28	7564288
26/09/2014	230.07	233.2	227.17	231.12	3635611
29/09/2014	232.04	233.46	230.22	231.1	2852977
30/09/2014	229.82	234.89	229.09	234.2	4032700
01/10/2014	233.68	234.18	229.33	229.62	1978672
07/10/2014	229.64	231.53	228.69	229.36	2835389
08/10/2014	228.13	233.16	228.13	231.98	2246466
09/10/2014	232.35	237.07	232.35	236.42	2552056
10/10/2014	234.53	239.98	231.83	237.91	3535189
13/10/2014	238.19	238.92	234.79	237.23	3173161
14/10/2014	242.45	242.45	237.4	238.06	4360890
16/10/2014	235.68	236.98	229.82	230.56	4347008
17/10/2014	231.8	232.95	229.13	232.27	3500356
20/10/2014	232.42	232.94	225.75	231.57	4843061
21/10/2014	231.37	232.05	229.6	230.16	4028045
22/10/2014	231.58	235.47	231.1	234.19	3059361
23/10/2014	235.15	236.38	235.02	235.96	429213
27/10/2014	238.72	238.72	232	233.13	2302432
28/10/2014	233.07	233.29	229.35	231.32	5034195
29/10/2014	231.95	236.11	231.34	235.67	4004057
30/10/2014	234.77	243.08	234.55	242.51	7484984
31/10/2014	243.16	248.57	243.16	247.79	3219842
03/11/2014	248.64	249.88	245.21	248.23	2828980
05/11/2014	248.15	249.76	244.78	245.5	3595614
07/11/2014	245.29	246.5	242.22	242.82	2659263
10/11/2014	243.39	245.13	239.54	240.06	2396133
11/11/2014	240.82	244.63	239.29	242.13	2308713
12/11/2014	243.18	243.44	239.9	241.23	2122642
13/11/2014	241.21	242.65	238.59	240.04	1609576
14/11/2014	239.98	242.14	239	240.01	1925588
17/11/2014	239.23	244.57	239.23	243.99	2337114
18/11/2014	244.05	247.08	243.99	244.84	3065433
19/11/2014	244.84	245.67	241.83	242.24	1851368
20/11/2014	242.2	243.62	240.3	242.89	2592595
21/11/2014	242.75	247.9	242.75	247.08	2683538
24/11/2014	247.7	248.68	243.12	244.02	2840424
25/11/2014	243.96	246.39	241.04	245.92	3338732
26/11/2014	245.66	245.92	243.34	244.45	3007076
27/11/2014	245.18	245.92	243.45	244.84	2806993
28/11/2014	245.1	251.95	243.49	245.57	4773085
01/12/2014	244.93	245.66	237.39	238.14	3973275
02/12/2014	238.24	240.53	237.25	238.4	2160807
03/12/2014	237.39	241.21	237.39	239.81	2237796
04/12/2014	239.75	241.45	236.68	237.39	2463051
05/12/2014	237.99	239.48	236.53	237.09	2296865
08/12/2014	237.75	238.45	233.35	233.93	2340414
09/12/2014	233.04	235.44	230.56	232.76	2422696
10/12/2014	230.68	233.03	230.32	230.95	3027071
11/12/2014	230.07	230.07	223.72	224.41	5170702
12/12/2014	224.62	225.61	217.77	218.52	4085890
15/12/2014	217.43	218.38	215.95	217.64	2891112
16/12/2014	217.14	218.74	212.91	214.12	4774252
17/12/2014	214.28	216.67	214.08	215.33	4749947
18/12/2014	218.32	219.12	214.13	217.96	3422050
19/12/2014	219.2	224.97	218.55	223.02	4588473
22/12/2014	223.38	224.57	220.66	224.1	1898416
23/12/2014	223.47	223.91	220.86	221.34	2419143
24/12/2014	221.34	222.18	217.93	218.96	5138493
26/12/2014	219.57	221.07	217.96	220.13	1117804
29/12/2014	220.04	222.65	219.66	222.14	1584461
30/12/2014	222.17	222.49	217.22	217.97	2657831
31/12/2014	217.93	221.38	217.7	220.7	1934955
01/01/2015	219.49	220.91	218.84	219.89	677439
02/01/2015	219.94	221.91	219	219.31	1675827
05/01/2015	219.17	220.63	216.47	216.91	2309591
06/01/2015	215.46	216.2	206.05	207.06	4258043
07/01/2015	207.31	212.68	207.29	211.57	4736315
08/01/2015	213.01	213.7	208.07	208.54	4542457
09/01/2015	210.11	213.48	209.27	213.06	3061366
12/01/2015	213.1	213.23	208.42	210.58	2308716
13/01/2015	211.25	211.73	208.15	208.81	2274108
14/01/2015	208.77	209.76	205.85	206.78	2601286
15/01/2015	208.03	215.73	208.03	214.03	3869247
16/01/2015	212.98	216.7	211.01	215.38	4374388
19/01/2015	215.51	219.42	212.67	217.85	3049291
20/01/2015	218.31	224.26	217.65	223.64	3054173
21/01/2015	224.13	225.71	220.92	224.56	3905183
22/01/2015	224.16	224.67	217.81	218.86	5422365
23/01/2015	220.41	222.34	217.19	219.64	4132897
27/01/2015	221.13	222.07	218.06	220.18	4100754
28/01/2015	219.44	225.31	219.44	224.58	4411227
29/01/2015	224.65	231.43	224.6	230.17	8255888
30/01/2015	230.32	230.63	225.12	226.66	4970953
02/02/2015	226.86	227.82	224.3	224.88	4412275
03/02/2015	226.16	233	226.16	232.2	3907020
04/02/2015	232.57	233.73	229.3	230.02	3216827
05/02/2015	231.8	232.77	227.25	228.76	2826578
06/02/2015	228.86	230.32	223.63	225.34	2067728
09/02/2015	223.18	227.34	220.91	222.07	2020605
10/02/2015	222.39	224	213.3	218.43	3120391
11/02/2015	219.42	224.06	218.68	223.06	2235774
12/02/2015	224.87	226.34	219.73	225.15	1990874
13/02/2015	226.35	228.04	225.13	227.22	1690071
16/02/2015	227.52	228.88	222.89	223.58	2803961
18/02/2015	222.89	224.87	221.5	223.3	2248124
19/02/2015	224.61	224.77	219.8	223.39	2183115
20/02/2015	221.71	221.9	215.78	216.23	4278437
23/02/2015	215.45	217.13	209.79	210.86	3224043
24/02/2015	211.56	212.19	207.29	208.39	4559370
25/02/2015	210.21	212.11	208.29	208.81	3491406
26/02/2015	209.54	210.5	207.19	208.52	4905338
27/02/2015	209.9	213.23	209.17	211.88	4265220
02/03/2015	215.21	216.82	211.88	214.03	3332631
03/03/2015	215.21	224.48	214.81	223.09	4717254
04/03/2015	224.37	225.28	217.95	219.88	3308981
05/03/2015	221.03	222.58	217.48	219.16	2449658
09/03/2015	219.2	220.84	214.01	215.37	3215112
10/03/2015	215.2	216.89	211.84	212.77	3482250
11/03/2015	213.22	215.36	211.1	211.98	2659765
12/03/2015	212.49	214.81	211.89	213.92	2693254
13/03/2015	215.21	215.36	209.76	210.53	2956988
16/03/2015	210.88	211.48	208.1	208.55	3163589
17/03/2015	210.64	212.96	208.28	212.2	4359100
18/03/2015	212.24	216.01	211.67	215.12	2118940
19/03/2015	216.83	217.12	211.52	212.03	3185218
20/03/2015	212.46	213.27	210.16	211.52	2378572
23/03/2015	212.11	213.97	207.56	208.51	3029112
24/03/2015	208.55	211.57	208.55	210	2111750
25/03/2015	210.26	210.38	208.28	209.24	2346393
26/03/2015	208.3	210.32	204.09	205.38	4713693
27/03/2015	206.52	206.79	198.48	201.02	5332142
30/03/2015	202.23	202.51	197.24	200.78	3961481
31/03/2015	202.58	206.27	202.58	204.56	4625471
01/04/2015	204.29	207.78	201.37	207.05	3334693
06/04/2015	207.04	207.53	203.42	204.23	2819367
07/04/2015	204.57	207.06	204.57	206.26	4863211
08/04/2015	206.42	215.33	206.27	214.44	5673710
09/04/2015	214.34	222.64	212.68	221.67	6234931
10/04/2015	221.64	225.07	220.19	223.96	5788462
13/04/2015	224.57	229.02	222.58	228.46	4612201
15/04/2015	228.09	232.69	224.67	228.74	5081693
16/04/2015	228.95	232.3	227.59	229.91	4612192
17/04/2015	231.57	233.86	228.48	229.54	5476551
20/04/2015	232.12	232.16	217.56	219.33	8601165
21/04/2015	220.45	221.77	216.06	217.05	4047524
22/04/2015	218.4	219.61	214.71	217.87	3374188
23/04/2015	218.89	220.26	215.22	217.2	3048801
24/04/2015	217.19	219.04	215.12	217.66	2905259
27/04/2015	217.95	219.79	215.82	216.77	2524227
28/04/2015	216.62	218.43	212.62	214.27	3357286
29/04/2015	213.48	215.59	209.86	210.5	3746012
30/04/2015	210.5	214.44	210	213.56	7955186
04/05/2015	214.52	221.38	213.1	220.65	3446692
05/05/2015	221.33	223.33	219.2	220.94	4079468
06/05/2015	220.41	222.08	215.95	218	5128997
07/05/2015	216.7	217.55	212.98	215.64	3825462
08/05/2015	215.71	221.34	213.25	220.34	3909788
11/05/2015	221.12	222.75	218.78	221.88	3249083
12/05/2015	221.62	221.62	214.26	215.14	3805956
13/05/2015	216.29	220.08	212.29	219.2	3817667
14/05/2015	219.42	219.47	215.53	217.49	2818365
15/05/2015	218.4	219.66	215.48	216.44	1904490
18/05/2015	216.67	221.4	216	220.79	2250982
19/05/2015	220.72	224.06	219.57	221.79	3317436
20/05/2015	222.99	225.61	222.32	225.08	1990706
21/05/2015	225.67	226.7	221.43	222.08	2459446
22/05/2015	222.14	224.27	222.14	223.84	1908452
25/05/2015	222.89	224.87	220.99	221.53	1512612
26/05/2015	221.65	221.9	218.6	219.07	2173883
27/05/2015	219.42	220.63	217.98	219.25	1846549
28/05/2015	219.38	221.46	215.95	216.89	6066339
29/05/2015	217.91	219.53	216.23	217.19	6692348
01/06/2015	217.93	224.1	217.44	223.44	4479082
02/06/2015	224.31	227.54	220.77	222.55	4612571
03/06/2015	222.64	225.48	220.04	221.98	3553618
04/06/2015	223.93	226.9	221.04	226.03	3641649
05/06/2015	225.34	227.08	223.99	224.81	2986745
08/06/2015	224.57	225.36	218.7	219.28	2479431
09/06/2015	218.81	220.57	217.28	218.85	2092303
10/06/2015	219.42	225.34	219.17	224.32	3088017
11/06/2015	224.37	225.24	216.36	217.23	3354787
12/06/2015	217.69	221.08	217.5	220.37	4924556
15/06/2015	221.62	224.13	220.41	223.32	2939253
16/06/2015	222.64	224.13	221.2	223.87	3184005
17/06/2015	224.14	233.38	221.4	230.61	5996339
18/06/2015	230.95	243.19	230.94	242.44	11284420
19/06/2015	243.32	249.24	243.32	246.82	10448751
22/06/2015	246.9	249.81	244.31	245.6	4433185
23/06/2015	245.83	248.32	245.42	246.41	3659045
24/06/2015	246.41	249.25	244.35	245.4	4252334
25/06/2015	244.43	249.88	243.94	248.78	6211775
26/06/2015	247.63	251.14	246.51	247.83	4792657
29/06/2015	244.66	246.13	240.72	245.39	4610282
30/06/2015	245.15	248.36	244.68	247.68	5299670
01/07/2015	247.9	250.24	247.9	249.05	3388578
02/07/2015	249.88	252.54	249.41	250.34	3641605
03/07/2015	250.07	251.07	248.41	249.44	3161556
06/07/2015	246.69	252.33	246.46	251.5	2797340
07/07/2015	250.38	251.76	247.65	248.46	2581847
08/07/2015	246.62	249.81	245.58	246.81	3472328
09/07/2015	246.66	247.9	243.48	244.53	3713532
10/07/2015	245.45	248.64	245.24	248.1	3682606
13/07/2015	248.1	250.75	246.45	249.39	2253887
14/07/2015	249.86	250.5	246.46	247.11	2272786
15/07/2015	247.59	251.22	247.54	250.41	3093396
16/07/2015	250.62	254.54	250.41	253.52	3395442
17/07/2015	253.91	255.37	252.11	253.03	2330438
20/07/2015	254.54	255.07	252.09	253.78	1451127
21/07/2015	254.59	254.7	248.33	249.58	1811142
22/07/2015	248.89	261.01	248.79	260.13	3956647
23/07/2015	260.9	264.46	257.86	258.87	4261457
24/07/2015	259.54	259.95	252.88	253.86	2994363
27/07/2015	253.82	255.06	248.09	248.98	4598763
28/07/2015	249.71	251.79	247.68	250.19	3059101
29/07/2015	250.01	250.8	245.7	246.66	3380933
30/07/2015	247.68	249.63	245.75	247.69	2674704
31/07/2015	247.65	249.61	245.18	248.11	3802312
03/08/2015	247.9	251.08	247.5	248.26	2260182
04/08/2015	248.49	249.05	242.7	244.68	2744569
05/08/2015	244.74	247.85	243.71	244.62	3279028
06/08/2015	245.42	245.67	242.08	242.44	1990511
07/08/2015	242.45	246.17	241.99	243.78	1967847
10/08/2015	243.81	244.88	238.86	239.95	2123285
11/08/2015	240.47	241.13	237.25	239.23	2002952
12/08/2015	238.64	0	0	239.23	0
13/08/2015	234.53	236.25	230.17	231.15	2135047
14/08/2015	232.86	240.72	231.38	239.47	2912005
17/08/2015	239.23	239.23	234.29	235.44	2481826
18/08/2015	236.76	236.76	233.34	233.81	1515583
19/08/2015	233.78	237.99	232.66	236.41	2029201
20/08/2015	237.73	237.73	226.29	226.92	4344929
21/08/2015	225.36	225.83	222.14	224.86	4583212
24/08/2015	217.93	217.93	202.58	205.44	8145723
25/08/2015	208.24	213.14	203.87	210.05	11315843
26/08/2015	209.96	216.65	208.03	211.35	4332912
27/08/2015	214.67	218.24	212.25	215.25	6171185
28/08/2015	216.7	218.68	214.49	216.05	2461890
31/08/2015	216.16	216.16	211.45	211.97	4733716
01/09/2015	211.47	211.47	206.81	207.99	4947842
02/09/2015	210.5	212.26	208.67	210.39	4492201
03/09/2015	211.51	213.17	209.12	211.46	2665275
04/09/2015	210.43	210.43	204.34	207.01	3703036
07/09/2015	207.59	209.02	204.98	206.34	2339465
08/09/2015	207.04	211.24	204.34	210.16	2948830
09/09/2015	213.23	217.61	210.63	216.46	3963791
10/09/2015	213.23	215.58	211.87	214.71	2531423
11/09/2015	215.95	216.97	212.04	213.22	2430944
14/09/2015	213.41	214.39	210.98	213.93	1820453
15/09/2015	213.48	215.46	211.89	214.71	2630944
16/09/2015	215.98	217.28	214.27	216.09	3068686
18/09/2015	217.55	222.76	217.23	221.75	7831592
21/09/2015	217.93	219.96	216.96	217.46	2910364
22/09/2015	217.93	219.15	209.14	209.98	3599162
23/09/2015	208.77	212.19	208.03	210.59	3479324
24/09/2015	210.01	210.01	206.73	207.37	6646509
28/09/2015	207.98	208.25	205.23	206.6	2657197
29/09/2015	205.55	210.57	204.59	208.21	3623837
30/09/2015	210.75	214.17	207.66	213.55	3952665
01/10/2015	216.44	216.44	212.63	214.15	1980306
05/10/2015	213.67	220.41	213.44	219.92	3660854
06/10/2015	221.81	223.01	219.36	222.4	2818498
07/10/2015	221.57	227.36	220.66	226.3	2632179
08/10/2015	226.58	226.58	219.48	220.19	2457989
09/10/2015	221.41	224.24	218.31	219.75	2132195
12/10/2015	219.92	223.28	219.92	220.84	1420049
13/10/2015	219.18	221.97	218.65	221.3	1408658
14/10/2015	221.85	224.13	221.39	223.62	1829257
15/10/2015	224.79	225.61	222.91	223.8	2068330
16/10/2015	224	226.55	223.8	226.55	3485193
19/10/2015	233.04	239.11	233.04	238.61	7658875
20/10/2015	238.98	239.41	236.01	236.93	4135503
21/10/2015	236.63	241.41	236.01	236.51	3292615
23/10/2015	238.72	240.98	233.08	236.67	2778068
26/10/2015	238.22	238.49	233.12	233.5	2500420
27/10/2015	232.5	234.84	232.15	232.68	2651976
28/10/2015	232.03	234.01	230.29	232.04	2733564
29/10/2015	231.8	234.03	231.54	233.04	3035672
30/10/2015	233.31	236.73	232.82	234.7	3055325
02/11/2015	235.02	238.12	234.08	237.7	1650838
03/11/2015	238.55	240.33	238.06	239.53	2599796
04/11/2015	239.73	241.46	234.33	235.59	2293418
05/11/2015	235.02	235.52	231.06	231.95	2461259
06/11/2015	232.66	236.45	232.27	235.86	1912599
09/11/2015	231.18	238.98	228.69	238.06	3893160
10/11/2015	237	237.62	226.92	228.52	2625561
13/11/2015	226.61	232.43	226.48	231.07	3127549
16/11/2015	229.33	233.29	229.02	231.38	3507963
17/11/2015	232.31	232.52	229.38	229.76	1963105
18/11/2015	229.72	230.64	225.35	225.86	2571383
19/11/2015	227.57	232.47	227.16	231.49	2784876
20/11/2015	231.31	235.96	229.21	234.49	2583965
23/11/2015	235.27	237.23	234.33	236.2	2400013
24/11/2015	236.01	240.62	235.53	239.65	3384443
26/11/2015	240.47	245.66	239.79	244.84	5441612
27/11/2015	244.93	245.8	241.24	242.46	2489697
30/11/2015	242.33	243.79	238.32	239.5	6839027
01/12/2015	238.74	242.4	238.06	239.21	2967325
02/12/2015	239.29	242.63	238.86	242.19	1731204
03/12/2015	241.44	244.92	241.24	242.01	2597024
04/12/2015	240.79	241.76	238.09	239.1	3073001
07/12/2015	239.1	240.97	235.21	235.78	3310778
08/12/2015	235	236.16	231.83	233.02	1721726
09/12/2015	231.85	233.65	226.07	226.82	2097118
10/12/2015	228.46	236.21	227.84	235.36	4249865
11/12/2015	235.7	237.5	233.51	236	4150045
14/12/2015	234.68	238.61	234.28	236.53	2414730
15/12/2015	237	242.19	236.17	241.68	3593061
16/12/2015	241.68	244.57	241.09	242.37	2765248
17/12/2015	242.71	251.37	242.2	250.05	4427435
18/12/2015	248.59	249.88	245.18	245.65	3661020
21/12/2015	244.66	247.4	243.78	245.7	2818835
22/12/2015	245.87	248.3	243.69	244.51	2646828
23/12/2015	245.62	249.36	245.18	248.59	2953173
24/12/2015	248.62	249.44	246.74	247.79	2720569
28/12/2015	247.8	251.06	247.65	250.23	2945508
29/12/2015	250.23	252.28	249.42	251.47	3409060
30/12/2015	251.37	251.61	248.15	248.77	1863321
31/12/2015	248.49	252.53	247.43	251.27	4225066
01/01/2016	250.08	252.33	249.68	251.45	1238135
04/01/2016	248.89	251.07	244.36	246.49	6896571
05/01/2016	247.73	250.13	246.91	248.93	3416459
06/01/2016	249.53	257.16	247.75	255.63	6116855
07/01/2016	252.87	254.59	249.65	250.93	4512219
08/01/2016	252.61	255.8	251.79	254.03	4871839
11/01/2016	251.6	262.71	250.38	260.43	6632671
12/01/2016	261.27	263.85	257.83	258.65	5342761
13/01/2016	260.8	269.88	259.34	266.68	16412811
14/01/2016	263.47	267.71	260.79	262.92	6359913
15/01/2016	264.93	269.82	263.9	265.81	6575725
18/01/2016	266.23	268.44	249.66	251.83	6229959
19/01/2016	254.83	259.99	251.14	258.45	4912096
20/01/2016	256.3	256.3	245.18	248.78	10312353
21/01/2016	252	254.03	241.88	243.74	7261772
22/01/2016	246.18	250.38	246.18	248.68	5413455
25/01/2016	250.13	252.3	247.65	248.63	2994340
27/01/2016	249.66	250.13	246.9	247.49	3943295
28/01/2016	247.9	253.05	246.93	251.84	5274473
29/01/2016	252.35	257.56	252.11	256.42	4383577
01/02/2016	257.55	258	253.98	255.16	2267273
02/02/2016	255.16	255.78	245.3	247.94	3376466
03/02/2016	244.68	246.17	241.46	243.05	3586808
04/02/2016	244.68	247.9	239.16	240.98	4161079
05/02/2016	242.48	243.19	238.09	240.45	4799882
08/02/2016	240.5	243.89	237.24	237.66	2760853
09/02/2016	235.99	239.93	235.27	237.13	4481029
10/02/2016	235.69	240.97	234.94	238.4	3859250
11/02/2016	238.45	239.22	226.73	228.97	3912163
12/02/2016	231.28	231.28	219.94	224.09	6701935
15/02/2016	227.34	235.6	227.34	234.46	4407889
16/02/2016	235.54	237.25	229.57	230.45	2977263
17/02/2016	231.58	237.11	226.95	235.91	3529832
18/02/2016	238.48	239.9	231.8	232.82	3299161
19/02/2016	232.79	235.95	232.14	233.87	2339664
22/02/2016	233.81	239.8	233.81	238.32	2919198
23/02/2016	238.51	239.53	233.47	235.18	4340746
24/02/2016	234.01	237.39	233.29	235.93	3471311
25/02/2016	236.31	236.89	233	233.81	5675025
26/02/2016	236.01	237.44	233.86	235.36	1908533
29/02/2016	235.59	246.32	231.56	239.39	7093474
01/03/2016	238.91	243.95	238.9	243.02	3760923
02/03/2016	245.89	249.08	244.49	248.02	4595886
03/03/2016	250.13	252.11	247.03	250.83	3630006
04/03/2016	251.12	251.37	248.52	249.24	2054428
08/03/2016	249.51	255.3	249.51	254.34	3022554
09/03/2016	252.61	258.52	252.26	257.98	2709831
10/03/2016	258.07	259.02	249.88	250.56	4733124
11/03/2016	251.34	254.97	250.28	251.24	3501676
14/03/2016	252.38	254.19	250.86	252.54	2715590
15/03/2016	253.6	254.55	251.39	252.73	2397332
16/03/2016	252.85	254.04	249	253.04	2529074
17/03/2016	254.34	256.79	250.62	251.61	3847740
18/03/2016	252.17	255.12	251.54	254.39	3207246
21/03/2016	254.57	257.93	253.29	256.89	2904852
22/03/2016	256.82	260.59	256.48	259.5	3504967
23/03/2016	259.27	259.27	253.2	254.88	3841654
28/03/2016	255.08	255.5	251.53	252.7	4130553
29/03/2016	253.55	258.05	252.65	256.63	3627901
30/03/2016	258.23	260.47	258.23	259.3	3303780
31/03/2016	257.81	261.52	255.75	258.85	7047985
01/04/2016	257.34	259.12	253.84	256.18	2830115
04/04/2016	257.56	258.1	253.92	256.33	1973260
05/04/2016	255.42	258.15	253.15	254.33	2345148
06/04/2016	255.6	256.74	253.25	256.01	1597975
07/04/2016	256.3	259.54	253.13	256.88	2009055
08/04/2016	256.54	261.14	255.38	256.65	3065701
11/04/2016	256.82	258.92	255.82	257.63	2356318
12/04/2016	257.63	261.88	257.08	259.39	2552099
13/04/2016	260.67	264.96	260.67	264.01	3666141
18/04/2016	263.95	264.2	261.37	263.69	4358102
20/04/2016	264.79	264.79	256.52	256.89	4957497
21/04/2016	257.91	260.53	256.32	257.84	2601436
22/04/2016	257.31	259.42	254.91	257.3	2675586
25/04/2016	258.66	258.66	250.7	251.84	13979586
26/04/2016	251.47	253.57	249.51	251.85	6041279
27/04/2016	252.09	254.08	251.61	252.46	3315060
28/04/2016	251.12	252.41	245.41	246.84	14160507
29/04/2016	246.03	247.29	242.41	243.37	5367060
02/05/2016	242.45	245.77	242.2	244.42	2427753
03/05/2016	244.68	246.4	240.9	241.66	4016624
04/05/2016	241.23	243.62	240.97	242.23	3096453
05/05/2016	242.7	243.55	240.45	241.52	4952411
06/05/2016	240.97	241.91	239.48	239.96	3371220
09/05/2016	241.46	244.19	240.92	243.47	3508088
10/05/2016	243.47	243.86	242.2	243.33	1656840
11/05/2016	240.67	242.89	240.22	241.56	2820699
12/05/2016	241.71	246.22	241.47	245.87	2922714
13/05/2016	244.92	245.31	241.46	242.24	3348353
16/05/2016	241.96	243.32	240.5	241.7	2132072
17/05/2016	242.76	243.47	239.32	240.01	2779023
18/05/2016	239.21	240.84	238.76	240.36	1880974
19/05/2016	240.64	240.69	234.18	235.57	2088058
20/05/2016	235.77	236.38	230.65	231.36	4238988
23/05/2016	232.14	232.97	229.24	230.32	4198098
24/05/2016	229.83	233.78	229.83	232.9	2807737
25/05/2016	235.23	235.96	233.08	235.57	2112135
26/05/2016	235.27	235.86	233.81	234.49	3243601
27/05/2016	235.03	241.93	234.96	241.39	3063379
30/05/2016	241.81	243.07	238.98	239.9	2202091
31/05/2016	239.98	240.97	236.88	237.21	5333469
01/06/2016	237.24	239.26	235.72	236.16	2067034
02/06/2016	236.38	237.04	234.06	236.82	2343852
03/06/2016	237.75	238.46	236.72	237.66	1975712
06/06/2016	237.99	238.49	235.9	236.46	1982466
07/06/2016	237.07	237.98	235.67	236.52	4332627
08/06/2016	237.25	237.25	235.06	236.29	2773975
09/06/2016	237.75	241.82	236.81	240.51	3575840
10/06/2016	241.21	243.79	239.8	241.88	3729737
13/06/2016	240.2	243.55	238.5	242.97	2334856
14/06/2016	242.93	244.04	240.05	241.77	2497008
15/06/2016	242.7	244.31	241.15	243.84	2543921
16/06/2016	242.95	243.6	239.49	241.78	2142329
17/06/2016	241.96	242.37	240.25	241.44	2408096
20/06/2016	240.76	245.82	239.73	245.23	2459237
21/06/2016	246.19	246.2	242.63	244.46	3184865
22/06/2016	243.94	244.16	241.98	242.82	2923284
23/06/2016	242.69	243.19	240.22	242.81	2248693
24/06/2016	238.96	238.96	231.16	235.63	5711173
27/06/2016	232.92	237.35	232.92	236.67	2094599
28/06/2016	236.85	238.13	236.51	237.2	1738370
29/06/2016	238.24	239.96	237.75	239.46	1719857
30/06/2016	240.72	242.08	239.49	240.01	2916329
01/07/2016	240.9	241.91	240.22	241.08	1510979
04/07/2016	241.58	246.07	241.58	244.36	1783750
05/07/2016	244.21	248.37	242.77	245.94	2596678
07/07/2016	245.8	247.78	244.22	244.66	2749648
08/07/2016	244.43	244.93	241.8	242.3	1632225
11/07/2016	245.42	246.4	244.06	245.8	1889606
12/07/2016	246.48	248.89	245.42	248.49	2232685
13/07/2016	248.94	251.79	248.68	249.82	3409386
14/07/2016	249.66	251.14	247.22	248.87	2459183
15/07/2016	249.88	252.85	248.52	250.67	3198562
18/07/2016	254.59	257.25	248.09	249.2	7339086
19/07/2016	249.14	253.34	246.49	252.06	3805750
20/07/2016	252.59	254.66	251.75	253.35	2803645
21/07/2016	253.6	253.84	248.89	249.23	1534044
22/07/2016	249.14	252.06	248.92	251.33	1577114
25/07/2016	251.12	253.53	249.47	253.29	1883884
26/07/2016	253.35	256.27	251.42	253.61	2403872
27/07/2016	253.36	254.09	249.87	250.9	2521448
28/07/2016	251.35	255.21	250.88	254.18	3568375
29/07/2016	253.6	253.82	250.62	251.34	2201164
01/08/2016	252.11	252.68	248.9	250.01	1823694
02/08/2016	249.63	252.61	249.21	250.82	1762408
03/08/2016	251.22	251.22	245.55	246.15	2713804
04/08/2016	247.4	247.65	243.54	245.92	2328716
05/08/2016	247.16	252.36	246.92	251.68	2767914
08/08/2016	252.58	256.07	252.27	254.9	3098753
09/08/2016	254.34	256.2	252.85	255.26	3038046
10/08/2016	255.39	256.21	248.15	248.56	3079463
11/08/2016	248.14	253.31	247.55	251.14	3238899
12/08/2016	251.86	258.28	251.86	256.52	3740861
16/08/2016	256.63	258.75	251.49	253.82	3055603
17/08/2016	253.62	254.78	249.44	250.95	3539970
18/08/2016	251.61	253.51	251.61	252.12	1771449
19/08/2016	252.11	253.1	249.41	251.34	1869308
22/08/2016	250.62	252.53	249.44	250.59	1527904
23/08/2016	250.62	251.37	248.89	250.24	1673328
24/08/2016	250.55	253.09	250.38	252.73	1993153
25/08/2016	252.9	254.83	249.88	250.8	3419775
26/08/2016	252.09	255.28	251.27	254.56	2203465
29/08/2016	254.4	262.45	254.12	261.88	3701495
30/08/2016	263.01	264.62	260.78	264.1	4153522
31/08/2016	263.73	265.98	259.29	262.51	5324960
01/09/2016	260.78	265.67	254.02	254.88	9742454
02/09/2016	255.35	255.71	248.22	250.96	6428814
06/09/2016	252.58	253.84	251.37	252.58	2631091
07/09/2016	253.1	254.35	250.88	252.02	2954995
08/09/2016	253.36	256.56	252.65	255.92	2790196
09/09/2016	256.32	260.01	255.08	258.69	3490441
12/09/2016	255.18	261.52	254.87	259.17	7699800
14/09/2016	259.54	262.26	257.78	258.73	4252754
15/09/2016	259.29	265.04	259.29	263.75	7170885
16/09/2016	264.25	270.89	262.29	266.36	8988926
19/09/2016	265.62	269.45	265.24	268.06	3812324
20/09/2016	268.46	268.64	264.75	266.03	2635854
21/09/2016	265.98	268.68	264.74	265.55	2501476
22/09/2016	268.21	271.38	267.22	269.68	4288544
23/09/2016	269.69	274.76	269.69	273.11	7105725
26/09/2016	273.26	279.74	272.48	274.2	8734943
27/09/2016	276.63	278.84	274.05	275.02	4428693
28/09/2016	274.37	274.4	269.02	270.1	5673488
29/09/2016	271.18	275.08	264.34	265.59	4859746
30/09/2016	264.49	271.07	264.07	268.38	2560105
03/10/2016	269.2	274.39	266.54	270.11	4143109
04/10/2016	270.7	274.47	270.44	271.51	2997544
05/10/2016	273.41	274.03	268.9	269.79	2466397
06/10/2016	270.44	278.92	270.44	275.09	4825630
07/10/2016	275.88	278.13	274.03	274.65	3492838
10/10/2016	275.88	277.87	270.93	271.51	2640973
13/10/2016	269.69	269.71	260.53	261.81	5014667
14/10/2016	263.25	267.96	262.92	266.88	3489473
17/10/2016	267.46	267.66	262.2	262.67	2246237
18/10/2016	264	268.15	263.02	267.74	2531133
19/10/2016	268.57	271.11	267.81	269.28	3902656
20/10/2016	270.92	271.92	268.47	269.33	2314521
21/10/2016	271.67	271.67	262.12	263.55	9968242
24/10/2016	264.99	265.98	262.67	263.33	2403099
25/10/2016	263.75	263.81	261.08	262.72	1750711
26/10/2016	261.53	262.38	260.56	261.04	2502055
27/10/2016	260.31	261	258.4	259.71	2935574
28/10/2016	260.04	262.02	258.5	261.26	1857917
01/11/2016	260.36	261.51	259.39	260.28	2337011
02/11/2016	257.81	258.26	252.85	253.53	1609225
03/11/2016	253.56	256.26	252.75	253.58	1671371
04/11/2016	252.67	254.31	247.65	249.03	2636911
07/11/2016	251.12	251.75	247.42	247.94	2172921
08/11/2016	249.06	249.06	247.23	248.52	3070346
09/11/2016	235.27	249.88	230.32	248.79	4946573
10/11/2016	252.26	254.82	249.39	250.23	2231907
11/11/2016	247.12	251.99	246.44	248.09	3377392
15/11/2016	246.79	247.65	242.59	244.04	3311592
16/11/2016	246.41	246.86	242.87	244.32	3783226
17/11/2016	244.19	247.19	241.31	242.14	2886635
18/11/2016	243.94	245.84	243.19	244.56	4151928
21/11/2016	244.57	246.06	243.49	245.55	3024712
22/11/2016	247.08	249.58	245.99	248.01	4033660
23/11/2016	248.89	250.25	247.54	249.88	2996248
24/11/2016	249.03	249.03	243.24	244.52	4323375
25/11/2016	245.18	246.64	243.78	246.09	2389829
28/11/2016	245.92	247.8	243.71	244.35	1900161
29/11/2016	244.93	248.72	244.69	247.08	2259609
30/11/2016	247.64	247.64	244.35	245.19	6308004
01/12/2016	247.65	251.37	246.41	247.1	2886513
02/12/2016	246.64	248.89	245.62	246.35	2853045
05/12/2016	246.41	247.58	244.31	246.13	911410
06/12/2016	246.66	249.27	246.32	248.94	1537535
07/12/2016	248.64	249.53	246.75	247.44	1127113
08/12/2016	248.9	253.05	248.73	252.62	2000230
09/12/2016	253.1	255.54	252.68	254.82	1883333
12/12/2016	252.73	257.98	252.73	254.39	2062700
13/12/2016	254.59	257.81	254.48	257.51	2369453
14/12/2016	257.51	263.61	257.11	262.39	5517829
15/12/2016	260.63	264.39	259.7	260.77	4418967
16/12/2016	260.53	263.01	260.53	261.81	3415537
19/12/2016	261.27	264.23	261.11	263.14	3430950
20/12/2016	261.2	262.76	260.82	261.99	2671719
21/12/2016	262.54	264.32	261.82	263.32	4655758
22/12/2016	262.02	263.17	260.27	260.86	6604416
23/12/2016	260.53	264.73	260.53	261.84	2346414
26/12/2016	261.11	264	258.71	259.4	3502299
27/12/2016	259.5	264.27	259.29	263.68	3987142
28/12/2016	264.47	264.88	259.32	259.96	2202927
29/12/2016	260.04	264.69	259.91	263.86	2005206
30/12/2016	263.7	268.7	263.28	268.06	3591493
02/01/2017	268.46	269.94	265.57	268.73	1622458
03/01/2017	269.9	271.67	267.74	269.79	1470751
04/01/2017	270.66	270.68	263.58	264.28	2375547
05/01/2017	265.24	267.44	264.68	266.82	1996483
06/01/2017	266.03	268.7	265.76	266.21	1793427
09/01/2017	266.72	268.95	265.24	266.9	1195257
10/01/2017	267.46	271.03	267.46	269.9	2594400
11/01/2017	271.18	271.35	268.46	268.65	2623211
12/01/2017	269.2	270.03	267.42	268.28	999364
13/01/2017	268.59	271.8	268.59	270.04	1653669
16/01/2017	269.93	270.92	265.97	266.54	2746005
17/01/2017	263.75	264.49	257.19	257.87	8968290
18/01/2017	258.2	259.54	254.77	255.71	3627071
19/01/2017	256.36	258.87	255.33	256	3493728
20/01/2017	256.06	256.93	253.57	254.04	2008082
23/01/2017	253.05	255.33	250.82	251.59	3133533
24/01/2017	251.86	254.78	251.86	254.41	2153091
25/01/2017	255.58	255.75	251.65	251.94	5453230
27/01/2017	252.67	254.81	252.36	253.87	4997239
30/01/2017	253.83	259.16	253.79	258.75	3583756
31/01/2017	259.25	260.98	257.63	258.85	3457365
01/02/2017	259.07	260.26	256.37	259.95	2585798
02/02/2017	260.04	260.23	257.13	258.43	2079908
03/02/2017	259.04	260.15	255.11	255.99	3021751
06/02/2017	256.82	258.77	255.59	257.97	2283982
07/02/2017	258.05	258.14	254.39	255.3	2264245
08/02/2017	255.3	257.13	253.1	253.88	3710094
09/02/2017	254.59	256.07	254.29	255.76	2254216
10/02/2017	256.32	256.46	253.98	255.12	2861531
13/02/2017	255.82	256.07	253.1	255.04	1957988
14/02/2017	256.32	260.75	255.06	259.99	4170414
15/02/2017	260.75	261.89	258.86	260.36	3482845
16/02/2017	260.67	264.85	260.67	264.37	4492847
17/02/2017	264.12	267.02	262.13	266.35	3393856
20/02/2017	265.12	267.18	264.12	266.33	2663127
21/02/2017	266.28	270.18	265.74	269.5	3242790
22/02/2017	270.68	300.07	270.44	299.04	29103926
23/02/2017	300.55	302.63	292.07	292.91	14229234
27/02/2017	294.83	311.25	294.79	306.82	19068911
28/02/2017	305.11	309.07	304.24	306.61	8254531
01/03/2017	307.11	308.18	304.61	305.73	5574153
02/03/2017	306.57	310.73	303.88	306.28	4129033
03/03/2017	307.47	318.93	307.47	311.68	19270851
06/03/2017	314.27	324.92	313.34	323.27	15252154
07/03/2017	326.62	328.63	320.99	323.17	9616850
08/03/2017	323.86	323.86	318.51	319.77	9906103
09/03/2017	319.47	321.45	317.37	318.67	7107670
10/03/2017	319.53	320.96	312.34	317.4	5665568
14/03/2017	326.59	326.65	318.3	319.35	6346620
15/03/2017	319.73	325.98	319.57	323.17	5510658
16/03/2017	324.42	324.52	320.36	321.37	3639964
17/03/2017	323.93	326.89	321.47	322.12	5195076
20/03/2017	323.43	323.5	316.59	317.19	2941714
21/03/2017	317.54	317.96	311.87	312.98	5165107
22/03/2017	310.06	313.5	308.71	311.97	4638338
23/03/2017	312.82	316.39	311.55	315.34	2699090
24/03/2017	315.53	319.97	314.13	318.67	3721911
27/03/2017	314.79	316.69	308.87	309.84	7418122
28/03/2017	311.55	313.03	307.61	308.51	4961934
29/03/2017	309.99	312.04	305.44	311.21	4325787
30/03/2017	310.8	315.69	310.31	314.68	6368859
31/03/2017	313.53	331.27	313.53	327.12	10375519
03/04/2017	332.35	341.88	331.12	340.44	10260327
05/04/2017	345.52	351.17	341.79	350.43	9217360
06/04/2017	348.94	358.82	347.26	356.25	11571075
07/04/2017	351.99	355.13	347.34	348.35	7286151
10/04/2017	349.19	352.88	341.09	342.09	7033141
11/04/2017	343.7	346.82	339.31	339.87	7371727
12/04/2017	342.45	343.36	334.62	335.32	6274215
13/04/2017	335.32	340.13	333.67	338	2906188
17/04/2017	338.05	345.61	338.05	344.7	2705854
18/04/2017	346.7	349.19	338.54	339.33	3661083
19/04/2017	339.04	342.39	336.2	338.99	2645292
20/04/2017	341.51	343.44	337.82	339.17	1918612
21/04/2017	341.88	351.91	341.4	347.33	6910277
24/04/2017	348.95	355.38	346.76	351.02	5831731
25/04/2017	361.57	363.49	353.18	354.84	8403704
26/04/2017	355.38	356.63	347.36	350.79	3831775
27/04/2017	350.92	352.69	347.26	349.07	2873655
28/04/2017	349.13	351.74	344.48	345.52	2708404
02/05/2017	347.21	347.21	338.37	339.42	4249684
03/05/2017	340.99	341.95	338.05	339.31	2171549
04/05/2017	340.52	341.66	335.33	336.3	3283811
05/05/2017	337.2	338.63	328.14	328.94	3565543
08/05/2017	329.38	331.73	326.49	327.25	3672585
09/05/2017	327.89	330.28	326.96	329.46	4824511
10/05/2017	330.57	337.7	329.54	336.58	5235932
11/05/2017	337.82	339.22	334.74	336.7	3150756
12/05/2017	336.82	337.8	332.86	334.44	1719729
15/05/2017	335.92	335.92	330.24	332.87	1540213
16/05/2017	333.35	340.99	332.1	335.89	2892947
17/05/2017	335.07	338.28	333.77	335.1	2250304
18/05/2017	331.92	334.33	327.92	328.72	2237916
19/05/2017	330.12	330.79	324.42	326.62	2928883
22/05/2017	328.51	330.27	325.71	327.93	2011859
23/05/2017	328.31	329.34	322.44	323.32	2108223
24/05/2017	323.81	325.34	320.73	321.38	3274804
25/05/2017	321.95	325.02	321.07	322.55	5925335
26/05/2017	322.93	332.94	321.95	331.19	4898639
29/05/2017	331.11	338.16	330.76	336.04	5491170
30/05/2017	335.79	337.97	333.96	336.65	2207727
31/05/2017	338.54	338.78	330.81	332.03	3754099
01/06/2017	330.05	331.85	327.64	328.94	2179328
02/06/2017	330.62	331.53	326.16	328.08	2627565
05/06/2017	328.45	332.1	325.87	329.22	2476706
06/06/2017	330.36	330.36	324.67	325.12	2192356
07/06/2017	324.72	332.35	324.18	331.61	2559954
08/06/2017	331.85	333.04	328.89	329.8	1806521
09/06/2017	333.12	335.06	329.63	330.79	3162802
12/06/2017	328.52	329.32	326.16	326.76	1927513
13/06/2017	327.05	328.63	324.67	325.5	1377291
14/06/2017	325.89	336.81	325.89	336.19	12101027
15/06/2017	336.81	345.48	336.58	342.74	6466804
16/06/2017	344.01	345.67	339.11	343.94	7477157
19/06/2017	344.29	350.63	344.29	349	3482912
20/06/2017	348.94	352.19	348.56	349.77	2318399
21/06/2017	348.65	353.65	347.77	352.16	4569943
22/06/2017	354.01	357.96	353.57	354.8	5055942
23/06/2017	355.63	357.11	354.29	355.59	7118832
27/06/2017	354.64	357.36	352.9	355.91	7449878
28/06/2017	356.61	356.61	345.61	346.34	3558538
29/06/2017	346.71	349.19	344.26	344.91	2948322
30/06/2017	344.73	344.83	340.53	341.76	1786211
03/07/2017	343.79	345.4	339.53	342.02	2101886
04/07/2017	344.24	353.42	343.99	352.15	4301200
05/07/2017	354.01	358.46	352.66	357.28	6219522
06/07/2017	358.77	359.1	356.12	357.25	3106517
07/07/2017	357.36	370.92	356.62	369.29	8193635
10/07/2017	370.27	371.7	368.78	369.71	801079
11/07/2017	371.73	372.57	368.26	370.08	4799229
12/07/2017	371.33	377.67	370.86	374.23	3909797
13/07/2017	373.65	377.67	373	376.95	5259759
14/07/2017	376.43	380.39	375.33	379.84	4693011
17/07/2017	380.64	386.24	380.64	384.29	4285809
18/07/2017	383.07	384.31	374.2	376.41	4489412
19/07/2017	374.6	380.89	374.6	379.64	2695041
20/07/2017	381.32	383.86	377.35	378.64	3114686
21/07/2017	383.86	394.19	382.61	392.53	22205112
24/07/2017	396.24	402.41	392.53	400.02	9927229
25/07/2017	402.36	402.42	395.65	396.78	4586079
26/07/2017	397.28	403.65	396.52	401.88	5018389
27/07/2017	403.18	404.04	393.36	394.96	4208071
28/07/2017	394.08	397.72	390.8	394.87	3276023
31/07/2017	396.73	400.9	395.25	400.01	3787034
01/08/2017	401.88	401.88	394.14	397.14	2814298
02/08/2017	398.72	405.09	398.25	403.48	4751385
03/08/2017	402.89	412.32	400.47	408.65	4504776
04/08/2017	411.85	411.85	399.98	401.73	4247045
07/08/2017	404.07	404.07	399.35	400.29	2180018
08/08/2017	400.7	401.46	392.97	396.88	2505568
09/08/2017	396.62	401.2	392.53	395.95	2385643
10/08/2017	394.52	397.89	390.78	392.37	2328843
11/08/2017	384.1	391.29	379.65	382.93	3885064
14/08/2017	386.59	392.41	386.59	389.57	3072299
16/08/2017	389.31	390.3	383.91	387.85	3103394
17/08/2017	388.57	395.66	386.62	388.1	3618179
18/08/2017	387.33	390.75	384.64	390.15	1814011
21/08/2017	390.55	392.32	386.4	387.43	1731188
22/08/2017	389.31	391.27	385.36	386.35	2179230
23/08/2017	387.54	392.91	384.64	391.8	1901824
24/08/2017	393.77	394.54	387.45	388.33	2892571
28/08/2017	391.06	391.77	386.63	387.96	2815328
29/08/2017	386.8	388.2	378.91	379.44	3466421
30/08/2017	383.25	388.52	381.69	387.35	2362387
31/08/2017	390.05	395.61	389.8	394.88	5738495
01/09/2017	396.21	400.35	396	398.75	3527477
04/09/2017	400.08	405.2	395.22	399.55	4928375
05/09/2017	403.67	404.87	401.46	404.32	5764131
06/09/2017	402.78	409.25	401.89	407.49	11142512
07/09/2017	407.64	412.34	403.67	405.21	7408536
08/09/2017	406.15	407.76	402.24	404.64	6056729
11/09/2017	406.79	409.54	404.44	405.11	5801712
12/09/2017	407.51	408.63	404.66	408.01	2971669
13/09/2017	408.13	425.91	407.14	420.51	13430225
14/09/2017	423.88	426.71	417.05	417.96	5425486
15/09/2017	417.05	422.42	413.46	416.95	13072853
18/09/2017	421.01	421.53	417.59	418.81	2314174
19/09/2017	420.37	420.39	414.57	415.36	3528729
20/09/2017	424.03	432.15	418.58	419.6	11402965
21/09/2017	419.52	421.85	414.2	416.72	5920552
22/09/2017	416.01	416.01	402.78	404.86	5620443
25/09/2017	403.67	410.09	398.82	406.92	6505309
26/09/2017	406.99	409.64	402.29	406.2	4829571
27/09/2017	408.92	408.97	394.02	395.82	8434196
28/09/2017	396.07	397.68	386.44	389.53	13508179
29/09/2017	392.16	392.97	385.89	386.78	7619230
03/10/2017	393.77	398.15	388.99	395.43	8387059
04/10/2017	395.85	408.6	394.06	405.58	8643924
05/10/2017	408.63	410.34	405.48	408.21	4860479
06/10/2017	408.13	415.73	407.44	414.59	5942106
09/10/2017	415.56	415.96	410.11	411.42	4046109
10/10/2017	411.6	419.67	411.6	417.64	6734986
11/10/2017	418.68	425.17	414.07	416.13	7049800
12/10/2017	417.1	434.28	417.1	432.28	8522926
13/10/2017	435.52	441.17	432.57	434.11	9833512
16/10/2017	435.37	441.81	426.61	434.28	14633539
17/10/2017	434.88	437.85	429.53	433.07	6354084
18/10/2017	434.58	454.64	433.39	452.96	16765178
19/10/2017	453.6	456.62	447.26	447.76	3664082
23/10/2017	452.16	467.91	450.28	465.46	12551649
24/10/2017	469.4	469.4	459.74	462.74	6335308
25/10/2017	465.64	468.51	460.39	465.54	4577050
26/10/2017	465.59	474.4	461.13	469.25	7698704
27/10/2017	470.54	473.86	458.5	460.56	5256749
30/10/2017	462.61	468.34	460.93	466.82	3576533
31/10/2017	468.04	468.43	461.72	466.01	4345360
01/11/2017	469.43	474.4	468.43	471.8	8033040
02/11/2017	471.93	473.76	467.69	468.86	4698609
03/11/2017	473.49	473.49	465.66	468.21	2193730
06/11/2017	466.82	466.82	460.14	461.87	4460799
07/11/2017	462.29	463.11	447.29	449.09	9347943
08/11/2017	447.01	448.75	437.9	439.73	8115980
09/11/2017	443.17	450.68	441.84	446.02	6860798
10/11/2017	446.24	446.24	435.47	437.78	6365174
13/11/2017	438.34	441.76	432.65	433.52	4155011
14/11/2017	433.39	443.3	432.4	439.19	5706105
15/11/2017	438.1	441.12	434.85	437.7	6981872
16/11/2017	438.59	448.75	438.59	447.68	6931038
17/11/2017	455.16	458.11	449.98	451.67	5586242
20/11/2017	448.85	457.84	448.25	456.1	4220192
21/11/2017	459.05	465.41	458.4	461.9	5980763
22/11/2017	464.32	464.92	457.39	461	5055490
23/11/2017	461.13	470.49	458.97	469.05	7329126
24/11/2017	470.54	475.24	469.25	471.08	6394443
27/11/2017	469.18	474.25	467.57	471.21	4680074
28/11/2017	470.47	471.21	464.65	467.25	4641893
29/11/2017	466.5	470.54	466.08	468.56	3674864
30/11/2017	466.3	466.3	455.43	456.45	9434893
01/12/2017	457.88	461.25	449.59	450.78	5081389
04/12/2017	452.46	452.61	444.46	446.57	4618847
05/12/2017	446.29	456.05	443.52	452.56	8369174
06/12/2017	450.73	460.78	450.13	458.97	11007689
07/12/2017	460.66	463.61	457.17	461.85	5529565
08/12/2017	462.54	464.08	455.21	456.18	5588486
11/12/2017	456.89	458.65	452.49	453.77	4933853
12/12/2017	453.67	460.14	449.74	453.5	7215014
13/12/2017	454.15	458.13	451.07	453.03	4182097
14/12/2017	455.19	458.11	450.11	456.42	5021130
15/12/2017	461.13	462.09	454.54	455.56	11158706
18/12/2017	451.69	461.95	427.27	456.18	8494801
19/12/2017	457.46	459.15	455.68	458.63	4064982
20/12/2017	458.6	459.35	454.19	454.76	4774414
21/12/2017	454.91	457.64	450.73	452.19	4147162
22/12/2017	453.03	456.87	450.38	455.88	4872675
26/12/2017	458.08	465.04	454.76	460.53	5301456
27/12/2017	462.12	464.35	455.19	457.54	4352384
28/12/2017	458.28	462.81	455.23	457.76	7091515
29/12/2017	458.9	461.77	454.94	456.2	5069838
01/01/2018	457.02	457.02	449.49	450.6	4321686
02/01/2018	452.21	455.46	448.94	451.3	4342815
03/01/2018	458.16	458.65	452.24	453.1	6175312
04/01/2018	454.76	456.57	453.55	455.83	4118581
05/01/2018	456.57	459.1	455.8	457.29	3401905
08/01/2018	458.7	461.13	457.41	459.92	4035417
09/01/2018	459.72	467.52	457.66	466.06	6534997
10/01/2018	467.07	469.25	463.36	466.75	5361502
11/01/2018	466.48	466.9	463.11	464.47	3588727
12/01/2018	467.07	471.93	464.72	470.04	6890028
15/01/2018	470.54	474.75	468.16	470.12	5084113
16/01/2018	469.4	469.4	455.68	457.14	4948895
17/01/2018	458.65	460.14	449.24	457.91	6036432
18/01/2018	460.14	460.44	453.25	455.53	4289053
19/01/2018	457.17	462.81	456.72	461.28	4559564
22/01/2018	469.55	482.58	465.59	481.19	20892838
23/01/2018	482.92	490.82	482.92	487.01	10298500
24/01/2018	486.27	486.27	476.81	478.64	6532672
25/01/2018	479.41	481.44	473.59	478.41	6249419
29/01/2018	478.56	484.06	475.15	477.72	4524605
30/01/2018	478.37	478.37	470.04	470.74	4198139
31/01/2018	470.54	477.72	466.35	476.14	5738209
01/02/2018	477.1	481.73	463.9	467.49	7554587
02/02/2018	463.11	467.54	446.27	447.93	13242095
05/02/2018	442.8	451.97	436.76	446.84	8773525
06/02/2018	434.38	444.78	431.41	441.86	11000567
07/02/2018	447.04	448.45	440.82	443	7100838
08/02/2018	444.73	451.05	441.99	448.03	6320734
09/02/2018	440.33	446.76	438.84	444.71	5294279
12/02/2018	447.26	454.79	446.79	453.45	5429792
14/02/2018	457.17	466.82	456.18	462.44	10170959
15/02/2018	464.42	468.43	459.72	463.43	6109454
16/02/2018	465.39	466.87	454.74	456.32	4401672
19/02/2018	456.18	461.62	452.49	459.15	4087936
20/02/2018	460.14	460.41	455.09	456.23	3866919
21/02/2018	460.63	461.87	456.75	460.31	5448230
22/02/2018	456.67	461.13	455.68	457.84	5118850
23/02/2018	458.36	464.6	457.04	462.74	4850839
26/02/2018	465.09	468.01	463.9	464.94	3856478
27/02/2018	465.09	473.41	464.77	470.79	6410097
28/02/2018	468.53	474.06	467.17	472.79	25898694
01/03/2018	470.42	475.44	468.53	469.75	4094652
05/03/2018	467.07	470.61	456.47	457.71	5634893
06/03/2018	460.14	463.7	448.3	451.15	7323680
07/03/2018	450.36	450.36	439.86	440.7	7247708
08/03/2018	444.61	452.96	442.46	451.45	6072983
09/03/2018	453.15	455.36	451.25	452.26	4863577
12/03/2018	455.68	462.17	454.47	460.78	3801407
13/03/2018	461.57	463.61	456.35	461.55	5096825
14/03/2018	460.04	461.65	455.28	460.16	6731530
15/03/2018	458.16	460.36	450.73	451.62	5811424
16/03/2018	450.23	450.58	438.86	445.8	14087564
19/03/2018	446.27	449.19	441.81	443.55	5774392
20/03/2018	442.46	447.76	439.36	440.72	6945721
21/03/2018	443.22	446.94	442.46	444.24	6727261
22/03/2018	443.79	451.69	443.67	449.81	10116965
23/03/2018	441.12	445.77	440.38	442.75	10729694
26/03/2018	442.78	447.9	442.06	446.32	6047262
27/03/2018	449.34	451.1	444.29	445.68	6939577
28/03/2018	443.69	443.72	435.87	437.21	8759586
02/04/2018	442.31	446.24	439.09	442.28	5712065
03/04/2018	441.32	446.62	438.47	445.55	6364728
04/04/2018	448.1	451.62	441.84	443.25	6498407
05/04/2018	448.3	450.73	447.51	449.84	3898676
06/04/2018	449.74	454.94	448.25	451.22	4418462
09/04/2018	451.99	455.19	451.99	453.7	3572251
10/04/2018	454.89	457.61	452.78	454.22	3865402
11/04/2018	456.57	462	453.72	461.05	6007539
12/04/2018	460.56	463.93	457.76	459.99	4947725
13/04/2018	461.97	466.43	459.99	465.02	5767984
16/04/2018	462.84	465.59	459.89	464.13	4084450
17/04/2018	465.59	469.15	463.61	467.69	4388713
18/04/2018	468.19	469.65	463.13	464.6	3365196
19/04/2018	465.14	468.06	463.11	466.73	4481413
20/04/2018	464.6	466.5	456.27	459.59	3349519
23/04/2018	460.63	467.74	459.89	463.61	3508515
24/04/2018	463.51	483.27	463.11	480.47	9107264
25/04/2018	482.25	486.29	477.25	480.69	6436620
26/04/2018	481.93	489.36	476.61	483.1	15588001
27/04/2018	490.25	500.75	488.12	493.47	11666267
30/04/2018	486.39	491.64	475.49	477.13	8871802
02/05/2018	478.96	485	477.99	481.78	6117761
03/05/2018	484.36	484.36	475.12	476.29	3947546
04/05/2018	476.9	477.82	470.54	472.5	3795692
07/05/2018	474.92	482.06	473.68	480.94	3512532
08/05/2018	484.16	486.39	478.07	479.01	4934036
09/05/2018	478.41	487.53	476.61	483.76	4494423
10/05/2018	485.4	487.68	482.55	485.97	4014645
11/05/2018	486.02	491	484.28	489.98	4011516
14/05/2018	491.32	491.32	483.76	488.67	2579561
15/05/2018	486.91	495.3	483.74	484.88	4800923
16/05/2018	482.43	482.43	471.75	473.59	8613363
17/05/2018	475.17	475.49	466.33	468.24	4733477
18/05/2018	468.36	472.27	461.62	462.54	5230037
21/05/2018	461	463.46	456.72	461.3	6624893
22/05/2018	462.19	462.61	458.16	459.02	5170585
23/05/2018	458.65	458.65	450.31	451.84	4567562
24/05/2018	452.71	456.18	450.8	453.62	5317983
25/05/2018	453.7	457.36	452.93	456.08	8129520
28/05/2018	458.11	459.15	454.74	455.88	5197835
29/05/2018	456.42	459.64	452.91	454.42	8173396
30/05/2018	453.13	457.27	449.04	453.75	5991222
31/05/2018	456.18	456.82	452.98	456.35	16951801
01/06/2018	455.68	463.48	454.91	460.91	8765835
04/06/2018	462.32	467.57	460.91	466.01	5600357
05/06/2018	466.97	473.02	466.08	469.38	7971524
06/06/2018	469.05	473.51	466.9	472.72	4189483
07/06/2018	472.97	483.42	472.74	481.11	6857300
08/06/2018	478.64	488.64	475.79	487.55	6532599
11/06/2018	488.92	495.28	484.93	486.71	6866053
12/06/2018	487.08	495.3	485.55	493.89	7445221
13/06/2018	495.3	498.23	490.1	496.54	5926020
14/06/2018	494.04	501.15	489.06	499.24	5484867
15/06/2018	498.28	506.94	494.93	502.34	11294702
18/06/2018	499.66	505.43	498.77	503.01	5652374
19/06/2018	502.19	502.64	492.16	493.35	6346101
20/06/2018	493.32	506.65	492.75	504.84	7193824
21/06/2018	506.92	513.14	505.85	511.13	10509756
22/06/2018	509.37	509.77	499.49	501.5	16169978
25/06/2018	500.95	503.48	496.44	497.51	5197694
26/06/2018	498.28	498.28	483.05	484.88	8068585
27/06/2018	484.66	488.07	476.83	478.39	8958555
28/06/2018	476.48	479.7	465.74	468.04	8581234
29/06/2018	470.09	483.17	470.04	481.66	7966401
02/07/2018	481.61	481.61	474.01	475.79	6660916
03/07/2018	477.97	484.63	475.67	481.09	5067261
04/07/2018	481.34	491.34	480.94	490.4	5000724
05/07/2018	493.82	499.47	474.8	477.72	18719353
06/07/2018	477.85	486.88	477.72	484.19	9161266
09/07/2018	488.92	495.3	487.13	493.87	5170189
10/07/2018	496.67	509.42	495.3	508.03	10444513
11/07/2018	507.69	515.56	504.15	514.52	8665072
12/07/2018	517.27	544.34	516.4	536.09	24109297
13/07/2018	535.18	549.29	534.93	544.74	17967282
16/07/2018	544.74	549.24	531.49	533.05	6595781
17/07/2018	534.09	542.83	529.78	541.05	6469256
18/07/2018	544.04	547.11	533.59	541.15	4682099
19/07/2018	541.52	552.26	538.07	547.24	5433617
20/07/2018	551.47	563.9	550.73	559.03	8018150
23/07/2018	559.6	559.6	551.32	554.89	5842496
24/07/2018	555.73	558.08	548.5	550.26	4469144
25/07/2018	549.79	556.23	546.92	552.34	5949680
26/07/2018	549.84	555.48	548.7	550.11	6424867
27/07/2018	554.49	563.36	550.85	559.62	6679468
30/07/2018	559.69	573.22	558.7	570.29	13872467
31/07/2018	570.1	589.61	568.19	587.43	13875377
01/08/2018	589.61	595.8	587.13	590.58	9704295
02/08/2018	590.16	590.16	577.5	578.69	6248975
03/08/2018	581.98	586.19	579.28	582.95	6645397
06/08/2018	582.83	592.38	582.16	590.7	4016418
07/08/2018	591.84	595.06	582.97	586.54	4059460
08/08/2018	586.94	605.51	586.94	603.13	7912437
09/08/2018	605.01	610.07	600.31	603.26	6846928
10/08/2018	599.81	601.8	595.51	596.45	3581210
13/08/2018	593.15	594.34	585.8	588.27	4668159
14/08/2018	589.41	602.89	586.59	599.62	5299536
16/08/2018	595.98	602.29	592.14	594.76	5982490
17/08/2018	598.82	601.99	594.39	596.22	3830992
20/08/2018	598.28	612.59	598.15	611.65	7607036
21/08/2018	612.82	619.87	607.74	617.74	7279641
23/08/2018	617.3	631.02	613.39	628.76	7968123
24/08/2018	626.68	633.97	624.11	632.75	6652005
27/08/2018	633.69	641.84	633.37	639.69	5572177
28/08/2018	641.92	655.29	641.42	653.31	8694751
29/08/2018	651.97	658.26	639.04	641.02	11077203
30/08/2018	640.73	642.48	629.26	631.24	9850042
31/08/2018	629.04	629.04	612.49	615	15305857
03/09/2018	616.65	623.04	607.27	608.8	12200022
04/09/2018	611.78	621.51	608.73	615.14	8838770
05/09/2018	615.42	620.44	598.58	607.74	10324923
06/09/2018	609.3	626.91	606.92	624.78	11195043
07/09/2018	626.51	634.66	621.36	633.3	10692787
10/09/2018	631.51	632.5	619.18	622.03	7059008
11/09/2018	623.59	628.24	611.33	613.04	10874768
12/09/2018	620.02	623.44	608.66	620.37	8065553
14/09/2018	623.79	631.81	617.97	620.69	7878583
17/09/2018	619.5	619.5	605.06	607.19	6754086
18/09/2018	607.24	613.88	601.47	602.86	7616412
19/09/2018	606.25	606.25	594.86	599.69	11265786
21/09/2018	603.78	612.89	586.19	603.03	19070172
24/09/2018	601.52	614.13	596.59	610.24	10102589
25/09/2018	611.95	616.65	591.89	609.52	9715020
26/09/2018	613.68	621.09	607.81	619.82	6396828
27/09/2018	621.61	625.57	612.94	620.99	10808749
28/09/2018	624.03	629.88	617.79	623.07	11073023
01/10/2018	622.94	622.94	596.35	610.07	7332693
03/10/2018	608.98	613.98	594.39	596.89	7376575
04/10/2018	589.17	589.61	547.81	555.86	23212443
05/10/2018	544.59	552.41	514.2	519.5	21943190
08/10/2018	520.07	553.26	507.96	549.49	24679428
09/10/2018	555.56	556.38	535.52	539.91	10991196
10/10/2018	541.81	552.69	537.06	545.88	9502176
11/10/2018	527	552.14	516.6	538.79	13224172
12/10/2018	547.29	559.2	545.78	557.99	9058536
15/10/2018	559.64	568.07	553.83	564.52	8871776
16/10/2018	567.62	578.22	564.65	576.44	7478601
17/10/2018	583.96	584.14	564.65	570.24	12785646
19/10/2018	544.84	550.28	530.1	545.48	25421229
22/10/2018	549.79	552.17	523.71	526.34	13165542
23/10/2018	521.43	527.35	516.92	522.4	10573730
24/10/2018	532.4	532.92	510.86	517.97	13655337
25/10/2018	513.14	515.44	503.43	510.56	14096237
26/10/2018	511.6	523.54	506.2	517.54	9182613
29/10/2018	518.09	541.79	518.09	538.79	7671807
30/10/2018	537.65	537.65	521.11	523.54	8806701
31/10/2018	524.53	527.92	518.58	525.64	16457691
01/11/2018	528.94	528.94	520.07	523.17	9396027
02/11/2018	528.49	535.42	526.58	532.4	16796200
05/11/2018	531.68	541.22	527.5	540.03	7582518
06/11/2018	541.86	550.78	540.67	546.87	8634266
09/11/2018	547.93	551.67	537.41	541.59	10840462
12/11/2018	543.7	544.24	532.23	534.93	5801720
13/11/2018	531.96	546.32	530	544.56	6811598
14/11/2018	547.34	551.1	537.65	543.82	7787530
15/11/2018	543.32	546.32	538.15	543.28	6831740
16/11/2018	543.82	559.67	543.4	558.41	11031889
19/11/2018	561.13	570.44	560.19	569.6	7308981
20/11/2018	567.12	572.52	559.69	563.36	5719901
21/11/2018	563.41	567.37	548.33	551.22	7507812
22/11/2018	552.02	557.39	544.88	546.25	5792568
26/11/2018	549.29	553.5	543.55	549.66	6386556
27/11/2018	548.75	559.69	547.53	558.8	6810228
28/11/2018	560.91	573.44	557.86	570.91	8003964
29/11/2018	575.05	584.41	574.55	578.76	12636169
30/11/2018	580.65	587.43	575.69	578.29	10717448
03/12/2018	581.93	581.93	568.86	572.8	5569578
04/12/2018	573.56	573.56	565.74	570.74	5192825
05/12/2018	566.5	573.96	564.3	572.15	5819618
06/12/2018	569.11	569.11	553.87	556.55	5866108
07/12/2018	559.42	563.14	548.97	561.58	7214078
10/12/2018	549.79	551.92	536.46	540.01	9381544
11/12/2018	527.99	545.88	522.55	543.62	13494665
12/12/2018	544.34	551.52	538.77	550.04	12605431
13/12/2018	558.7	558.7	542.38	548.33	9297518
14/12/2018	546.37	552.22	540.77	550.88	7221324
17/12/2018	552.74	561.18	550.53	559.64	5064357
18/12/2018	556.38	564.15	554.99	562.86	5870928
19/12/2018	565.39	568.26	561.28	563.06	7368799
20/12/2018	555.24	560.93	552.83	558.93	5764731
21/12/2018	557.22	560.31	542.85	544.93	8281941
24/12/2018	545.28	546.42	538.17	539.46	4144535
26/12/2018	537.8	544.84	527.82	544.02	7210059
27/12/2018	548.4	558.21	546.82	554.84	12478000
28/12/2018	557.47	562.29	555.34	557.49	7666016
31/12/2018	560.17	561.6	552.86	555.36	7222817
01/01/2019	557.34	558.36	549.84	555.24	4455850
02/01/2019	552.02	558.21	545.33	548.01	7144970
03/01/2019	548.55	552.07	539.93	541.24	7446457
04/01/2019	543.55	547.04	535.47	544.17	8465141
07/01/2019	548.3	553.97	545.33	547.19	5513559
08/01/2019	547.36	549.76	542.85	547.14	5625153
09/01/2019	550.78	553.26	544.19	550.16	5766805
10/01/2019	548.67	550.28	546.32	548.55	4080283
11/01/2019	548.6	551.67	539.19	543.87	6463903
14/01/2019	542.36	545.08	538.1	543.25	4111782
15/01/2019	547.31	560.69	547.31	559.52	10062875
16/01/2019	562.17	567.12	559.87	562.62	6382777
17/01/2019	566.85	568.56	559.69	561.9	7487963
18/01/2019	569.01	589.36	562.29	586.61	25684142
21/01/2019	591.39	614.15	588.74	613.04	22038534
22/01/2019	610.64	617.62	604.07	611.78	16552819
23/01/2019	610.86	616.26	605.26	607.39	8829502
24/01/2019	606.75	620.72	604.32	617.87	13155185
25/01/2019	619.35	626.41	611.9	617.15	8550836
28/01/2019	619.38	622.08	605.46	609	8569265
29/01/2019	609.72	610.04	595.03	599.64	9328866
30/01/2019	601.8	606.75	589.96	592.24	7846940
31/01/2019	595.36	609.08	594.86	607.81	10185347
01/02/2019	611.21	621.61	607.76	619.11	9228965
04/02/2019	617.65	642.39	615.19	639.39	11670570
05/02/2019	639.93	646.08	633.3	639.71	9362406
06/02/2019	642.04	652.64	641.05	648.97	9411585
07/02/2019	648.97	654.4	637.01	639.14	9212227
08/02/2019	636.37	644.14	630.15	632.85	6505502
11/02/2019	631.96	632.01	619.63	620.74	7523999
12/02/2019	619.87	630.2	619.87	622.3	6399485
13/02/2019	624.58	630.99	612.07	617.13	6964042
14/02/2019	614.67	614.67	603.28	606.35	6627360
15/02/2019	609.1	619.08	601.3	616.38	9597961
19/02/2019	603.28	614.03	599.91	602.34	6244189
20/02/2019	606.18	614.18	603.78	611.38	6298179
21/02/2019	612.2	622.99	608.9	617.6	10580178
22/02/2019	616.46	616.8	607.24	610.39	8755865
25/02/2019	612.2	615.66	604.59	610.36	7852528
26/02/2019	599.07	611.6	597.34	604.4	10131050
27/02/2019	608.26	616.6	598.82	606.01	11113182
28/02/2019	611.08	614.1	607.52	609.75	11286916
01/03/2019	612.69	615.34	605.39	607.27	7922513
05/03/2019	605.96	614.08	603.58	613.01	7121509
06/03/2019	614.08	630.57	611.75	626.46	12038231
07/03/2019	626.07	633.89	623.17	629.16	8109259
08/03/2019	627.08	631.24	625.07	627.6	6040052
11/03/2019	629.06	649.84	628.05	645.93	9718840
12/03/2019	652.27	660.74	650.95	659.42	11228736
13/03/2019	662.22	673.61	657.81	667.32	11236048
14/03/2019	668.54	674.61	661.78	664.48	10402048
15/03/2019	666.19	673.02	649.44	654.62	15893093
18/03/2019	659.25	672.6	658.26	668.69	10105234
19/03/2019	673.61	683.52	665.24	681.81	9805318
20/03/2019	682.43	687.48	675.6	681.27	9892823
22/03/2019	679.81	683.97	662.07	664.58	11465112
25/03/2019	659.05	662.15	652.17	656.01	7951992
26/03/2019	658.9	679.36	658.76	677.21	9479288
27/03/2019	682.51	682.51	665.81	668.29	10094174
28/03/2019	668.79	678.47	665.1	673.61	10482938
29/03/2019	678.59	681.96	671.19	675.22	7699271
01/04/2019	678.57	696.79	674.88	689.39	10098281
02/04/2019	692.44	694.96	683.57	688.33	8012636
03/04/2019	689.84	694.91	679.56	681.14	7849461
04/04/2019	683.03	685.35	667.3	670.17	8375674
05/04/2019	674.09	675.55	665.19	670.59	6728239
08/04/2019	671.63	672.38	655.64	658.38	8723577
09/04/2019	658.21	664.06	654.3	660.96	9497621
10/04/2019	662.69	667.67	657.02	659.45	7612711
11/04/2019	660.22	670.15	658.26	667.08	5741333
12/04/2019	668.66	672.08	662.05	665.24	5919742
15/04/2019	666.19	668.14	661.23	663.78	4245127
16/04/2019	666.19	673.61	663.71	665.57	7936553
18/04/2019	681.04	688.35	676.09	686.47	17960482
22/04/2019	673.61	677.08	664.35	666.36	10792748
23/04/2019	667.67	680.05	666.68	675.52	9055300
24/04/2019	678.72	690.85	676.71	688.23	7360887
25/04/2019	688.03	699.57	674.9	679.76	13929820
26/04/2019	681.04	691.42	678.91	689.86	6889444
30/04/2019	691.64	691.64	676.98	689.86	10217019
02/05/2019	689.46	700.31	684.56	695.93	8682505
03/05/2019	697.36	702.09	694.74	697.81	6510169
06/05/2019	692.44	694.81	682.58	685.95	7237910
07/05/2019	690.85	690.95	663.81	665.44	8877095
08/05/2019	663.71	663.71	640.03	643.62	14610543
09/05/2019	638.35	638.35	620	622.33	19507368
10/05/2019	626.56	632.85	616.65	619.7	11226831
13/05/2019	618.09	624.48	607.99	610.24	8047801
14/05/2019	612.44	628.72	609.97	624.31	13001004
15/05/2019	630.52	633	619.43	622.55	11163801
16/05/2019	624.06	629.98	623.14	626.73	6606652
17/05/2019	627.55	632.48	620.12	627.75	7898440
20/05/2019	650.63	662.57	645.63	656.72	12333937
21/05/2019	659.85	677.08	658.78	663.61	13872055
22/05/2019	666.51	673.47	661.28	663.91	11287400
23/05/2019	679.56	689.46	656.28	660.69	17722514
24/05/2019	667.67	670.54	652.07	662.15	10180759
27/05/2019	662.27	662.47	647.36	649.17	7349720
28/05/2019	653.7	661.13	650.51	655.66	19472659
29/05/2019	654.3	660.39	645.95	650.36	7112830
30/05/2019	651.94	664.7	651.94	658.63	10740841
31/05/2019	662.67	664.65	653.9	658.83	11760178
03/06/2019	661.23	677.21	654.4	673.71	8483610
04/06/2019	672.35	680.67	667.72	669.48	7059911
06/06/2019	674.56	674.56	654.35	657.44	7664319
07/06/2019	656.75	657.39	646.67	651.28	6730595
10/06/2019	654.25	657.27	648.9	653.38	5380148
11/06/2019	654.72	660.98	652.81	658.33	5253790
12/06/2019	661.08	662.92	656.28	659.82	4707716
13/06/2019	658.76	661.08	648.18	657.39	7171189
14/06/2019	654.74	656.28	648.55	652.59	6831331
17/06/2019	653.8	653.8	633.25	635.13	6815554
18/06/2019	633.45	637.93	628.59	634.49	7679193
19/06/2019	637.41	644.89	625.37	632.68	6625604
20/06/2019	633.99	643.9	633	642.29	4914012
21/06/2019	641.89	641.92	631.79	633.74	10623098
24/06/2019	630.1	632.23	622.65	625.27	5150998
25/06/2019	623.54	642.91	621.24	641.84	6842363
26/06/2019	639.44	646.17	637.14	641	5299942
27/06/2019	640.5	642.36	629.53	631.09	11385972
28/06/2019	632.55	635.4	618.46	620.67	8659721
01/07/2019	623.12	630.35	617.37	628.47	6162080
02/07/2019	630.99	634.49	625.72	633.25	4638751
03/07/2019	635.43	637.21	631.54	635.25	4026032
04/07/2019	634.68	639.44	633.99	635.97	4275148
05/07/2019	636.52	639.19	624.08	625.74	4995344
08/07/2019	623.09	628.1	618.24	620.15	6404544
09/07/2019	618.61	635.72	616.9	634.04	8016757
10/07/2019	634.01	638.62	628.39	633.42	5494315
11/07/2019	637.46	638.84	633.64	634.76	3935460
12/07/2019	635.48	643.9	633.02	634.24	7174054
15/07/2019	636.47	638.7	629.21	632.06	4873164
16/07/2019	633.97	641.37	632.53	640.43	4604019
17/07/2019	641.07	642.41	633.99	634.91	4334958
18/07/2019	634.98	637.16	623.09	625	5459896
19/07/2019	628.15	630.5	615.52	618.64	7468515
22/07/2019	619.63	636.22	607.89	634.24	13300153
23/07/2019	636.47	640.87	624.28	630.8	9287951
24/07/2019	630.77	633.4	620.89	623.64	6943982
25/07/2019	626.07	628.57	607.74	609.97	9968545
26/07/2019	609.97	615.42	599.32	601.2	9320481
29/07/2019	602.74	605.26	596.89	599.79	8058035
30/07/2019	601.28	604.27	582.45	584.91	9533344
31/07/2019	582.35	586.94	575.74	577.65	9705619
01/08/2019	576.24	588.52	569.77	584.58	10344862
02/08/2019	582.33	593.5	575.59	586.61	10865385
05/08/2019	578.02	578.02	558.7	566.31	13897461
06/08/2019	562.05	569.4	555.73	558.85	13288909
07/08/2019	557.96	563.93	546.37	549.49	11588879
08/08/2019	548.97	573.56	542.51	570.76	14262936
09/08/2019	575.47	582.23	570.74	575.59	10043949
13/08/2019	610.79	645.28	607.24	631.39	47923444
14/08/2019	645.88	646.1	634.16	638.08	14487137
16/08/2019	639.54	639.83	630.52	633	10047496
19/08/2019	634.51	642.31	633.99	640.23	7459859
20/08/2019	638.84	640.23	630.32	631.98	6843460
21/08/2019	631.84	633.32	627.3	629.51	4881553
22/08/2019	629.51	629.53	613.63	617.52	6414937
23/08/2019	613.68	635.97	607.49	631.93	9741262
26/08/2019	640.92	640.92	623.59	627.45	8778739
27/08/2019	636.47	636.47	624.68	631.44	12984396
28/08/2019	630.89	634.49	622.13	625.72	5305639
29/08/2019	622.33	624.21	611.85	615.04	8635974
30/08/2019	616.9	621.31	604.77	618.41	11308120
03/09/2019	615.29	615.66	594.37	597.54	8563009
04/09/2019	594.64	596.97	587.46	594.94	15063355
05/09/2019	597.73	600.9	591.05	593.67	10512763
06/09/2019	595.85	608.73	592.01	605.51	10600234
09/09/2019	604.59	610.71	600.88	605.36	5370758
11/09/2019	605.51	614.18	605.51	611.4	5544468
12/09/2019	611.7	614.4	597.19	599.49	5431139
13/09/2019	600.31	608.48	597.78	607.05	5919260
16/09/2019	588.92	603.83	587.48	599.69	9393731
17/09/2019	599.81	599.81	591.15	593.1	7150435
18/09/2019	596.82	602.44	592.98	597.19	6827281
19/09/2019	598.25	599.17	580.82	583.99	6293454
20/09/2019	588.4	628.99	581.64	621.29	22019674
23/09/2019	631.09	634.49	611.7	613.78	9879751
24/09/2019	615.96	643.3	615.54	633.35	15982067
25/09/2019	635.97	641.42	628.47	633.77	8316894
26/09/2019	639.93	643.3	635.72	642.31	8389212
27/09/2019	640.18	651.33	635.97	648.38	8712980
30/09/2019	648.85	661.6	646.65	659.87	11549746
01/10/2019	662.22	664.7	640.58	646.32	8192597
03/10/2019	636.96	651.18	634.63	649.37	6183107
04/10/2019	653.75	658.06	645.8	647.91	6853954
07/10/2019	647.91	654.2	644.74	648.9	4599818
09/10/2019	648.21	658.73	640.18	656.16	8040938
10/10/2019	656.28	678.07	654.3	674.98	16003744
11/10/2019	675.45	676.39	662	669.95	7587648
14/10/2019	676.07	676.07	669.08	672.62	6123412
15/10/2019	674.85	678.57	670.79	675.67	4422075
16/10/2019	678.52	683.35	675.45	679.73	8870701
17/10/2019	681.04	692.93	679.56	691.69	7332464
18/10/2019	695.41	707.25	692.78	701.53	12856410
22/10/2019	705.81	711.68	695.09	700.44	12703054
23/10/2019	701.5	706.28	685.08	689.66	8432964
24/10/2019	693.92	713.93	686.76	711.48	10351384
25/10/2019	713.78	713.96	699	708.88	6190013
27/10/2019	713.73	715.72	708.29	711.01	1378284
29/10/2019	715.96	733.05	714.28	726.64	11780494
30/10/2019	733.05	735.3	723.29	732.61	7470723
31/10/2019	735.03	737.83	723.99	725.3	8898168
01/11/2019	720.67	724.04	713.73	721.61	6356579
04/11/2019	726.07	728.59	715.77	721.98	6429329
05/11/2019	724.68	727.58	713.73	716.85	5799318
06/11/2019	714.58	716.43	707.54	710.71	6686289
07/11/2019	710.76	724.63	709.38	722.45	6438749
08/11/2019	717.7	722.97	713.88	715.96	5494844
11/11/2019	712.79	715.34	704.6	707.2	5192423
13/11/2019	708.29	731.02	708.29	729.24	11532364
14/11/2019	731.07	733.84	721.06	724.51	6518339
15/11/2019	725.94	736.42	724.71	728.52	7173674
18/11/2019	729.41	736.02	720.87	722.75	6435097
19/11/2019	726.61	750.34	725.62	747.79	13795569
20/11/2019	770.22	778.82	764.35	766.56	19904164
21/11/2019	765.25	770.69	757.1	761.58	6810577
22/11/2019	763.81	777.38	761.58	765.99	10218978
25/11/2019	768.29	775.05	768.22	773.44	6924313
26/11/2019	776.69	780.77	770.69	772.8	16152137
27/11/2019	772.65	780.35	770.74	777.55	4408336
28/11/2019	778.94	784.64	774.63	782.73	6284885
29/11/2019	783.55	783.55	766.66	768.29	8484822
03/12/2019	788.9	789.52	778.92	782.04	5938786
04/12/2019	779.11	781.34	759.67	769.06	9594828
05/12/2019	779.61	782.46	764.75	768.14	9117022
06/12/2019	769.21	776.64	763.31	770.15	5982129
09/12/2019	770.77	781.29	765.99	778.92	5779807
10/12/2019	778.64	779.41	769.78	773.64	4650906
11/12/2019	770.5	779.86	768.02	773.86	5652698
12/12/2019	777.75	779.54	771.02	776.74	4720977
13/12/2019	782.58	787.53	778.82	784.02	5791522
16/12/2019	788.53	789.47	774.83	775.94	5436951
17/12/2019	776.02	782.09	770.47	774.01	9291724
18/12/2019	774.16	782.58	773.67	780.53	6739582
19/12/2019	779.46	799.87	778.52	797.42	9375484
20/12/2019	799.92	801.18	790.56	792.04	9724619
23/12/2019	772.73	781.37	771.59	778.32	11478429
24/12/2019	777.08	778.64	764.01	765.96	8251144
26/12/2019	763.59	769.18	747.98	750.58	13605737
27/12/2019	756.33	765.84	753.51	763.93	8081591
30/12/2019	765.72	766.56	756.85	764.85	7828402
31/12/2019	763.76	764.6	746.94	749.92	10150467
01/01/2020	751.87	756.38	745.68	747.71	6402372
02/01/2020	748.9	763.24	748.9	760.44	8096561
03/01/2020	759.3	763.59	754.35	761.36	9593498
06/01/2020	752.86	756.78	741.97	743.7	11209343
07/01/2020	752.37	760.05	749.64	755.14	7627191
08/01/2020	750.39	760.02	747.91	749.47	7336561
09/01/2020	762.08	767.72	758.44	766.73	6849606
10/01/2020	768.66	771.66	762.6	766.56	5704686
13/01/2020	765.27	772.03	761.98	764.6	8358090
14/01/2020	762.77	767.72	753.78	757.52	7230788
15/01/2020	760.71	762.72	752	754.77	7231393
16/01/2020	757.32	764.43	756.83	761.73	5873662
17/01/2020	769.46	785.03	769.31	783.08	13469708
20/01/2020	796.95	796.95	756.03	758.98	14878868
21/01/2020	757.12	765.67	753.85	759.75	8650831
22/01/2020	764.75	766.11	758.36	759.48	4719245
23/01/2020	761.04	763.74	753.21	756.26	5142088
24/01/2020	756.33	760.96	752.15	753.63	6687633
27/01/2020	750.34	755.07	745.43	746.2	6120429
28/01/2020	747.22	747.91	724.93	728.96	11215313
29/01/2020	730.1	740.18	725.15	732.98	11313297
30/01/2020	732.56	732.9	713.24	715.1	10241756
31/01/2020	719.68	719.8	696.99	699.2	15886673
01/02/2020	696.05	706.78	681.27	681.54	10688430
03/02/2020	678.52	693.4	675.13	686.24	14040626
04/02/2020	693.43	709.52	692.34	706.5	11604666
05/02/2020	710.71	719.58	708.43	717.45	8444823
06/02/2020	720.22	726.61	713.29	722.06	7103715
07/02/2020	718.69	719.36	707.44	710.09	5581641
10/02/2020	707.3	715.96	698.6	711.06	6922631
11/02/2020	716.9	726.22	715.74	719.55	6400245
12/02/2020	721.24	730.5	720.67	728.25	6187091
13/02/2020	731.94	731.94	724.43	730.15	6201763
14/02/2020	731.69	743.68	719.73	736.82	9704655
17/02/2020	737.51	746	730.23	732.18	6011340
18/02/2020	731.02	731.02	721.86	726.81	5086964
19/02/2020	732.73	746.15	730.62	744.84	6438918
20/02/2020	741.47	746.92	734.93	736	7722577
24/02/2020	727.97	731.57	713.02	715.69	9769743
25/02/2020	718.89	718.89	698.38	701.55	12684109
26/02/2020	698.38	699.54	687.16	689.46	13423661
27/02/2020	687.48	690.36	678.07	686.62	11454300
28/02/2020	671.09	672.13	656.28	658.09	17973847
02/03/2020	671.19	678.07	644.44	651.9	13486634
03/03/2020	658.61	670.59	654.79	665.12	12525809
04/03/2020	669.65	670.54	647.81	663.56	10105782
05/03/2020	669.75	672.6	646.87	649.42	13948324
06/03/2020	629.04	638.03	614.72	629.53	15422068
09/03/2020	614.2	614.67	542.36	551.84	40317808
11/03/2020	548.8	583.69	548.8	571.36	27237627
12/03/2020	537.41	545.33	519.43	526.51	25588170
13/03/2020	494.31	564.65	466.78	547.46	33509757
16/03/2020	525.3	534.78	497.78	503.08	17594729
17/03/2020	518.71	525.02	496.89	499.27	20777442
18/03/2020	507.84	513.09	475.99	479.7	20450497
19/03/2020	455.73	478.96	441.91	454.54	28072062
20/03/2020	465.34	512.59	460.63	504.2	28967526
23/03/2020	453.8	470.54	433.71	437.87	18593713
24/03/2020	460.63	480.45	443.69	467.27	20919322
25/03/2020	477.37	570.37	477.1	536.04	33433126
26/03/2020	542.76	553.21	516.28	528.09	20912934
27/03/2020	542.36	548.45	518.19	527.8	19044644
30/03/2020	515.41	532.35	505.21	510.39	13820286
31/03/2020	531.93	559.6	519.08	551.65	20249909
01/04/2020	555.86	557.02	517.69	535.15	19017099
03/04/2020	561.9	561.9	523.19	533.67	18912044
07/04/2020	545.88	601.3	544.84	597.39	24859057
08/04/2020	584.46	608.73	574.55	590.48	22803774
09/04/2020	601.3	610.61	590.9	604.25	15101711
13/04/2020	596.32	601.8	584.46	588.99	10822871
15/04/2020	592.9	612.2	566.13	569.53	16147959
16/04/2020	569.53	588.15	567.12	578.54	17123533
17/04/2020	602.29	609.22	590.73	606.25	15209707
20/04/2020	607.24	622.6	595.36	616.06	16472339
21/04/2020	599.32	620.12	576.53	612.87	28057706
22/04/2020	653.8	685.95	643.9	675.4	65230894
23/04/2020	677.26	686.42	670.3	679.01	29928331
24/04/2020	668.74	740.46	667.27	701.85	61711388
27/04/2020	710.27	730.57	704.82	708.16	26736512
28/04/2020	718.19	720.89	689.54	707.37	35866381
29/04/2020	715.67	720	703.33	706.78	17141540
30/04/2020	720.15	740.46	712.27	726.12	32617901
04/05/2020	713.24	725.62	702.07	710.86	24439240
05/05/2020	720.02	732.56	716.81	723.47	20528706
06/05/2020	725.13	735.5	715.96	723.52	18510304
07/05/2020	720.67	749.72	715.72	746.4	22871529
08/05/2020	765.25	782.53	761.33	773.57	38522385
11/05/2020	782.58	799.92	778.77	781	30670404
12/05/2020	775.05	776.81	725.62	732.68	46029119
13/05/2020	763.5	763.5	727	748.23	30658051
14/05/2020	734.5	748.35	715.03	717.98	22736714
15/05/2020	722	733.35	707.55	729.7	28683432
18/05/2020	735	741	714	720.38	28981620
19/05/2020	728.5	730.85	701.63	704.45	19529216
20/05/2020	705	723.43	696.5	716.85	25530692
21/05/2020	717.5	730.73	712.5	720.63	18077196
22/05/2020	725.9	729	713.25	715.78	17458503
26/05/2020	724.08	724.85	708.15	712.03	15330793
27/05/2020	715.5	727	706	722.78	16460764
28/05/2020	727.5	739.88	724.5	736.13	18519252
29/05/2020	734	736	726.33	732.2	18471770
01/06/2020	740	769.18	737.98	760.18	18434065
02/06/2020	763	770	760.4	767.85	10224102
03/06/2020	772.5	780	766.68	770.83	11713666
04/06/2020	772	794.75	770.5	789.9	15784612
05/06/2020	797.5	809	786.85	790.85	15270435
08/06/2020	809.2	809.2	782.5	784.75	14498055
09/06/2020	780.15	791.5	766.5	768.58	11934073
10/06/2020	771.55	789.78	770.03	786.08	10214426
11/06/2020	783	783.98	765.5	768.85	9408283
12/06/2020	750	796.5	748.5	794.4	17790565
15/06/2020	782.5	813.48	780.55	807.28	24509162
16/06/2020	821.5	824.28	792.65	808.85	23623299
17/06/2020	804.13	817.73	801.05	807.68	19282519
18/06/2020	803.5	832.5	802.8	827.95	18677694
19/06/2020	835	894.4	831	879.7	48828852
22/06/2020	886.7	902.1	867.5	873.08	27781772
23/06/2020	875	881.88	858.05	860.45	17521196
24/06/2020	867.95	886.35	855.85	863.93	23808524
25/06/2020	863.5	874.5	856.53	858.95	18312705
26/06/2020	864.4	876	858.5	870.83	14270695
29/06/2020	864.03	869.88	857.78	861.58	11825126
30/06/2020	868.5	870.5	847.78	852.05	13973038
01/07/2020	860	874.5	854.03	868.8	13136706
02/07/2020	871.5	883.8	867.53	880.18	13286760
03/07/2020	889.9	896.5	884	893.95	13584004
06/07/2020	902.5	929	896.05	925.9	21698149
07/07/2020	930	932.18	903.15	911.73	16240102
08/07/2020	912.03	917.48	895	899	12093523
09/07/2020	904.5	917.5	893.13	912.13	16807403
10/07/2020	914.25	942.3	912.13	939.03	20195490
13/07/2020	951.68	973.85	950	967.5	32124397
14/07/2020	967	970.85	943.65	958.5	31073591
15/07/2020	968.98	989.4	899	922	64458598
16/07/2020	923.5	934.5	906.23	921.7	28133993
17/07/2020	922.5	960	919	955.85	22949535
20/07/2020	958.9	966	949.83	959.95	16887752
21/07/2020	969.5	988.5	968.25	985.78	19463498
22/07/2020	991.5	1005	980.35	1002	27584769
23/07/2020	1001.98	1039.85	995.68	1028.9	26921058
24/07/2020	1029	1081.5	1028.9	1073.08	55656793
27/07/2020	1089.4	1099.4	1063.95	1078.1	37060949
28/07/2020	1078.1	1097	1075.33	1088.85	25435618
29/07/2020	1088.95	1091.4	1035.22	1048.33	33536361
30/07/2020	1049.5	1069.85	1036	1054.43	33624516
31/07/2020	1057.25	1064.5	1026.4	1033.55	34593375
03/08/2020	1025.65	1028.5	1001.55	1004.5	21560137
04/08/2020	1010.3	1083.5	1000.13	1075.3	42477225
05/08/2020	1084.5	1098	1059.15	1063.22	34405886
06/08/2020	1078.5	1083.85	1053.9	1067.05	22762726
07/08/2020	1064.9	1078.9	1060.1	1073.22	15222384
10/08/2020	1079.55	1082.5	1054.05	1059.93	12441939
11/08/2020	1067.4	1080	1050.18	1066.9	21611359
12/08/2020	1060.5	1072.5	1053.4	1063.8	13967529
13/08/2020	1064	1069.45	1055	1061.03	11459251
14/08/2020	1061.28	1078.5	1044.63	1056.9	15333759
17/08/2020	1052.5	1052.5	1035.05	1045.68	14297224
18/08/2020	1042.5	1067.15	1041.18	1059.28	14097932
19/08/2020	1070.5	1077	1060.68	1065.78	15731409
20/08/2020	1060	1061.95	1044	1048.53	10402292
21/08/2020	1059	1061	1038.5	1040.93	11667281
24/08/2020	1045.7	1052.25	1035.25	1047.88	15099030
25/08/2020	1053	1055.65	1039	1041.05	8947709
26/08/2020	1042.5	1073.97	1023.5	1068.65	27631028
27/08/2020	1074	1075	1051.63	1055.3	12962139
28/08/2020	1060	1066.45	1053.13	1058.08	12537684
31/08/2020	1087	1087	1030.18	1040.35	28649141
01/09/2020	1050	1061.2	1031.2	1043.63	17821488
02/09/2020	1046	1069	1042.5	1064.1	12437209
03/09/2020	1064	1069.38	1051.5	1056.05	8577741
04/09/2020	1041.78	1048.47	1036.1	1038.63	13141705
07/09/2020	1042	1052.88	1022.13	1041.33	10119099
08/09/2020	1046	1060.5	1040.25	1053.55	12643762
09/09/2020	1042.5	1083.9	1040.72	1080.68	25526055
10/09/2020	1091.55	1172.47	1087.68	1157	64751766
11/09/2020	1156	1168.93	1143.55	1159.88	27445883
14/09/2020	1162.5	1180	1141	1151.28	20335480
15/09/2020	1155.97	1162.88	1144.08	1159.43	12543161
16/09/2020	1160	1184.68	1155.28	1162.28	15669133
17/09/2020	1160	1166.85	1145.93	1149.38	11919991
18/09/2020	1157.13	1159.72	1138.28	1152.85	15264101
21/09/2020	1150	1168	1123.68	1127.93	15519433
22/09/2020	1138.5	1138.5	1100.78	1105.58	16056621
23/09/2020	1130	1138.38	1102.65	1115.4	19839809
24/09/2020	1103.95	1113	1088.03	1090.6	13765321
25/09/2020	1094.5	1106.4	1083.65	1100.85	13095950
28/09/2020	1113.5	1119	1103.53	1108.13	9076787
29/09/2020	1112.5	1132	1108.13	1122.53	11927459
30/09/2020	1130	1133.5	1112.5	1117.18	11291280
01/10/2020	1131.9	1131.9	1107	1112.63	9591467
05/10/2020	1122	1124.58	1103	1106.1	8732890
06/10/2020	1112.63	1116.95	1100.83	1105.18	8497352
07/10/2020	1117.5	1154.5	1110	1128.75	24538620
08/10/2020	1129.5	1134	1111.05	1119.63	9727508
09/10/2020	1117.5	1126.5	1108.55	1116.72	8558747
12/10/2020	1117.5	1127.88	1113.13	1118.53	6565525
13/10/2020	1115.3	1142.88	1112.93	1140.35	10666280
14/10/2020	1139.45	1152	1134.25	1143.75	12341487
15/10/2020	1145	1145	1097.5	1103.25	9246893
16/10/2020	1107.5	1116.25	1086.33	1087.9	9961080
19/10/2020	1095.03	1114.35	1077.58	1088.1	14399062
20/10/2020	1089.5	1096.5	1076.13	1077.95	8529621
21/10/2020	1084	1096	1048.88	1062.3	15729989
22/10/2020	1063.7	1066.25	1045.5	1053.47	14215255
23/10/2020	1053	1067.5	1048.2	1056.53	10809383
26/10/2020	1050.97	1050.97	1009.25	1014.55	17225340
27/10/2020	1017.45	1029.93	1002.5	1017.25	16835011
28/10/2020	1020.9	1028.85	1003.7	1005.73	13810054
29/10/2020	998.5	1021	995.5	1013.45	14147681
30/10/2020	1016.75	1032.55	1010.9	1027.25	15701123
02/11/2020	1013.5	1013.5	929.58	938.73	45857806
03/11/2020	945	954.5	917.55	925.2	40931170
04/11/2020	918.5	964.5	918.5	956.6	37003111
05/11/2020	977.48	980.48	966	977.5	17170274
06/11/2020	995	1020	989.08	1014.58	30770080
09/11/2020	1031.05	1034.5	1018	1025.35	16539467
10/11/2020	1038.5	1045	1020.6	1042.28	17045147
11/11/2020	1044.5	1047.5	989.05	998.6	26178477
12/11/2020	990.5	1004.23	982.5	990	18481466
13/11/2020	991	1018.33	990.88	998.2	20946864
17/11/2020	1042.5	1042.5	992.5	996.63	21479385
18/11/2020	996.63	1003.25	980.05	993.6	14030652
19/11/2020	993.6	1005.23	984.1	986.58	12828008
20/11/2020	987.5	991.9	947.5	949.75	26522972
23/11/2020	975.5	985	963.13	975.35	20918665
24/11/2020	982	987	966	982.03	14277083
25/11/2020	990	996.48	971.1	973.9	15062376
26/11/2020	976.53	982.5	965.03	976.3	11924527
27/11/2020	970.25	978.05	960.7	964.9	21845931
01/12/2020	970.18	983.13	965.03	977.45	9114939
02/12/2020	979.25	981	967.5	979.08	10240168
03/12/2020	986	990.55	979.33	982.03	12822945
04/12/2020	984.5	984.5	970	973.38	8521388
07/12/2020	970.3	982.5	970.3	979.1	8418767
08/12/2020	980.58	1007.13	975	996.88	20030506
09/12/2020	1004.98	1016.9	999.63	1013.48	13464375
10/12/2020	1010.8	1014.25	1000.5	1003.5	7414229
11/12/2020	1006.5	1019	987.13	1002.9	12434745
14/12/2020	1003.98	1007.5	993.18	995.65	7989830
15/12/2020	994.85	994.85	980.55	987.18	8561406
16/12/2020	994	997.48	982.85	988.28	8565904
17/12/2020	992.25	1002.5	988.58	992.8	9346460
18/12/2020	990.05	1002.45	982.5	995.78	8522215
21/12/2020	1005	1011	927.63	969.85	20368545
22/12/2020	974.5	979.45	944.23	968.35	12986606
23/12/2020	965	975.73	960.33	971.93	8999898
24/12/2020	973.5	999.4	972.95	997.08	9588577
28/12/2020	1003.35	1009	997.65	1001.65	7947719
29/12/2020	1004.5	1006.15	991.28	995.03	8589407
30/12/2020	997.63	1003.6	987.78	997.75	10173132
31/12/2020	996.75	1005.95	989.3	992.65	8667516
01/01/2021	994	998.5	991	993.75	4622002
04/01/2021	997.55	999.45	984	995.43	11312992
05/01/2021	984.5	991.8	978	983.05	11132803
06/01/2021	982.95	983	952.58	957.13	21414270
07/01/2021	960.25	972.5	952.58	955.58	14918406
08/01/2021	959	969.2	956.05	966.85	12709792
11/01/2021	969.4	969.4	946.25	948.63	15371556
12/01/2021	951.5	980	949.95	978.53	18996047
13/01/2021	981.78	987.48	959.23	969.4	12284876
14/01/2021	972.5	983.45	969.53	980.3	9946818
15/01/2021	980.3	986.9	960.03	968.73	9503790
18/01/2021	974.55	998.5	961.68	991.98	16198856
19/01/2021	997.33	1015.5	997.33	1008.2	14771048
20/01/2021	1010.7	1029	1000.7	1027.35	14271669
21/01/2021	1041	1060	1037.5	1049.7	18038987
22/01/2021	1055.5	1057.68	1017.58	1024.8	14090818
25/01/2021	1017.48	1017.48	966	970.5	25016570
27/01/2021	962.5	962.5	944	947.5	19553809
28/01/2021	940.08	961.65	935	938.28	15722291
29/01/2021	947.15	956.55	915	920.98	20173258
01/02/2021	929.7	952.5	924	947.65	15774504
02/02/2021	957.13	970	927.48	962.9	19138414
03/02/2021	964.15	976	950	965.33	13984228
04/02/2021	962	970	952.5	962.15	11826848
05/02/2021	965.03	972.33	960	961.88	9344470
08/02/2021	966.53	984.5	964.53	975.73	9776136
09/02/2021	980.98	994.8	976.15	978.08	9047308
10/02/2021	976.88	992.38	963.65	987.15	9799560
11/02/2021	990	1032.1	986.13	1027.85	19631870
12/02/2021	1027.75	1039	1007.7	1020.8	14074374
15/02/2021	1024.03	1030.65	1012.5	1016.3	7287590
16/02/2021	1019.88	1039.7	1017.5	1029.75	9886093
17/02/2021	1030	1047.97	1025.3	1041.63	10957388
18/02/2021	1042.5	1054.2	1029.55	1033.85	8605531
19/02/2021	1028.5	1052.47	1026.65	1040.15	10800704
22/02/2021	1040	1044.95	997.48	1004.05	10985697
23/02/2021	1024	1026.45	1006.8	1011.73	11834752
24/02/2021	1015	1032.63	1013.08	1030.5	4987735
25/02/2021	1038	1076	1036.5	1072.18	16085897
26/02/2021	1058.5	1066.95	1035.35	1042.9	17297575
01/03/2021	1055.1	1056	1031.25	1050.85	8159670
02/03/2021	1061	1065	1044.55	1053	7915073
03/03/2021	1060.53	1109.95	1053.6	1101.05	14733134
04/03/2021	1090	1094.97	1078.85	1087.93	9892597
05/03/2021	1078	1105.97	1076.53	1089.35	11773630
08/03/2021	1084.25	1115.95	1084	1095.55	9002404
09/03/2021	1100	1106.9	1073.3	1095.53	6993792
10/03/2021	1103.5	1107.55	1085.13	1090.97	5316182
12/03/2021	1097.5	1103.2	1061.95	1068.8	7783173
15/03/2021	1070.03	1074.45	1040.25	1054.45	7706302
16/03/2021	1057	1063	1047.75	1050.3	6402757
17/03/2021	1049.03	1051.5	1017.55	1027.68	8865521
18/03/2021	1036.45	1042.4	1000.5	1004.55	9528809
19/03/2021	995.5	1047.93	991.4	1041	19284892
22/03/2021	1035.5	1037	1016.6	1031.2	8571196
23/03/2021	1030.97	1054.85	1028	1043.75	8039865
24/03/2021	1039.88	1039.88	1020.2	1023.65	7763726
25/03/2021	1027	1027	992.5	995.73	10153757
26/03/2021	1006	1006.85	986.85	997.33	9313160
30/03/2021	1004	1024.45	995.78	1014.65	9433850
31/03/2021	1009	1024.95	999.5	1001.55	7499740
01/04/2021	1009	1015	1001.58	1010.93	5410307
05/04/2021	1012.48	1012.5	981.05	996.3	6864856
06/04/2021	1002	1002.48	984.5	992.15	6465241
07/04/2021	1000	1023.45	996.65	1001.43	11198918
08/04/2021	1005.5	1011	996.5	1002.68	7092878
09/04/2021	999.23	1003.18	990	991.03	6478482
12/04/2021	979.5	980.7	950.13	955.58	9646031
13/04/2021	962	970.3	958.93	965.9	8958261
15/04/2021	963.15	980.5	956.5	972.15	9102492
16/04/2021	968.3	974.95	963.23	966.05	7225679
19/04/2021	952	958.2	945	950.85	8527967
20/04/2021	955.25	959.5	945.23	950.58	7939490
22/04/2021	946.13	957.23	938.35	953.2	6687573
23/04/2021	953	959.45	947.68	952.18	5459016
26/04/2021	960	981	955.75	968.93	9620785
27/04/2021	970	998.6	969.13	994.33	9226547
28/04/2021	998.93	1004	990.08	998.65	7902002
29/04/2021	1011.45	1022.25	1003.65	1012.03	8035915
30/04/2021	1004.25	1018	993.78	997.25	9150974
03/05/2021	983	989.5	971.55	979.53	10909942
04/05/2021	975	983.9	955.5	958.3	10083693
05/05/2021	961.68	969.25	954.03	960.05	5719649
06/05/2021	960.93	967.5	953.3	965.5	6749281
07/05/2021	968.88	977.83	963	965.88	5671163
10/05/2021	969.5	973.4	960.48	963.1	6433879
11/05/2021	957.5	969.28	955	966.58	6220217
12/05/2021	965.05	966.45	953.5	956.58	6081627
14/05/2021	964.03	971	953	968.65	6134079
17/05/2021	968.65	981.73	965.2	980.18	5479424
18/05/2021	990.5	1001.3	986.25	993.98	5567958
19/05/2021	990	1008.23	986	998.53	7530294
20/05/2021	998.95	1005.45	990.5	992.7	5271497
21/05/2021	996	1004.8	993	1001.28	4977555
24/05/2021	1004	1004.9	991	992.83	3946636
25/05/2021	998.2	998.5	980	981.58	6821015
26/05/2021	987.5	989.75	982.65	985.03	3452113
27/05/2021	985.15	996.5	981.13	988.05	12377100
28/05/2021	995	1052.5	995	1047.4	26060864
31/05/2021	1051	1095.85	1042.53	1080.15	27285782
01/06/2021	1083	1101	1073.25	1084.45	12928379
02/06/2021	1078.5	1104.75	1078.5	1100.63	11366816
03/06/2021	1110.5	1125	1098.05	1104.83	11064116
04/06/2021	1107.4	1108.22	1092.13	1095.25	6677278
07/06/2021	1101	1121	1092.5	1113.7	7539326
08/06/2021	1113.3	1113.58	1099.08	1107.3	4464889
09/06/2021	1109.5	1110.5	1078.97	1087.5	5265326
10/06/2021	1096.7	1115	1088.78	1091.5	6532832
11/06/2021	1091.45	1114	1090.05	1106.58	6351520
14/06/2021	1107.5	1129.13	1097.53	1122.45	9383416
15/06/2021	1130.5	1137.45	1120.15	1125	7002898
16/06/2021	1122.45	1123.53	1102.93	1105.8	4982975
17/06/2021	1100	1117.5	1089.95	1107.83	7266765
18/06/2021	1112.75	1117.5	1092.18	1112.83	13553801
21/06/2021	1101.75	1123.75	1100.08	1118.63	5624044
22/06/2021	1127	1130.5	1109.68	1112.88	5940386
23/06/2021	1125	1125.3	1100.85	1102.68	7685796
24/06/2021	1103.43	1107.3	1070	1076.75	42209687
25/06/2021	1076.75	1076.75	1040.55	1052.22	25546334
28/06/2021	1061	1063.25	1040.5	1043	9357852
29/06/2021	1044.75	1054.5	1042.05	1043.9	12526981
30/06/2021	1048.13	1061.33	1045.53	1055.33	9120556
01/07/2021	1059	1061.58	1047.5	1048.97	5784627
02/07/2021	1048.5	1066.45	1046.47	1064.53	6500973
05/07/2021	1068.22	1076.78	1065.75	1075.1	5400604
06/07/2021	1072.47	1074.45	1060.1	1062.4	4647361
07/07/2021	1063.88	1063.88	1049	1055.03	4824931
08/07/2021	1058.47	1058.47	1040.5	1046.3	5162088
09/07/2021	1044	1045.85	1033.05	1035.6	4170886
12/07/2021	1039.88	1050.75	1037.25	1042.05	3962111
13/07/2021	1050	1051.53	1044.03	1049.85	3099956
14/07/2021	1050.18	1053.43	1040.63	1043	3937768
15/07/2021	1047.5	1047.5	1039.25	1041.18	4360415
16/07/2021	1043.88	1057.38	1043.8	1056.2	4074206
19/07/2021	1050	1062	1046.13	1049.47	3855577
20/07/2021	1049.75	1054	1042	1046.9	3111185
22/07/2021	1059.5	1061.95	1049.08	1060.35	3679260
23/07/2021	1067.22	1067.22	1051.03	1052.85	4585938
26/07/2021	1054	1060.5	1035.55	1038.43	5717830
27/07/2021	1038.4	1041.85	1021	1027.5	4995516
28/07/2021	1029	1029	1008.13	1018.68	5952355
29/07/2021	1027	1037.2	1021.7	1026.63	6352886
30/07/2021	1029	1033.97	1015.55	1017.65	5238304
02/08/2021	1027.15	1039.7	1020.58	1036.25	5041934
03/08/2021	1045	1045.5	1032.1	1043.88	5453682
04/08/2021	1047.2	1057	1043.5	1051.88	6077861
05/08/2021	1057.15	1077.4	1052.13	1067.13	9807831
06/08/2021	1064.97	1073.47	1039.38	1044.53	7670583
09/08/2021	1040.5	1044.9	1033.25	1038.58	3458546
10/08/2021	1041	1056.5	1036.88	1044.03	5500708
11/08/2021	1048.47	1060	1041.7	1058.65	4238859
12/08/2021	1062.45	1063.1	1052.5	1055.25	3755507
13/08/2021	1058.65	1074.95	1054.47	1072.83	5898384
16/08/2021	1074.68	1101.5	1064.08	1086.75	10123204
17/08/2021	1084.43	1092.6	1073.93	1082.13	5841743
18/08/2021	1087	1093.4	1076.3	1086.33	4650008
20/08/2021	1071.5	1086	1068.5	1074.13	4350228
23/08/2021	1087	1087	1066.15	1081.18	4547802
24/08/2021	1082.53	1096	1077.8	1091.85	5475452
25/08/2021	1092.7	1110	1090.05	1101.3	6175126
26/08/2021	1104	1122.45	1102.5	1115.22	8579105
27/08/2021	1118.5	1121.38	1108.03	1113.7	4836812
30/08/2021	1125	1137.93	1118.4	1135.13	6473487
31/08/2021	1138.45	1141.88	1121.13	1129.08	12223037
01/09/2021	1136.5	1146.45	1131.5	1133.55	5143640
02/09/2021	1127.5	1153.9	1127.5	1147.2	4595048
03/09/2021	1155	1197.5	1151.25	1194.25	14151629
06/09/2021	1206.5	1240	1206	1212.8	15525644
07/09/2021	1215	1229	1206	1220.45	8006968
08/09/2021	1226	1227	1203.33	1215.68	6600210
09/09/2021	1213.95	1218.93	1208.05	1212.8	4136538
13/09/2021	1216.5	1216.5	1184.03	1185.78	7527598
14/09/2021	1187.5	1197	1183	1184.22	4111205
15/09/2021	1184.25	1197.88	1184.25	1189.15	4186300
16/09/2021	1190.78	1218.38	1183.5	1214.1	6206657
17/09/2021	1223	1227.93	1187.8	1195.28	16098099
20/09/2021	1186.05	1209.18	1185	1197.18	5436385
21/09/2021	1202.5	1208.3	1192	1202.35	4576111
22/09/2021	1204	1221	1199.13	1215.25	5074612
23/09/2021	1223.7	1248.5	1222.75	1244.95	7267883
24/09/2021	1251.78	1252.72	1236	1241.35	7011181
27/09/2021	1243.5	1264.95	1237.65	1262.22	7095022
28/09/2021	1267	1282.45	1256.4	1274.03	8323269
29/09/2021	1285	1285	1260.03	1263.93	4485721
30/09/2021	1262.5	1267.3	1250.18	1259.63	6272085
01/10/2021	1250.97	1269.9	1247.5	1261.85	4134544
04/10/2021	1276.5	1287.43	1268.53	1278.08	5038910
05/10/2021	1277.55	1306	1273.68	1304.6	6245770
06/10/2021	1309.97	1309.97	1275.55	1279.93	4734472
07/10/2021	1297.5	1299.38	1283.85	1286.2	2924370
08/10/2021	1292.63	1342.2	1290.75	1335.63	7279003
11/10/2021	1350.7	1360	1322.68	1326.33	6815737
12/10/2021	1322.5	1341.5	1320.63	1333.9	3083747
13/10/2021	1339.5	1359.75	1334.65	1347.48	4596429
14/10/2021	1350.18	1358.73	1343.6	1350.2	3979730
18/10/2021	1334.3	1372.5	1331.15	1353.8	6273850
19/10/2021	1361.9	1375.68	1354	1365.93	4076617
20/10/2021	1371.38	1371.38	1345.75	1350.2	5865926
21/10/2021	1363.7	1364	1301.6	1311.25	9613812
22/10/2021	1310	1332.45	1305.75	1313.7	5089178
25/10/2021	1340	1340	1285	1300.9	7937067
26/10/2021	1308.55	1334.45	1301.58	1330.53	4499706
27/10/2021	1326	1338.4	1309.97	1313.7	4567140
28/10/2021	1310	1318.98	1295.25	1299.3	4562471
29/10/2021	1298.08	1298.08	1250.85	1268.13	6568539
01/11/2021	1268.13	1278	1247.05	1268.9	7144532
02/11/2021	1272.5	1274	1247.63	1250.4	4877652
03/11/2021	1253.03	1260	1230.5	1241.8	5533120
04/11/2021	1246.47	1252.45	1245	1249.43	787160
08/11/2021	1259.7	1260	1228.2	1250.97	9385607
09/11/2021	1252.5	1264.45	1243.53	1260.85	7237470
10/11/2021	1258.35	1279	1251.83	1274.95	4731975
11/11/2021	1270.03	1285.25	1267.78	1277.28	4948422
12/11/2021	1281.45	1299.38	1278.5	1296.55	4020744
15/11/2021	1300	1301.1	1285	1288.9	2216708
16/11/2021	1286.03	1287.5	1247.5	1258.95	5232292
17/11/2021	1249.47	1249.47	1230.5	1232	4708235
18/11/2021	1230	1244.5	1225.03	1236.65	3925345
22/11/2021	1218.05	1224.5	1175.5	1181.88	11133364
23/11/2021	1166.53	1200.63	1154.5	1192.93	11688406
24/11/2021	1190	1204.95	1171.78	1175.7	7762564
25/11/2021	1186.5	1251	1178.58	1246.47	19568487
26/11/2021	1233.9	1238.8	1200.75	1206.3	7274686
29/11/2021	1219.55	1250	1199.55	1220.75	11226147
30/11/2021	1234	1237.95	1194.43	1202.7	14847511
01/12/2021	1216.5	1237	1212.55	1233.5	4663276
02/12/2021	1234.85	1248.1	1230.8	1241.43	5870468
03/12/2021	1249.2	1249.25	1200	1204.13	8871172
06/12/2021	1208	1212.5	1178.58	1181.3	4768334
07/12/2021	1188.08	1202	1180	1190.93	5185007
08/12/2021	1212.05	1215.9	1203.15	1209.05	4035437
09/12/2021	1217.5	1237.45	1212.5	1228.22	6098050
10/12/2021	1220.13	1233	1215.18	1229.47	3860176
13/12/2021	1236.75	1237.05	1202	1204.83	5954148
14/12/2021	1190	1203	1186.7	1190.08	5995586
15/12/2021	1192	1202.5	1180.55	1186.6	4322855
16/12/2021	1202.85	1207.75	1184.33	1201.95	4504829
17/12/2021	1199.03	1204	1160	1170.22	9714489
20/12/2021	1158.93	1158.93	1123.55	1138.68	6611376
21/12/2021	1155.68	1173	1146.1	1155.63	5924071
22/12/2021	1162.45	1185.95	1161	1183.05	8149415
23/12/2021	1187	1190	1179.03	1182.63	4186912
24/12/2021	1185	1196	1168.78	1186.4	3639616
27/12/2021	1180.78	1189	1174.05	1185.13	1853948
28/12/2021	1187.8	1202.43	1186.53	1199.2	2941883
29/12/2021	1195.5	1209.5	1191.05	1201.25	7118779
30/12/2021	1200	1202.47	1172.8	1179.55	13537254
31/12/2021	1186.5	1191.95	1180	1184.08	4373768
03/01/2022	1182.5	1203.97	1181.78	1201.93	2502073
04/01/2022	1207.95	1230.5	1202	1229.05	5006225
05/01/2022	1231	1238.5	1216.47	1234.8	5373618
06/01/2022	1225.6	1227	1204.5	1208.25	6667483
07/01/2022	1215.47	1229.03	1205.78	1218	6051239
10/01/2022	1226	1228.5	1208.03	1219	4267365
11/01/2022	1218	1237.47	1217.5	1227.78	7478681
12/01/2022	1235.65	1262.47	1232.5	1260.55	6830402
13/01/2022	1260.63	1270.5	1254.2	1267.65	5471871
14/01/2022	1267.5	1283.65	1262.93	1269.5	9197773
17/01/2022	1269	1282.5	1268.5	1276.13	3708822
18/01/2022	1277.38	1281.18	1257.88	1260.9	2868235
19/01/2022	1265	1271	1254.5	1260.8	4502155
20/01/2022	1250.03	1254.97	1227.5	1238.72	7612203
21/01/2022	1226	1251.13	1226	1238.93	6155759
24/01/2022	1237.5	1252.38	1177.55	1188.95	10092511
25/01/2022	1174.78	1194.33	1152.5	1186.63	11311456
27/01/2022	1168	1178.05	1155.53	1169.05	9239426
28/01/2022	1182.5	1187.95	1164.2	1167.93	6769154
31/01/2022	1180.1	1203.2	1178.1	1193.3	5604308
01/02/2022	1204	1210.3	1173.55	1189.35	6092033
02/02/2022	1203.5	1203.5	1187.55	1191.78	4623163
03/02/2022	1196	1200.72	1173.6	1176.38	4417864
04/02/2022	1170.5	1174.22	1160.55	1165.65	5104761
07/02/2022	1171	1178.4	1152.5	1158.55	4944725
08/02/2022	1165.33	1180	1155	1178.03	5566080
09/02/2022	1185.58	1193.6	1179	1191.75	5300891
10/02/2022	1197.85	1197.85	1182.55	1190.53	5752361
11/02/2022	1186.63	1192.25	1172.05	1188.2	7357863
14/02/2022	1170.13	1177.47	1156.5	1169.28	4947109
15/02/2022	1175.6	1211.95	1167.85	1208.97	5174646
16/02/2022	1215	1216.5	1197.97	1206.47	4796294
17/02/2022	1210.05	1227.45	1205	1221.75	5931774
18/02/2022	1222.2	1228.2	1210.08	1212.2	3126873
21/02/2022	1206	1218.75	1192.3	1199.95	5125968
22/02/2022	1176.45	1197.95	1173.58	1194.5	6227901
23/02/2022	1200.55	1203.28	1184	1187.03	3373615
24/02/2022	1152.5	1169.95	1121.7	1127.88	11466725
25/02/2022	1140.05	1153.97	1138.13	1141.97	6724094
28/02/2022	1121.5	1183.68	1121.5	1179.78	9828768
02/03/2022	1167.22	1200.5	1164.6	1199.28	9909226
03/03/2022	1200	1207.43	1185.03	1189.15	4701183
04/03/2022	1176.5	1182.15	1160.18	1162.78	4986814
07/03/2022	1139.35	1156.05	1111	1119.78	8299295
08/03/2022	1105.75	1123	1090	1117.75	9825043
09/03/2022	1118	1183.5	1117.08	1177.05	9421163
10/03/2022	1200	1202.5	1180	1196.13	8297995
11/03/2022	1188.03	1205.5	1188.03	1199.58	5656799
14/03/2022	1193.45	1212.2	1187	1209.43	3849222
15/03/2022	1213.97	1213.97	1170.43	1181.72	7349740
16/03/2022	1191	1203.95	1188.55	1201.68	5145644
17/03/2022	1216.38	1248.7	1207.55	1240.85	9886295
21/03/2022	1222	1242	1219.5	1233.7	5537752
22/03/2022	1230.05	1267.47	1226.8	1265.58	10410082
23/03/2022	1261.5	1282.43	1261.5	1269.6	7135797
24/03/2022	1255	1292.08	1255	1289.33	6077153
25/03/2022	1291.25	1308	1288.5	1297.93	6563676
28/03/2022	1305	1314.88	1293.25	1310.98	4564891
29/03/2022	1319	1319	1303.7	1311.28	4007695
30/03/2022	1319.95	1344	1308.55	1336.48	7297028
31/03/2022	1332.48	1334.85	1314.3	1317.38	6102744
01/04/2022	1318	1332.58	1311	1327.93	3656408
04/04/2022	1327.73	1337.5	1320.83	1331.85	3659307
05/04/2022	1325.55	1334.95	1310.35	1313.03	6068663
06/04/2022	1293.55	1317.25	1293.55	1309.53	5656703
07/04/2022	1297.55	1303	1283.5	1286.43	7151632
08/04/2022	1280	1312.5	1280	1307.83	6992874
11/04/2022	1300	1319.28	1291.5	1305.1	4270816
12/04/2022	1293.5	1301.3	1277.7	1280.53	6099986
13/04/2022	1287.25	1296.3	1272.75	1275.83	4778478
18/04/2022	1266.5	1279.9	1260.9	1271.93	4603103
19/04/2022	1279	1334	1275.53	1320.4	12064446
20/04/2022	1328.55	1367	1324.55	1359.23	11570835
21/04/2022	1375.45	1394.5	1366	1391.05	10018531
22/04/2022	1379.45	1401	1372.1	1379.4	6947490
25/04/2022	1371.2	1379.2	1331.83	1347.5	7874671
26/04/2022	1355	1397.5	1353.85	1387.83	5643066
27/04/2022	1377.93	1414	1377.53	1389.18	8924920
28/04/2022	1404.98	1425.5	1393.05	1409.93	11820892
29/04/2022	1428.08	1428.08	1388.65	1395.13	8406156
02/05/2022	1381	1402.75	1379.03	1390.23	4369022
04/05/2022	1392.5	1395	1338.15	1346.83	8882792
05/05/2022	1361.75	1365	1316	1320.45	7942721
06/05/2022	1306.1	1329.5	1296.78	1310.33	9068448
09/05/2022	1287.47	1298.55	1253.5	1259.15	8345649
10/05/2022	1247.5	1263.3	1229	1237.33	9004636
11/05/2022	1236.33	1242.47	1210.97	1224.65	7681157
12/05/2022	1213.75	1217.43	1185	1199.7	9456280
13/05/2022	1213	1239	1207.68	1213.3	8910998
16/05/2022	1217.22	1240.5	1208.33	1213.6	6201594
17/05/2022	1217.55	1269.95	1216	1264.58	7638666
18/05/2022	1269.83	1285	1254.13	1269.18	7973235
19/05/2022	1242	1256.25	1233.03	1239.93	6783641
20/05/2022	1256.25	1322.2	1251	1312.23	10057508
23/05/2022	1315.75	1326.78	1296.5	1303.45	7039144
24/05/2022	1303.5	1319	1298.85	1307.93	6243086
25/05/2022	1317.5	1328.35	1300.75	1306	5867760
26/05/2022	1312.2	1317.45	1274	1293.55	8252551
27/05/2022	1296.53	1302.58	1270.05	1287.55	7624888
30/05/2022	1307.5	1337	1297.1	1332.4	6393341
31/05/2022	1320.7	1339.4	1307.85	1316.33	32591420
01/06/2022	1317.15	1327.6	1308.1	1316.75	4512079
02/06/2022	1317	1366.23	1317	1362.15	10211408
03/06/2022	1372	1408.68	1371	1389.75	11048210
06/06/2022	1390	1407	1375.9	1383.78	5119488
07/06/2022	1384.95	1395.55	1376.03	1386.38	5703333
08/06/2022	1386.38	1390.5	1358.15	1362.03	5759172
09/06/2022	1355	1401.5	1355	1399.38	7973935
10/06/2022	1385.95	1394.95	1350.75	1357.13	8349943
13/06/2022	1325	1336.4	1308.15	1331.45	8131998
14/06/2022	1325.03	1335.93	1306.72	1314.05	6790653
15/06/2022	1308.78	1318.65	1292.2	1298.15	5166738
16/06/2022	1311.5	1329.53	1277	1280	7896943
17/06/2022	1280	1312.43	1278.05	1295	11286988
20/06/2022	1302.5	1308.55	1260.55	1271.53	5568825
21/06/2022	1280	1296.7	1264.15	1292.05	5408801
22/06/2022	1279.05	1279.15	1250.5	1252.8	4899839
23/06/2022	1257.53	1262.5	1222.5	1232.47	8974475
24/06/2022	1240	1255.5	1234	1250.03	6571866
27/06/2022	1272.47	1272.47	1240.78	1246.33	7141493
28/06/2022	1241.05	1266.97	1241.05	1263.85	6263867
29/06/2022	1253.6	1298.5	1250.5	1290.08	8863172
30/06/2022	1290	1307.95	1283	1297.83	10666627
01/07/2022	1287.45	1296	1182.5	1204.35	37841671
04/07/2022	1189.47	1221	1183.05	1206.85	19317335
05/07/2022	1211.5	1232.45	1208.55	1216.63	8144239
06/07/2022	1210.05	1220.97	1194	1205.93	11050026
07/07/2022	1212.95	1216.63	1187.5	1194.05	10753423
08/07/2022	1209	1209	1191.28	1195.7	8773162
11/07/2022	1188.25	1214.4	1185	1211.95	6390604
12/07/2022	1202	1219.85	1202	1210.22	4974502
13/07/2022	1213.65	1217	1186.5	1188.78	6564435
14/07/2022	1194	1216.97	1188.47	1198.58	7831798
15/07/2022	1207.5	1207.5	1191.55	1200.9	4431880
18/07/2022	1210.5	1212.5	1196.15	1211.13	6996757
19/07/2022	1200.15	1223.5	1200.15	1218.55	7587006
20/07/2022	1270	1271.25	1243.13	1251.5	11041036
21/07/2022	1247	1250	1233.65	1243.15	7625468
22/07/2022	1250	1258.15	1247.5	1251.55	5062651
25/07/2022	1233.72	1233.72	1201.5	1210.2	10665470
26/07/2022	1210.55	1221.95	1205.68	1210.75	5216466
27/07/2022	1209.97	1213.5	1201	1209.6	3994321
28/07/2022	1218	1233.97	1210.5	1228.55	5766936
29/07/2022	1237.35	1258.55	1232	1254.72	6982808
01/08/2022	1259.58	1293.88	1253.8	1287.43	7245568
02/08/2022	1286.25	1303.9	1280.78	1292.33	6423115
03/08/2022	1300	1305	1283.72	1303.18	6576824
04/08/2022	1305	1308.88	1267.5	1285.95	6676577
05/08/2022	1288	1289.4	1263.47	1267	6434433
08/08/2022	1265.5	1291.78	1265.5	1283.58	4691228
10/08/2022	1288.45	1294.95	1278.53	1291.25	4949442
11/08/2022	1301.55	1304.95	1290.1	1295.55	3783480
12/08/2022	1295.15	1320.68	1291.1	1316.5	5838244
16/08/2022	1323.1	1328.65	1313.65	1325.65	3049304
17/08/2022	1332.5	1338.45	1327.78	1332.58	3044037
18/08/2022	1330	1334.5	1320.1	1330.65	3419730
19/08/2022	1325	1330.85	1302.47	1306.93	4366123
22/08/2022	1308.5	1315.65	1293	1303.3	4371179
23/08/2022	1297	1326.6	1295.68	1323.4	4466619
24/08/2022	1320.05	1335	1317.68	1319.88	4785579
25/08/2022	1324.48	1331.45	1311.3	1316.03	3632902
26/08/2022	1316.5	1325	1303.5	1309	4957449
29/08/2022	1292.5	1327.5	1289.03	1298.83	9155684
30/08/2022	1307	1322.63	1288.3	1318.98	10678670
01/09/2022	1291.33	1302.47	1275.35	1280.2	9188434
02/09/2022	1280.2	1287.68	1262.85	1265.25	5999196
05/09/2022	1265.5	1290.75	1265.5	1284.9	5227785
06/09/2022	1286.5	1303	1286	1298.43	5030172
07/09/2022	1287.5	1297.45	1285	1290.88	3455942
08/09/2022	1294.13	1299	1285.5	1292.7	3256840
09/09/2022	1305	1305	1282	1284.65	3837302
12/09/2022	1285.28	1306	1285.28	1299.03	3431445
13/09/2022	1309	1314.85	1300.5	1309.88	4102114
14/09/2022	1287.5	1305	1286.38	1294.18	4004997
15/09/2022	1291.5	1301.78	1278.38	1281.35	4783723
16/09/2022	1271.88	1276.5	1245.5	1249.6	9330469
19/09/2022	1249.6	1261.35	1240.68	1251.22	3498286
20/09/2022	1261.22	1268.85	1247.35	1251.43	3881882
21/09/2022	1248.38	1266.5	1247.5	1254.88	4249172
22/09/2022	1243	1251.5	1236.05	1243.05	4757219
23/09/2022	1242.5	1247.97	1218.05	1219.75	4397194
26/09/2022	1197.03	1208.9	1187.58	1188.68	5759298
27/09/2022	1197	1213	1180.05	1198.13	7455448
28/09/2022	1180.18	1189	1163.55	1166.22	7844140
29/09/2022	1180	1183.75	1156.5	1162.65	6771046
30/09/2022	1155.5	1201	1155.5	1188.88	8589908
03/10/2022	1195.75	1208.47	1181.5	1184.75	5470030
04/10/2022	1198.9	1209	1195.08	1206.6	4129893
06/10/2022	1214.5	1225	1209.08	1211.05	6162021
07/10/2022	1207.33	1221.95	1207.33	1216.18	3560167
10/10/2022	1202.5	1208.8	1194	1202.9	2921076
11/10/2022	1207	1207	1175.55	1178.95	4252803
12/10/2022	1176	1190.85	1171.55	1187.63	3422992
13/10/2022	1185.7	1197	1180.05	1191.4	3382098
14/10/2022	1207.5	1208.18	1184.55	1185.35	4202459
17/10/2022	1177.5	1207	1171.8	1204.38	7720595
18/10/2022	1211	1231.5	1210.08	1225.63	5729899
19/10/2022	1227.25	1263.93	1220.85	1246.95	8882553
20/10/2022	1242.5	1259.5	1242.5	1250.3	4022919
21/10/2022	1253.85	1258.4	1233.5	1235.8	3804352
25/10/2022	1249.5	1249.5	1219	1220.78	5645639
27/10/2022	1229	1234.22	1216.4	1225.58	5774775
28/10/2022	1232.5	1267.5	1229.72	1263.08	8126824
31/10/2022	1270.5	1280.47	1266.1	1274.8	5731802
01/11/2022	1300	1300	1254	1264.93	6443999
02/11/2022	1266.15	1275.1	1257.5	1272.83	4145144
03/11/2022	1264.93	1279.78	1262.53	1277.58	3089026
04/11/2022	1276.95	1300	1275.55	1296.38	5803737
07/11/2022	1295.5	1305.15	1287	1303.3	5440967
09/11/2022	1305.15	1310.98	1295.03	1302	5193814
10/11/2022	1295	1298.28	1281.5	1286.25	2753420
11/11/2022	1300	1318	1294	1315.9	5681124
14/11/2022	1315.38	1321	1302.58	1309.53	4173395
15/11/2022	1311.15	1313.2	1295	1303.65	3270388
16/11/2022	1305	1307.97	1290.68	1296.18	4484007
17/11/2022	1292.47	1306.5	1290	1299.53	3074259
18/11/2022	1303.38	1304.5	1285.55	1298.83	2447425
21/11/2022	1294	1294	1271.55	1275.45	2949108
22/11/2022	1272.5	1284.25	1268.25	1282.53	3051201
23/11/2022	1287.5	1288.95	1276.13	1278.53	2959787
24/11/2022	1283	1297	1274.1	1289.55	4333225
25/11/2022	1294.5	1312.45	1291.05	1308.8	3391988
28/11/2022	1304.45	1360.53	1251	1353.78	14549929
29/11/2022	1351.98	1365.83	1347	1356.1	5103687
30/11/2022	1356.25	1372.73	1349.1	1365.68	12075137
01/12/2022	1370.9	1377.5	1358	1361.65	4377696
02/12/2022	1365	1374	1350.3	1361.08	5348595
05/12/2022	1356	1358.38	1339	1341.23	6843367
06/12/2022	1332.55	1348.5	1330.5	1345.1	3966243
07/12/2022	1342.5	1347.5	1321.08	1325.25	3905263
08/12/2022	1330	1332.5	1320.05	1324.63	3579858
09/12/2022	1323	1330	1300.93	1304.55	5840633
12/12/2022	1292.75	1311.5	1292.5	1306.55	4374946
13/12/2022	1306.55	1316.5	1303.35	1312.5	3845839
14/12/2022	1318.83	1319.48	1305.5	1307.75	3354618
15/12/2022	1301.25	1307.5	1285.5	1289.18	4009765
16/12/2022	1285.5	1309.4	1279.08	1282.8	7308934
19/12/2022	1290.5	1302	1283.35	1299.65	3567363
20/12/2022	1291.95	1313	1283	1310.9	3446291
21/12/2022	1310.5	1316.5	1288.05	1292.25	3935463
22/12/2022	1299	1302.33	1283.38	1288.9	3438692
23/12/2022	1281.65	1295.25	1246.13	1251.1	4733657
26/12/2022	1257.38	1271	1246.2	1262.03	2764496
27/12/2022	1265	1274.4	1257.63	1272.35	2659749
28/12/2022	1269	1274.9	1260.75	1272.22	3442509
29/12/2022	1263.5	1274.45	1262.75	1271.65	3198493
30/12/2022	1272.55	1288.5	1270.55	1273.6	3364092
02/01/2023	1275	1289.5	1274.1	1287.95	2453414
03/01/2023	1282.53	1286.5	1273.9	1278.53	3534596
04/01/2023	1278.5	1280.53	1257	1259.28	4275746
05/01/2023	1261.75	1268.2	1252	1257.03	6293519
06/01/2023	1263.33	1273.97	1259.15	1268.45	2930338
09/01/2023	1272.65	1301	1271.68	1298.4	4948549
10/01/2023	1303	1303	1273	1279.2	3713755
11/01/2023	1276.25	1279	1260.55	1263.08	5311657
12/01/2023	1262.43	1266.25	1232.5	1235.8	8163366
13/01/2023	1229.2	1236.45	1217.3	1233.8	9515473
16/01/2023	1236.35	1239.83	1213.5	1222.05	6287407
17/01/2023	1229	1241.5	1225.3	1239.4	4961585
18/01/2023	1236.75	1245.55	1230.18	1237.35	6206382
19/01/2023	1236.45	1240.58	1228.33	1236.03	5510333
20/01/2023	1237.5	1237.5	1218.63	1221.33	6890325
23/01/2023	1224.5	1233.1	1212.5	1215.15	5055324
24/01/2023	1220	1221.83	1193.68	1207.97	7609558
25/01/2023	1206.22	1207.35	1190	1191.28	5715684
27/01/2023	1192.2	1193.68	1155.83	1168.68	11920991
30/01/2023	1165.85	1185.95	1150.5	1179.88	10047822
31/01/2023	1191	1193.83	1170.5	1176.93	10472167
01/02/2023	1189.97	1189.97	1152.5	1169.95	8929007
02/02/2023	1159	1174	1155.5	1163.47	6305317
03/02/2023	1174.5	1174.5	1146.5	1164.5	11398850
06/02/2023	1157.5	1160.5	1152.9	1155.72	6847679
07/02/2023	1156	1163.7	1146.5	1152.95	6985001
08/02/2023	1156.5	1179.95	1153.5	1175.97	9765490
09/02/2023	1176.72	1185.43	1167	1178.03	6079228
10/02/2023	1177.45	1177.45	1160.65	1168.33	4979789
13/02/2023	1170.1	1175	1156.78	1161.68	4777674
14/02/2023	1164.97	1190.95	1161.83	1189.05	6609564
15/02/2023	1188	1218.6	1186.5	1215.97	15461902
16/02/2023	1224.72	1231.9	1212.53	1215.03	7967558
17/02/2023	1210	1223.75	1205.3	1220.1	5450092
20/02/2023	1222.5	1224.88	1205.05	1207.2	4078245
21/02/2023	1212	1223.4	1206.18	1217.05	6143298
22/02/2023	1212.97	1215	1187.53	1189.45	5087729
23/02/2023	1189	1197.38	1180.68	1183.75	4546655
24/02/2023	1186	1198.08	1184	1191.85	4353814
27/02/2023	1191	1194.83	1175.85	1183.93	5168667
28/02/2023	1178.05	1183.5	1156.83	1161.28	10150245
01/03/2023	1172	1172.75	1161.63	1171.95	5330852
02/03/2023	1168.5	1175.83	1160.8	1163.03	4307425
03/03/2023	1174.58	1196.72	1170.78	1192.7	6758115
06/03/2023	1200	1212.3	1200	1204.35	4694338
08/03/2023	1204.35	1209.5	1192.5	1208.68	7283694
09/03/2023	1208	1208.45	1177.55	1179.63	7492509
10/03/2023	1170.75	1172	1157.53	1161.35	6153681
13/03/2023	1164.5	1172	1137.5	1142.25	5894088
14/03/2023	1140	1152.47	1134.53	1137.97	7396699
15/03/2023	1142.05	1149.15	1113.7	1118.53	10027725
16/03/2023	1121.5	1127	1101.1	1112.95	8474595
17/03/2023	1122.38	1125.97	1106.35	1111.55	15697554
20/03/2023	1107.5	1110	1090	1100.63	9010595
21/03/2023	1109.47	1137	1108.5	1134.85	9876263
22/03/2023	1142.5	1145.72	1135	1138.3	5039622
23/03/2023	1134	1134.95	1121.53	1123.9	7499082
24/03/2023	1122.63	1125	1099	1101.65	5711497
27/03/2023	1108.75	1127	1100.1	1118.78	6486068
28/03/2023	1122.5	1128.25	1118.5	1124	5804018
29/03/2023	1119.5	1122.4	1105.55	1117.35	8678073
31/03/2023	1127.5	1171.72	1127.35	1165.53	13001005
03/04/2023	1172.5	1174.5	1157.5	1165.72	4750238
05/04/2023	1174	1174	1154.28	1162.93	7505339
06/04/2023	1159.08	1177	1159.08	1170.72	8507771
10/04/2023	1175	1175.2	1160.78	1162.43	5981688
11/04/2023	1167	1170.5	1162.03	1168.18	4865301
12/04/2023	1168.18	1183.9	1165.03	1173.33	8389646
13/04/2023	1176.5	1182.9	1171	1177.75	5712541
17/04/2023	1212.47	1212.47	1174.53	1183.72	8274452
18/04/2023	1188.5	1188.5	1163	1170.18	4802172
19/04/2023	1169.53	1178.95	1166.1	1176	5664207
20/04/2023	1177.05	1179.5	1166.05	1173.03	3233882
21/04/2023	1175.33	1180.5	1168.2	1174.5	3529236
24/04/2023	1187.5	1190.45	1174	1179	5970048
25/04/2023	1183	1190.3	1175.25	1188.03	4262471
26/04/2023	1189.5	1193.05	1177.03	1181.05	3977129
27/04/2023	1187.5	1192	1182	1188.53	4230627
28/04/2023	1191	1211.95	1190.88	1210.25	7183342
02/05/2023	1218.1	1222.9	1214.05	1220.53	5991101
03/05/2023	1222.5	1222.5	1206.53	1210.05	3259053
04/05/2023	1210.58	1226.43	1207.3	1224	3985159
05/05/2023	1220.5	1230.68	1218	1220.88	4036548
08/05/2023	1225	1241.83	1222.08	1235.95	4224469
09/05/2023	1237.5	1243.4	1231.63	1239.78	2983468
10/05/2023	1245	1249.93	1240.6	1248.3	5017544
11/05/2023	1249.47	1254.75	1238.28	1240.15	4872451
12/05/2023	1234.9	1243.7	1228.25	1242.18	3209889
15/05/2023	1244.95	1252.28	1236.58	1244.63	3153587
16/05/2023	1247	1249.8	1225.08	1226.9	4023000
17/05/2023	1231.5	1232.5	1214.5	1219.65	4060722
18/05/2023	1224.78	1228.5	1213.58	1217.03	4857531
19/05/2023	1217.03	1222.97	1209.43	1220.97	3715280
22/05/2023	1217.5	1233	1216.18	1227.5	3431208
23/05/2023	1230.33	1234	1225.72	1227.28	2811473
24/05/2023	1222.95	1232	1216.72	1220.13	3743804
25/05/2023	1216.95	1224.5	1208.03	1219.97	5301647
26/05/2023	1229	1254.5	1225.38	1253.25	5827017
29/05/2023	1260.5	1265	1253.6	1260.3	4619754
30/05/2023	1260.3	1268.85	1257.18	1259.97	5234564
31/05/2023	1250	1254.93	1230.5	1234.95	12510304
01/06/2023	1240.08	1242.45	1229	1231.63	6734525
02/06/2023	1235.5	1241.43	1225.5	1227.6	7291995
05/06/2023	1233.6	1241.88	1229.22	1238.63	5034355
06/06/2023	1241.72	1243.85	1231	1239.68	3458161
07/06/2023	1243.5	1250	1236.3	1249.08	4759238
08/06/2023	1253	1258.43	1245.5	1249.83	5570815
09/06/2023	1253.5	1254.28	1239	1240.97	2712243
12/06/2023	1237.75	1244.6	1232.5	1242.08	2949893
13/06/2023	1247.5	1261.72	1243.13	1260.43	5190958
14/06/2023	1260.5	1277.5	1258.5	1275.93	6127509
15/06/2023	1275.9	1281.28	1267.75	1276.28	5451926
16/06/2023	1280.1	1291.2	1280.1	1288.7	11155180
19/06/2023	1292	1292	1271.33	1275.9	3137532
20/06/2023	1273.78	1282	1267.5	1278.55	3194085
21/06/2023	1278.5	1284.93	1274	1282.15	3212779
22/06/2023	1278	1286.65	1266	1267.75	3516244
23/06/2023	1264.45	1266.7	1256	1257.38	3059084
26/06/2023	1253.5	1257.7	1244.35	1247.78	5833893
27/06/2023	1248.28	1254.75	1243.33	1248.22	4471687
28/06/2023	1256.5	1268.93	1248.93	1264.75	5239872
30/06/2023	1273.2	1278.33	1266.72	1275.13	5146441
03/07/2023	1279.03	1311	1277.68	1307.85	5609248
04/07/2023	1312.5	1312.5	1286.63	1294.38	3720447
05/07/2023	1304.5	1304.5	1287.9	1292.25	4729479
06/07/2023	1288.03	1322.23	1288.03	1319.38	8822948
07/07/2023	1317.5	1332.48	1314	1316.8	6172684
10/07/2023	1344.45	1378	1337.5	1367.53	15340262
11/07/2023	1376.45	1385	1368.8	1382.35	9262001
12/07/2023	1383.15	1401	1380.83	1383.88	8645662
13/07/2023	1391.95	1399.5	1368.63	1371.5	6776172
14/07/2023	1375	1380.45	1362.55	1370.35	6979790
17/07/2023	1373.5	1407.53	1364	1398.35	10254545
18/07/2023	1408.5	1418.73	1396.5	1410.23	11937761
19/07/2023	1415	1428	1398.5	1420.93	18054869
20/07/2023	1290	1315.48	1290	1309.93	19358812
21/07/2023	1304.5	1307.45	1261.8	1269.38	15124619
24/07/2023	1240.5	1257.47	1234.65	1243.7	11863933
25/07/2023	1247	1252.6	1240	1242.9	6013010
26/07/2023	1242.5	1273.5	1242.5	1263.1	6455506
27/07/2023	1267.03	1268.83	1245.18	1251.35	8613449
28/07/2023	1256.03	1271.43	1250.28	1263.93	10413926
31/07/2023	1263.93	1276.95	1258.97	1274.63	4275587
01/08/2023	1277.5	1279.5	1252.65	1256.6	4768316
02/08/2023	1254.6	1256	1231.8	1243.18	6374107
03/08/2023	1237.65	1250.45	1229.03	1237.95	5084175
04/08/2023	1249.4	1258	1235.8	1254.78	11442805
07/08/2023	1260.5	1264.2	1252.5	1261.93	2991435
08/08/2023	1264	1267.22	1249.78	1254.33	4922036
09/08/2023	1252.43	1264.5	1240.55	1262.6	5743293
10/08/2023	1262.47	1275	1254.22	1268.22	7735299
11/08/2023	1266.22	1279.43	1256.18	1273.58	11089665
14/08/2023	1269.5	1291.15	1262.5	1288.63	4787906
16/08/2023	1275.5	1291.4	1275.5	1287.58	5101556
17/08/2023	1283.55	1289.05	1266.43	1269	6836872
18/08/2023	1265.63	1288.8	1254.28	1278.4	9319989
21/08/2023	1269.97	1277.72	1257.83	1260	4610873
22/08/2023	1258.45	1268.97	1249.5	1259.7	3856522
23/08/2023	1262.1	1271.43	1258.47	1261.1	4758976
24/08/2023	1269.95	1269.95	1235.5	1239.9	7070010
25/08/2023	1228	1252.5	1221.3	1234.18	11111200
28/08/2023	1236	1242	1215.55	1221.88	6290413
29/08/2023	1226.03	1226.72	1204.08	1210.18	8438322
30/08/2023	1216	1221.5	1207.5	1209.03	6084473
31/08/2023	1211.5	1212.5	1199.95	1203.5	10819300
01/09/2023	1203.28	1212.83	1200.83	1206.33	9056421
04/09/2023	1206.33	1211.83	1202.65	1205.35	4673813
05/09/2023	1210	1216.97	1206.22	1211.8	4337938
06/09/2023	1210.55	1218.08	1208.63	1214.35	4100185
07/09/2023	1210.85	1219.13	1205.5	1216	6826286
08/09/2023	1220	1228	1211.47	1224.1	11554644
11/09/2023	1226	1238.43	1226	1237.3	6635537
12/09/2023	1241.5	1241.5	1217.97	1219.43	8127833
13/09/2023	1220	1231.33	1213.13	1225.53	6401669
14/09/2023	1230	1232.9	1222.5	1226.65	4604818
15/09/2023	1234	1234	1224.75	1228.93	12734296
18/09/2023	1220.03	1225.5	1216.03	1218.22	3758150
20/09/2023	1211.53	1213.8	1177.5	1191.08	28540942
21/09/2023	1187.47	1195.05	1180	1182.4	6113091
22/09/2023	1188	1191.22	1175	1177.47	9588393
25/09/2023	1175.2	1180.35	1167.55	1170.22	7127442
26/09/2023	1169.28	1175.1	1167.8	1171.25	5043891
27/09/2023	1171.75	1185.9	1169.25	1184.45	5861389
28/09/2023	1191.5	1191.5	1162.5	1167.05	7259173
29/09/2023	1170.9	1184.55	1167.05	1172.5	6171007
03/10/2023	1164.97	1167.8	1158	1159.08	4429528
04/10/2023	1154.5	1159.5	1147.55	1157.08	5143193
05/10/2023	1159.63	1164.7	1154.5	1157.05	5476841
06/10/2023	1158.53	1162.4	1156.03	1159	2715513
09/10/2023	1154.05	1155.97	1147.5	1149.13	3788439
10/10/2023	1153.28	1158.95	1151.88	1154.2	5118016
11/10/2023	1157.22	1174.85	1156.5	1172.53	4907059
12/10/2023	1171.93	1179.68	1169.08	1174.7	6277225
13/10/2023	1170	1178.75	1164.58	1174.65	5075158
16/10/2023	1172.5	1177.28	1168	1172.03	2964518
17/10/2023	1178	1179.85	1170.65	1177.63	3964090
18/10/2023	1177.63	1183.5	1160.5	1162	4459160
19/10/2023	1156	1160.9	1150.5	1153.08	6016278
20/10/2023	1150	1157.35	1148.15	1149.55	4456656
23/10/2023	1145	1153.13	1127.63	1131.6	3926981
25/10/2023	1125.03	1140.6	1121.5	1128.97	5810344
26/10/2023	1125.5	1129	1110.15	1113.25	7611267
27/10/2023	1120	1136.75	1117.97	1132.9	5885542
30/10/2023	1137	1162.5	1134.97	1156.25	8406652
31/10/2023	1164	1164	1141.45	1143.95	6404219
01/11/2023	1144.58	1158.75	1137.6	1148.7	5154595
02/11/2023	1156.97	1162.15	1153.97	1160.1	5281052
03/11/2023	1163.6	1167.47	1157.88	1159.85	4425078
06/11/2023	1166.15	1170	1162.8	1169.5	5323652
07/11/2023	1167.03	1169.55	1159.78	1161.9	3480102
08/11/2023	1166	1170.5	1160.88	1167.95	3942247
09/11/2023	1167.93	1167.95	1152.1	1155.28	7256805
10/11/2023	1152.78	1158.18	1149.03	1157.45	3867477
13/11/2023	1161.45	1162.3	1155.85	1157.3	1927405
15/11/2023	1170	1180.97	1163.5	1178.22	6110324
16/11/2023	1175.55	1187.08	1173.47	1180.35	6567455
17/11/2023	1176.45	1186.63	1176.03	1177.78	3879317
20/11/2023	1174.28	1179.2	1168.2	1174.68	2245093
21/11/2023	1183	1194	1180.1	1189.45	4107225
22/11/2023	1187.5	1197.22	1186.1	1194.1	4267407
23/11/2023	1194.1	1200	1194.1	1197.75	4265771
24/11/2023	1195.8	1201.3	1195.53	1196.95	3374743
28/11/2023	1196.95	1199.85	1187.63	1197.2	6896087
29/11/2023	1204	1205.97	1199.03	1200.35	6265653
30/11/2023	1197.35	1200.35	1184.95	1188.72	14219992
01/12/2023	1189	1198.2	1188.8	1197.15	7171421
04/12/2023	1225	1225	1199.3	1210.1	7795495
05/12/2023	1219.5	1220.43	1210.83	1218.88	6346812
06/12/2023	1223.55	1236.47	1217.5	1230.55	8211221
07/12/2023	1230	1230.47	1221	1228.53	4071048
08/12/2023	1231.93	1238.35	1222.5	1227.88	5102447
11/12/2023	1228	1233.8	1226.2	1229.68	3533069
12/12/2023	1230	1232.47	1210.08	1212.03	4598562
13/12/2023	1211	1219.18	1203.15	1216.97	5015591
14/12/2023	1227	1237.47	1221.33	1232.08	8486177
15/12/2023	1239	1250	1235.03	1247.8	7966076
18/12/2023	1247.8	1267.45	1245.47	1260.5	7082594
19/12/2023	1277.5	1286.95	1262.6	1279.05	8410302
20/12/2023	1285.53	1299.43	1260	1263.58	8868361
21/12/2023	1263.5	1286.75	1259.13	1281.28	6882727
22/12/2023	1279.8	1290.45	1273.83	1282.53	8270892
26/12/2023	1284	1295.97	1281.35	1289.03	3732832
27/12/2023	1291	1299.95	1286.55	1293.43	4602078
28/12/2023	1294.9	1306	1293.43	1302.78	6151318
29/12/2023	1305.55	1307	1289.65	1292.47	5432292
01/01/2024	1290.28	1303.43	1286.58	1295.13	2015270
02/01/2024	1292.5	1307.5	1286.5	1305.85	3724400
03/01/2024	1305	1317	1288.6	1291.65	4518768
04/01/2024	1294	1304.93	1289.55	1298.33	4806389
05/01/2024	1301.45	1309.93	1299	1303.85	4043203
08/01/2024	1305	1315.98	1284.47	1293.68	3867326
09/01/2024	1300	1303.4	1288.6	1290.25	2701537
10/01/2024	1288.5	1329.5	1287.53	1325.05	5551370
11/01/2024	1329.5	1362.5	1328.5	1359.9	11862926
12/01/2024	1359.9	1373.33	1345.75	1370.73	7506082
15/01/2024	1375	1396.45	1366	1394.13	4305297
16/01/2024	1389.98	1396.3	1370.5	1374.63	4534512
17/01/2024	1359.5	1386.28	1355.03	1361.58	6098691
18/01/2024	1351.4	1371	1351.25	1367.95	5139719
19/01/2024	1376	1376	1359	1367.45	5211352
23/01/2024	1371.75	1371.75	1322.55	1328.58	10027710
24/01/2024	1335.23	1349.5	1323.93	1343.88	10959564
25/01/2024	1342.95	1364.15	1335.2	1353.08	5904436
29/01/2024	1364.5	1452.5	1360.18	1448.05	11946719
30/01/2024	1459.95	1459.98	1404.43	1407.63	7046989
31/01/2024	1404	1434.25	1402.5	1426.63	7565113
01/02/2024	1435	1443.35	1418.05	1426.65	6674681
02/02/2024	1433.18	1474.9	1433.18	1457.7	9826294
05/02/2024	1460.75	1470.5	1431.53	1439.03	4407216
06/02/2024	1441.85	1441.85	1419.83	1427.8	4523992
07/02/2024	1435.93	1449.5	1429.25	1442.15	4648284
08/02/2024	1450	1459.48	1427.53	1450.13	7347317
09/02/2024	1454	1471.98	1450.95	1460.75	6278399
12/02/2024	1460.75	1461	1442.35	1452.35	3337215
13/02/2024	1455.5	1479	1454	1465.1	3857797
14/02/2024	1457.5	1483.65	1457.5	1481.38	3558944
15/02/2024	1483.35	1484.73	1466.53	1470.6	5003391
16/02/2024	1476.48	1477	1458.55	1460.58	4883749
19/02/2024	1462.05	1479.5	1453.53	1474	3364914
20/02/2024	1475.03	1475.5	1461.8	1471.03	3558748
21/02/2024	1474	1488.53	1457.55	1467.7	6360146
22/02/2024	1468.15	1484.95	1458	1481.75	9246864
23/02/2024	1489.5	1497.55	1483.35	1493.63	7219292
26/02/2024	1493.55	1494.53	1482.5	1487.33	3756553
27/02/2024	1483.03	1499.95	1478.05	1485.65	5413022
28/02/2024	1483	1491.28	1450.18	1455.63	4323975
29/02/2024	1465	1478.98	1454.53	1460.8	11814488
01/03/2024	1463.5	1500	1462.5	1492.13	6066463
04/03/2024	1490.48	1512.45	1487.23	1507.4	5012210
05/03/2024	1505.78	1507.4	1486.05	1500.2	3553834
06/03/2024	1493.45	1509	1478.5	1503	3902838
07/03/2024	1502.98	1503.1	1475.55	1478.93	4157863
11/03/2024	1489	1489	1463.5	1466.6	5638565
12/03/2024	1466.6	1488	1465.03	1475.43	4716339
13/03/2024	1479.78	1483.1	1427.78	1432.18	6761067
14/03/2024	1439.7	1448.53	1425.5	1431.48	9285551
15/03/2024	1425.95	1433.23	1412.9	1418.23	9611909
18/03/2024	1420	1441.73	1416.53	1439.48	4584696
19/03/2024	1428.75	1437.6	1417.25	1425.25	4137882
20/03/2024	1427.95	1445	1424.03	1443.75	4244403
21/03/2024	1452.53	1457.9	1444.68	1450.98	6503468
22/03/2024	1449.98	1460	1447.35	1455.03	9763804
26/03/2024	1445	1452.4	1439	1441.58	5707953
27/03/2024	1448	1500	1447	1492.85	8163322
28/03/2024	1492.88	1505.95	1478.65	1485.85	10927182
01/04/2024	1492.48	1493.98	1482.5	1484.78	2506940
02/04/2024	1484	1494	1475	1486.95	4455083
03/04/2024	1482.08	1484.45	1468.9	1471.6	3504146
04/04/2024	1479.75	1479.75	1450	1462.93	7245136
05/04/2024	1460.88	1470.8	1456	1460.1	3721149
08/04/2024	1462.98	1490.98	1461	1485.98	4178559
09/04/2024	1489	1489.8	1462.5	1463.65	3535707
10/04/2024	1466.35	1487	1466.35	1479.58	4569165
12/04/2024	1475.88	1486.48	1463.08	1467.15	7775506
15/04/2024	1461	1482.13	1446.33	1464.83	6451031
16/04/2024	1453.35	1471.18	1450.93	1465.75	4683092
18/04/2024	1463.5	1486	1459.35	1464.33	9502846
19/04/2024	1456.78	1474	1443.03	1470.13	7870889
22/04/2024	1472.45	1482.83	1467.8	1479.85	5175181
23/04/2024	1479	1493.5	1455.55	1459.33	7302777
24/04/2024	1463.5	1468.55	1449.5	1450.18	5231388
25/04/2024	1442.5	1467.98	1441.5	1459.98	7971963
26/04/2024	1463.95	1465	1450	1452.55	4706924
29/04/2024	1450	1467.9	1450	1465.03	3623987
30/04/2024	1468	1483.08	1462.88	1467	5737131
02/05/2024	1472	1477.33	1464.13	1466.55	7256323
03/05/2024	1471	1474.95	1416.15	1434	8613479
06/05/2024	1435.5	1440	1418	1419.53	3697104
07/05/2024	1415.98	1420.75	1392	1401.48	7258736
08/05/2024	1397.5	1432.95	1397.5	1418.55	4719501
09/05/2024	1413	1423.75	1390	1394.13	5504806
10/05/2024	1396.75	1410	1388.08	1407.43	5252548
13/05/2024	1399.9	1406.98	1384	1402.7	4228310
14/05/2024	1400.98	1427.08	1400.03	1420.08	3594150
15/05/2024	1420.5	1429.98	1413.03	1416.28	2523267
16/05/2024	1418.55	1427.5	1398.03	1425.35	7355887
17/05/2024	1423.05	1437.2	1413.25	1435.7	5458238
21/05/2024	1425.6	1441.83	1425.6	1436.13	5588064
22/05/2024	1436.28	1468.78	1436.28	1460.65	5140802
23/05/2024	1458.55	1492.23	1455	1486.05	7304130
24/05/2024	1483.63	1488.5	1476.1	1480.25	3547388
27/05/2024	1480.23	1484.9	1461.55	1466.25	3314505
28/05/2024	1468	1478.5	1452.75	1456.2	3910081
29/05/2024	1446.5	1458	1438.45	1440.78	3691778
30/05/2024	1435.5	1440.4	1420.1	1424.85	6603429
31/05/2024	1431.3	1442.25	1422.25	1430.4	15534916
03/06/2024	1483	1514.5	1459	1510.33	10763971
04/06/2024	1498.05	1498.05	1359.3	1397.28	18354549
05/06/2024	1422	1431.15	1384.1	1420.75	8732445
06/06/2024	1435	1443.7	1421.35	1431.6	8927861
07/06/2024	1428.5	1472	1426.5	1469.95	9279348
10/06/2024	1469.95	1493.35	1468.08	1471.4	4625880
11/06/2024	1469	1473.68	1454.68	1456.68	5887451
12/06/2024	1457.5	1476	1455.18	1463.33	5040871
13/06/2024	1472	1472.25	1460.1	1465.25	4590580
14/06/2024	1470	1479.68	1457.23	1477.55	4078999
18/06/2024	1487.35	1487.4	1471.35	1481.03	3598383
19/06/2024	1487.5	1487.5	1456	1458.65	4362937
20/06/2024	1459	1482.85	1450.1	1473.7	8056888
21/06/2024	1473.63	1474.7	1440.58	1454.2	15585180
24/06/2024	1445.53	1449.5	1437.5	1441.48	4439193
25/06/2024	1443	1455.93	1441	1454.15	3522693
26/06/2024	1446.05	1518.98	1445.13	1514.03	11007441
27/06/2024	1513.75	1537.5	1506	1530.55	14191515
28/06/2024	1531.03	1581	1531.03	1565.4	14478668
01/07/2024	1562.53	1579.4	1555.68	1560.15	3862153
02/07/2024	1569.5	1573.5	1557	1565.18	3874623
03/07/2024	1566.33	1575	1542.78	1552.43	4524810
04/07/2024	1557	1567.5	1550.8	1554.03	3418588
05/07/2024	1553.83	1598.5	1548	1588.63	6134855
08/07/2024	1589	1608.8	1582.53	1600.9	4750403
09/07/2024	1597.6	1600.5	1580.5	1590.28	3480001
10/07/2024	1595	1597.5	1563.15	1584.23	3567289
11/07/2024	1587.5	1604.25	1570.5	1580.65	5970473
12/07/2024	1584.5	1605.15	1574.5	1596.73	6462392
15/07/2024	1604.45	1605.85	1585.5	1597.23	2664844
16/07/2024	1593.5	1600	1569.13	1576.25	4693419
18/07/2024	1576	1593.9	1557.83	1586.68	6149187
19/07/2024	1586	1589.98	1552.8	1555.15	6570195
22/07/2024	1537.25	1537.5	1499.28	1500.68	9837188
23/07/2024	1501	1505.75	1463	1487.9	9026022
24/07/2024	1485	1509.5	1476.4	1495.7	5956681
25/07/2024	1481	1500.48	1477.08	1492.4	6259938
26/07/2024	1492.4	1512.43	1490.35	1509.03	4929970
29/07/2024	1511.95	1527.5	1511.78	1520.1	3769275
30/07/2024	1517.03	1525	1510	1513.15	4114104
31/07/2024	1504	1510.45	1501.15	1505.43	5028673
01/08/2024	1512	1518	1504.3	1515.3	5382111
02/08/2024	1505	1509.33	1493.28	1499.33	5134124
05/08/2024	1480	1483.9	1433.25	1447.33	8523352
06/08/2024	1455.15	1477.5	1451.33	1456.05	5118093
07/08/2024	1469	1472.5	1461.5	1464.83	4087284
08/08/2024	1457.53	1465	1445.93	1449.13	6193596
09/08/2024	1460	1476.5	1456	1474.3	3124888
12/08/2024	1470	1473	1457.75	1460.63	4092292
13/08/2024	1460.75	1470.08	1458	1463.63	3132532
14/08/2024	1463.55	1472	1453.7	1461.85	3133733
16/08/2024	1468.65	1480.4	1458.05	1478.2	4708451
19/08/2024	1482.5	1498.3	1480.5	1488.4	6898871
20/08/2024	1497.23	1503.93	1490.03	1495.95	4205904
21/08/2024	1493.25	1507.88	1490	1498.68	3884998
22/08/2024	1503	1506.5	1490.65	1498.13	5222891
23/08/2024	1503.75	1511.33	1498.43	1499.98	4624827
26/08/2024	1506.98	1523	1503	1512.6	4408057
27/08/2024	1510.5	1513.48	1499.45	1500.45	3125578
28/08/2024	1505	1507.48	1493	1498.3	4805143
29/08/2024	1503.1	1537	1494	1520.93	19167679
30/08/2024	1534	1539.73	1503.33	1509.63	20810365
02/09/2024	1510.88	1526.8	1506.63	1516.25	5620426
03/09/2024	1521.25	1523	1507.5	1509.13	5461900
04/09/2024	1500.7	1517.5	1499.5	1514.55	5991652
05/09/2024	1519.05	1525.78	1487.05	1492.98	8132084
06/09/2024	1492.5	1497	1461.63	1464.83	9697114
09/09/2024	1466.5	1469.93	1455.6	1462.45	4505149
10/09/2024	1460.5	1472.05	1457.58	1461.53	5384130
11/09/2024	1463.05	1468.75	1447.55	1451.5	4880101
12/09/2024	1457	1486	1445.88	1479.8	11174688
13/09/2024	1476.4	1483.15	1469.5	1472.63	4355664
16/09/2024	1477.55	1480.9	1464.75	1471.35	2740887
17/09/2024	1474	1477.48	1466.63	1472.3	2967664
18/09/2024	1470	1482	1460.55	1463.45	4287357
19/09/2024	1466.25	1476.5	1455.55	1469.68	8477951
20/09/2024	1474	1495	1471.38	1485.93	15448660
23/09/2024	1491	1501.5	1488.95	1493.38	4416157
24/09/2024	1488.5	1500.5	1487.88	1489.38	8568722
25/09/2024	1483.9	1496.5	1480.2	1493.95	3534501
26/09/2024	1490.65	1504	1488.05	1497.95	9409499
27/09/2024	1499	1533.48	1492	1526.18	10298739
30/09/2024	1519.4	1524.98	1474.4	1476.58	13504407
01/10/2024	1480.65	1487.95	1462.83	1464.83	8215821
03/10/2024	1436.58	1449.4	1402.08	1406.98	18878647
04/10/2024	1403.93	1417.35	1381.78	1386.53	18536438
07/10/2024	1393.5	1396.5	1361.38	1370.73	11090670
08/10/2024	1372.98	1401	1365.1	1397.35	8510404
09/10/2024	1397.53	1400.98	1372.5	1374.6	7155305
10/10/2024	1380.03	1386	1369.43	1371.05	11179323
11/10/2024	1370	1383.28	1368.83	1372.1	3990061
14/10/2024	1379.45	1380.08	1368.25	1372.53	6110716
15/10/2024	1358.53	1371.7	1340.7	1344.03	16881397
16/10/2024	1340	1364	1337.63	1354.08	10017219
17/10/2024	1365.7	1368.45	1352.05	1356.43	7771830
18/10/2024	1352.18	1368.43	1341.33	1359.3	6041226
21/10/2024	1367.13	1374	1357.73	1369.2	7033704
22/10/2024	1369.2	1376	1340.23	1343.35	7915980
23/10/2024	1337.5	1357.48	1335	1338.53	8607371
24/10/2024	1335.28	1343.7	1323.13	1339.8	11077967
25/10/2024	1343.5	1344.35	1322	1327.85	9298748
28/10/2024	1337	1353	1322.1	1334.35	10824350
29/10/2024	1328.1	1343.2	1320.3	1340	12008361
30/10/2024	1335	1350	1325.35	1343.9	11984423
31/10/2024	1340	1343	1326.15	1332.05	9331650
04/11/2024	1337.85	1340	1285.1	1302.15	19796890
05/11/2024	1293	1309.55	1286.15	1305.3	16267479
06/11/2024	1310	1328.3	1300.2	1325.35	21625209
07/11/2024	1324	1324	1302.6	1305.65	9611974
08/11/2024	1297.65	1301.65	1275	1283.75	19814406
11/11/2024	1278.95	1286	1267	1272.7	9056552
12/11/2024	1275.55	1289.3	1267.5	1274.25	10671091
13/11/2024	1270.25	1275.45	1249.5	1252.05	14633633
14/11/2024	1253.6	1272.6	1251.1	1267.6	12612633
18/11/2024	1267.6	1272.9	1243.9	1260.75	13620611
19/11/2024	1260.75	1281.5	1235.15	1241.65	14183746
21/11/2024	1241.65	1243.95	1217.25	1223	19433843
22/11/2024	1229.4	1268.85	1222.45	1265.4	20471957
25/11/2024	1290	1304.45	1282.45	1287	28923341
26/11/2024	1294.95	1297.85	1284.2	1295.7	9247557
27/11/2024	1293.5	1303.85	1286	1293.2	9572746
28/11/2024	1289.95	1296.6	1269.05	1270.8	15027412
29/11/2024	1280	1299.5	1275.25	1292.2	13202307
02/12/2024	1288	1311.35	1277.05	1309.15	11024152
03/12/2024	1317	1326.8	1307	1323.3	16869482
04/12/2024	1326	1328.4	1304.05	1308.95	19608540
05/12/2024	1314.35	1329.95	1306.15	1322.05	16858723
06/12/2024	1323.9	1323.9	1310	1311.55	9037514
09/12/2024	1303	1315	1293.1	1295.15	14650002
10/12/2024	1289.25	1294.9	1280.2	1284.85	16043729
11/12/2024	1285	1290	1276.05	1278.2	11724373
12/12/2024	1270	1278.2	1260.6	1262.9	20906813
13/12/2024	1260	1275.2	1239.6	1272.85	28630222
16/12/2024	1275	1281	1266.55	1268.3	9486781
17/12/2024	1261.05	1263.9	1242.8	1245.3	17462791
18/12/2024	1240.65	1259.95	1240.65	1253.25	12670179
19/12/2024	1239	1244.9	1229	1230.45	14244653
20/12/2024	1224	1239.5	1201.5	1205.3	20312896
23/12/2024	1215	1227.2	1213.2	1222.3	10052824
24/12/2024	1222.3	1233.55	1221	1222.75	6734917
26/12/2024	1224.25	1227.7	1214.25	1216.55	10016178
27/12/2024	1218.3	1227.9	1217	1221.05	7000397
30/12/2024	1216.4	1223.2	1208.1	1210.7	8818766
31/12/2024	1208	1219.1	1206.15	1215.45	6405475
01/01/2025	1214.85	1226.3	1211.6	1221.25	5892590
02/01/2025	1221.25	1244.45	1220	1241.8	15486276
03/01/2025	1243.9	1262.05	1235.5	1251.15	15521102
06/01/2025	1253.95	1262	1215	1218	14816766
07/01/2025	1222	1244.5	1221.25	1240.85	10070505
08/01/2025	1249	1271.05	1245.35	1265.5	19346579
09/01/2025	1267	1269.75	1248.05	1254.75	12794704
10/01/2025	1253.85	1256.75	1236	1241.9	8120332
13/01/2025	1230	1245.25	1226.4	1239.85	13764861
14/01/2025	1244.1	1253.35	1227.25	1238.75	13095266
15/01/2025	1244.95	1257	1241.85	1252.2	9578856
16/01/2025	1258.9	1275	1251.3	1266.45	14117603
17/01/2025	1322.25	1326	1285	1302.35	29366277
20/01/2025	1316	1316	1300.25	1305.45	14040244
21/01/2025	1310.5	1313	1270.2	1273.7	14562976
22/01/2025	1278.3	1282.9	1268.7	1277.1	10273590
23/01/2025	1270	1277.35	1261.6	1263.65	8720682
24/01/2025	1266	1273	1243.5	1246.3	14235970
27/01/2025	1239.1	1240.45	1220	1229.35	9536019
28/01/2025	1238	1244.75	1218.5	1234.4	10568025
29/01/2025	1236	1242.75	1228.05	1235.5	5928156
30/01/2025	1235.55	1257	1232.4	1253.05	9269259
31/01/2025	1255.85	1267	1249	1265.1	6584612
03/02/2025	1251	1256	1237.55	1245.9	9252345
04/02/2025	1248.05	1288.8	1246.6	1285.2	16691069
05/02/2025	1282.65	1290.5	1276.7	1278.2	10112028
06/02/2025	1273.7	1288	1270.35	1281.55	9956001
07/02/2025	1276.15	1283.7	1262	1266.7	8764283
10/02/2025	1264.5	1266.5	1245.55	1253.65	6970972
11/02/2025	1264.55	1264.55	1230.1	1234.85	8859714
12/02/2025	1219.45	1226.9	1193.35	1216.55	21131654
13/02/2025	1217.05	1228	1212	1216.1	8511216
14/02/2025	1219	1224	1205.45	1217.25	10298145
17/02/2025	1211.1	1227.5	1204.5	1224.9	8166683
18/02/2025	1224.85	1229.9	1216.1	1225.4	6673250
19/02/2025	1219.5	1232.75	1217.55	1227.45	6217338
20/02/2025	1223.95	1239.35	1222	1233	7795582
21/02/2025	1228.7	1240	1222.15	1228.15	6904025
24/02/2025	1216.55	1223.25	1210.5	1214.55	7172498
25/02/2025	1211	1221	1201.5	1204	11552182
27/02/2025	1212.8	1215	1200.65	1207.1	11509215
28/02/2025	1202	1217.35	1193.3	1200.1	23007298
03/03/2025	1204	1206.45	1156	1171.25	17944938
04/03/2025	1162.2	1174	1159.55	1161.9	11377373
05/03/2025	1161	1183	1157	1175.6	8664095
06/03/2025	1197	1213.95	1185.15	1209.6	14468014
07/03/2025	1216	1254.8	1212	1249.8	16474965
10/03/2025	1245	1258	1235.4	1238.4	11931051
11/03/2025	1240	1249.5	1229.75	1247.3	10089838
12/03/2025	1258	1263	1244	1257.05	11977555
13/03/2025	1260.05	1264.15	1243.85	1247.9	9505270
17/03/2025	1242.15	1257.4	1233.1	1238.85	16640952
18/03/2025	1244.7	1248.35	1235	1238.8	15745877
19/03/2025	1241.05	1253.25	1238.8	1247.15	16162399
20/03/2025	1251.85	1273	1250.05	1269.15	15971477
21/03/2025	1275	1281	1270.1	1276.35	21780769
24/03/2025	1291	1306	1284.25	1302.1	20299319
25/03/2025	1307.7	1307.7	1282.6	1285.45	13713899
26/03/2025	1291	1293.8	1268.75	1273.05	12074747
27/03/2025	1278.15	1285	1271.3	1278.2	15028056
28/03/2025	1280	1295.75	1269	1275.1	18147129
01/04/2025	1264.6	1277.9	1249.3	1252.6	12099648
02/04/2025	1247.55	1255.55	1243.9	1251.15	10142590
03/04/2025	1233.05	1251.8	1233.05	1248.7	7434366
04/04/2025	1241.1	1245.45	1193.15	1204.7	17908652
07/04/2025	1132.2	1171.25	1114.85	1165.7	22156106
08/04/2025	1172	1196.6	1163.3	1182.2	19555040
09/04/2025	1169.5	1189.8	1168	1185.35	10223104
11/04/2025	1195.15	1222.65	1195.15	1218.95	11224242
15/04/2025	1251	1251	1237.1	1240.1	13378535
16/04/2025	1234.1	1240.9	1229	1239.3	8248464
17/04/2025	1240.2	1280.2	1227.6	1274.5	15398401
21/04/2025	1270	1300.9	1267	1295.5	10429964
22/04/2025	1300	1303.9	1286.3	1291.2	13051707
23/04/2025	1297	1306	1285.4	1300	10480888
24/04/2025	1292.4	1304.5	1290.3	1301.6	10468940
25/04/2025	1303.5	1325.2	1288.1	1300.4	14431012
28/04/2025	1340	1374.6	1320.2	1368.8	31104496
29/04/2025	1371	1410.9	1370	1399.7	32538970
30/04/2025	1402	1412.4	1369	1405	25480745
02/05/2025	1414	1426.7	1409.1	1422.4	13007841
05/05/2025	1431	1439.5	1426.9	1431.3	12685649
06/05/2025	1431	1432	1410.6	1420.9	14084117
07/05/2025	1420.9	1424.4	1402.7	1406	13440169
08/05/2025	1404.1	1420.8	1398	1407	16106175
09/05/2025	1385.5	1394.8	1374.5	1377.2	13668904
12/05/2025	1400	1439	1400	1436.5	10674081
13/05/2025	1433.5	1447.7	1412.4	1415.7	11407896
14/05/2025	1420	1429.9	1415.5	1424.4	5570160
15/05/2025	1425	1461.4	1412.7	1454.2	20177211
16/05/2025	1453.2	1461	1447.3	1456.4	9036695
19/05/2025	1452.1	1454.6	1438.2	1440.8	6195791
20/05/2025	1438.2	1445	1421.8	1424.6	11270560
21/05/2025	1423.9	1436.2	1418.1	1429.2	6136364
22/05/2025	1421.2	1423.8	1396.9	1409.4	12134466
23/05/2025	1406.6	1433.8	1406.6	1426.8	6474883
26/05/2025	1432	1441	1425.1	1434.8	4842944
27/05/2025	1426.1	1437	1413.9	1422.1	12640414
28/05/2025	1420.1	1422.6	1410.7	1412.9	5944611
29/05/2025	1412.1	1420	1408.6	1417.8	13771917
30/05/2025	1418	1430.6	1409.7	1420.9	13788484
02/06/2025	1412.1	1417.5	1395.6	1413.7	8098668
03/06/2025	1422.3	1426.5	1403.4	1405.5	11252626
04/06/2025	1414.7	1425.7	1406.1	1423.5	8126827
05/06/2025	1428	1454.7	1423.6	1442.4	13716817
06/06/2025	1441	1451.5	1437	1443.5	8182161
09/06/2025	1457	1457.5	1445.3	1448.8	7885125
10/06/2025	1450	1453.9	1436	1438.5	7913181
11/06/2025	1445.8	1468.6	1443.1	1448.9	8195700
12/06/2025	1453.5	1457	1434.4	1441.6	8828114
13/06/2025	1424	1435.5	1414.3	1427.9	9757276
16/06/2025	1426.9	1442.4	1424.4	1437.8	8458093
17/06/2025	1448	1448	1425.8	1431.2	10366599
18/06/2025	1430	1442.8	1425.7	1430.1	6681735
19/06/2025	1430.1	1439.9	1425.7	1433.3	10007230
20/06/2025	1431	1471	1428.1	1466.2	29010635
23/06/2025	1453	1463.8	1442	1456.8	5989078
24/06/2025	1465	1475	1443.1	1450.8	16402744
25/06/2025	1464	1472.4	1460.5	1467.3	7525851
26/06/2025	1469.1	1498.8	1465.1	1495.3	14657893
27/06/2025	1499.4	1522	1496.9	1515.4	11117052
30/06/2025	1513.8	1524.8	1496	1500.6	8409527
01/07/2025	1500.6	1531.4	1500.1	1528.4	10368523
02/07/2025	1528.4	1530	1508.7	1518.8	6361002
03/07/2025	1520.8	1531.9	1513	1517.8	11283291
04/07/2025	1524	1530	1517.2	1527.3	6603501
07/07/2025	1526.6	1544.8	1525	1541.5	7251074
08/07/2025	1536	1544.9	1530.2	1537.6	7171261
09/07/2025	1536.7	1551	1510.1	1519	8870660
10/07/2025	1519.7	1524.7	1507.5	1517.2	10047129
11/07/2025	1512	1515	1490.3	1495.2	7234991
14/07/2025	1492.2	1500	1479.1	1483.7	10311846
15/07/2025	1486.2	1496.5	1482.4	1485.4	8132454
16/07/2025	1473	1491	1471.5	1485.6	10409983
17/07/2025	1487.4	1489.6	1473.9	1476.4	11854613
18/07/2025	1484.8	1484.8	1469.1	1476	10296318
21/07/2025	1465	1476	1423.1	1428.6	22442744
22/07/2025	1427.4	1431.9	1410.7	1412.8	20396320
23/07/2025	1426	1426	1414.4	1424.6	8354596
24/07/2025	1419.2	1423	1396	1402.9	14740507
25/07/2025	1398.9	1401	1384.1	1391.7	11854722
28/07/2025	1392.3	1407.8	1385	1387.6	7748361
29/07/2025	1383	1420.2	1383	1417.1	10750072
30/07/2025	1418.1	1423.3	1401.3	1410.1	7209849
31/07/2025	1388.1	1402.6	1382.2	1390.2	17065827
01/08/2025	1386.9	1405.9	1384.3	1393.7	10321171
04/08/2025	1395.1	1416.1	1391.7	1411.5	6312820
05/08/2025	1411	1411	1388.1	1391.7	9315972
06/08/2025	1391.9	1395.9	1383.3	1392.8	5834312
07/08/2025	1387.7	1393.7	1366	1389.4	9976705
08/08/2025	1385	1397.2	1365	1367.8	8793606
11/08/2025	1370	1388	1361.2	1386.2	9997486
12/08/2025	1381.9	1401.9	1375.2	1380.4	12244664
13/08/2025	1388	1391.8	1377.5	1382.6	7457021
14/08/2025	1377.3	1380.7	1370.1	1373.8	7126128
18/08/2025	1390	1394.9	1377	1381.7	11785109
19/08/2025	1390	1421	1389.1	1420.1	14384719
20/08/2025	1413	1424.9	1410	1413	8725641
21/08/2025	1425	1431.9	1420.3	1424.8	11021323
22/08/2025	1420	1423.4	1407.9	1409.2	5818868
25/08/2025	1414.7	1419.5	1405.7	1412.6	5979407
26/08/2025	1408	1410	1381.6	1384.9	12145259
28/08/2025	1389.9	1392.2	1366.5	1385.9	13161813
29/08/2025	1381.1	1403.5	1350	1357.2	18758842
01/09/2025	1356	1363.2	1340.6	1353.9	11232238
02/09/2025	1354.8	1384.5	1354.5	1366.5	11517006
03/09/2025	1369.7	1376.5	1360.5	1372.6	7847563
04/09/2025	1371.8	1374	1357.1	1359.3	13223177
05/09/2025	1363	1381	1359.3	1375	5777575
08/09/2025	1380	1386	1372.4	1378.5	6986720
09/09/2025	1376.6	1381.2	1368.7	1376.2	9754452
10/09/2025	1383.9	1388.5	1374.1	1377	7790815
11/09/2025	1376	1385.5	1375	1383.3	9766072
12/09/2025	1383.3	1396.3	1380.5	1395	7403368
15/09/2025	1393	1400.8	1388.6	1399.3	5396697
16/09/2025	1404.7	1408	1398.2	1405.3	8686961
17/09/2025	1407	1416.2	1406.9	1413.8	7519417
18/09/2025	1420.4	1422	1410.7	1415	9332642
19/09/2025	1414.9	1417	1403.6	1407.4	13461373
22/09/2025	1403.9	1410.7	1388	1390.6	7757970
23/09/2025	1391	1395	1376.8	1389.8	14014702
24/09/2025	1385.3	1396	1380.4	1383	5922759
25/09/2025	1381.3	1384.5	1369	1372.4	11411143
26/09/2025	1372	1382.7	1366	1377.6	9879109
29/09/2025	1381.6	1389	1368	1372.8	14231999
30/09/2025	1377.1	1377.1	1362.8	1364	14604684
01/10/2025	1367	1378.6	1362.7	1368.7	12045916
03/10/2025	1363.2	1371.6	1356.9	1363.4	12842347
06/10/2025	1360	1377.4	1359	1375	12396580
07/10/2025	1376	1395.9	1375.9	1384.8	11244040
08/10/2025	1384.8	1389	1364.5	1367.4	8525081
09/10/2025	1374	1380	1369.1	1377.8	8826633
10/10/2025	1377.8	1388	1375.1	1381.7	6373084
13/10/2025	1376.9	1377.7	1367.8	1375	7600682
14/10/2025	1380	1388	1370.1	1375.9	9768174
15/10/2025	1383	1384	1372.7	1374.3	10882743
16/10/2025	1375.1	1400.5	1375	1398.3	12315932
17/10/2025	1401	1423.3	1399.1	1416.8	19335561
20/10/2025	1440	1473.8	1433.3	1466.8	24721978
21/10/2025	1468	1474	1460	1465.2	2066169
23/10/2025	1475	1482.9	1444.6	1448.4	18707090
24/10/2025	1450	1459.8	1441	1451.6	9700837
27/10/2025	1463	1485	1458	1484.1	14113867
28/10/2025	1484.1	1492	1477.6	1486.9	17631577
29/10/2025	1490	1508.3	1488.1	1504.2	11884745
30/10/2025	1500	1503.1	1484	1488.5	9318663
31/10/2025	1490.4	1497.5	1482.3	1486.4	8758053
03/11/2025	1486	1495	1479.3	1484.7	8452085
04/11/2025	1483.9	1492.8	1470.1	1473.1	10007806
06/11/2025	1484	1501.6	1476.2	1496.1	16772678
07/11/2025	1494.6	1498.4	1475.9	1478	7821765
10/11/2025	1477.9	1501	1475.5	1489.3	7068438
11/11/2025	1497	1498.8	1480.2	1493.4	7127506
12/11/2025	1505	1524.7	1500	1511.5	12384459
13/11/2025	1515	1522.1	1506.8	1510.9	7196443
14/11/2025	1505.5	1520.9	1505.5	1518.9	7682823
17/11/2025	1520.9	1523.7	1511.5	1518.3	5871416
18/11/2025	1521.7	1527.8	1510.5	1519.4	11045042
19/11/2025	1517.4	1522.3	1512	1518.9	5692366
20/11/2025	1530	1550.9	1526.7	1549.1	18171724
21/11/2025	1541	1557.8	1540.1	1546.6	9615271
24/11/2025	1550	1550	1531.8	1535.9	18433951
25/11/2025	1535.9	1559.6	1525.1	1539.7	15033482
26/11/2025	1542.3	1571.6	1540.5	1569.9	14054299
27/11/2025	1575	1575.5	1556	1563.4	9794643
28/11/2025	1568	1581.3	1563	1567.5	8959508
01/12/2025	1575	1577.5	1563.6	1566.1	8920233
02/12/2025	1561.1	1567.5	1542	1546.3	11389150
03/12/2025	1545.2	1552.4	1533	1538.8	6090883
04/12/2025	1536	1560.5	1517.6	1535.6	11867930
05/12/2025	1530.4	1545.8	1520.6	1540.6	10183266
08/12/2025	1539.2	1551	1535	1543	11301491
09/12/2025	1540.3	1542.5	1520.1	1529.4	11503971
10/12/2025	1534	1547.5	1531.4	1536.9	7991629
11/12/2025	1536.9	1550	1524	1545	4706197
12/12/2025	1550.8	1559.8	1546.1	1556.5	5106655
15/12/2025	1551.2	1558.6	1546.5	1556.2	5774543
16/12/2025	1545	1551.7	1538.8	1542.3	11731856
17/12/2025	1550	1550	1539.3	1544.4	7116649
18/12/2025	1535.2	1551.5	1535.2	1544.4	6580829
19/12/2025	1554.4	1574.2	1551	1565.1	13937275
22/12/2025	1573.5	1577.5	1565.3	1575.4	10184852
23/12/2025	1580.9	1580.9	1568.1	1570.7	7506564
24/12/2025	1572.7	1575.7	1553.6	1558.2	8815745
26/12/2025	1554.7	1561	1554.3	1559.2	2311495
29/12/2025	1554.9	1558.1	1543.6	1545.6	5972105
30/12/2025	1547	1553.6	1537.8	1539.8	8815884
31/12/2025	1541	1577	1541	1570.4	5771830
01/01/2026	1573.7	1592.5	1571.1	1575.6	6408128
02/01/2026	1580	1594.6	1578.2	1592.3	6602230
05/01/2026	1593	1611.8	1575.3	1578.1	8704973
06/01/2026	1569	1569	1496.3	1507.6	27417125
07/01/2026	1510	1520	1498	1504.2	11199340
08/01/2026	1500	1503.9	1468.8	1470.6	16518684
09/01/2026	1465	1479.9	1465	1475.3	8335311
12/01/2026	1475.3	1485.3	1451	1483.2	8883745
13/01/2026	1485	1485.8	1444.7	1452.8	13499760
14/01/2026	1444	1467	1440.2	1458.8	8321764
16/01/2026	1458.8	1480	1455.1	1457.9	17167161
19/01/2026	1450.6	1450.6	1403.3	1413.6	20392765
20/01/2026	1410.7	1416	1390	1394	13189498
21/01/2026	1389.5	1412.9	1373	1404.6	17352720
22/01/2026	1410.1	1419.5	1395	1402.5	15721693
23/01/2026	1401.8	1407	1381	1386.1	9837802
27/01/2026	1380	1391.6	1368	1380.5	26302396
28/01/2026	1385	1409.9	1384.9	1396.7	11121657
29/01/2026	1402.9	1402.9	1384	1391	20846683
30/01/2026	1382.6	1398	1378.5	1395.4	11239835
02/02/2026	1340	1392.9	1335.5	1390.4	15711165
03/02/2026	1473.9	1489.5	1430.2	1438	25456171
04/02/2026	1444	1464	1440.3	1456.8	8333387
05/02/2026	1457	1461.5	1439.5	1443.4	11763658
06/02/2026	1441.5	1452.8	1433.5	1450.8	8277304
09/02/2026	1458	1465.9	1453	1461.6	5775864
10/02/2026	1471	1471	1452.2	1458.5	10259630
11/02/2026	1459.6	1470	1453.6	1468.7	7106877
12/02/2026	1470	1473	1445.5	1448.9	11135399
13/02/2026	1445.5	1450.7	1416.3	1419.6	10755693
16/02/2026	1420.1	1439.6	1409.3	1437.1	5896514
17/02/2026	1431.1	1431.8	1418.6	1423	10731630
18/02/2026	1427	1442.1	1419.2	1441.3	5521096
19/02/2026	1443	1443	1400	1409.5	11884664
20/02/2026	1409.5	1427.4	1406.1	1419.4	8177670
23/02/2026	1425	1434.9	1418.3	1428	7758856
24/02/2026	1425.3	1433.3	1415	1428.8	12529409
25/02/2026	1435	1440.5	1393.5	1398.5	10728792
26/02/2026	1398.5	1412.9	1391.9	1406.8	16683858
27/02/2026	1398	1410.4	1388.1	1393.9	12031440
02/03/2026	1375.5	1378.6	1341.5	1358	23728722
04/03/2026	1330	1352.8	1307	1345	32495007
05/03/2026	1353.1	1399	1353.1	1389.4	25957532
06/03/2026	1396.5	1424.3	1390.3	1404.8	19311971
09/03/2026	1375	1429.4	1370	1424	24870822
10/03/2026	1430.6	1431.5	1400.6	1408.8	18071259
11/03/2026	1424.9	1434	1383.6	1390.2	21848087
12/03/2026	1390	1410.9	1381.1	1392.2	20939959
13/03/2026	1385.2	1400.8	1378.4	1380.7	17265090
16/03/2026	1380	1397.3	1363.5	1395.1	22837802
17/03/2026	1399	1405.9	1388.2	1397.6	19007744
18/03/2026	1397.2	1412.9	1397.2	1408.1	9559327
19/03/2026	1388	1415.7	1376.1	1384.8	16498373
20/03/2026	1398	1430	1396.1	1414.4	22994918
23/03/2026	1400	1415.6	1391	1407.8	18979554