Date	Open	High	Low	Close	Volume
28/03/2006	237.5	238.88	235.13	235.95	468909
29/03/2006	234.88	237.86	233.38	237.27	535537
30/03/2006	237.86	251.25	237.86	246.01	723021
31/03/2006	244.74	244.74	238.75	239.44	365021
03/04/2006	240.88	244.5	240	243.85	388209
04/04/2006	243.8	245	242.51	243.57	371451
05/04/2006	243.76	245.65	240	241.51	347116
07/04/2006	243.5	249.63	234.38	236.16	923195
10/04/2006	237.5	239.99	235	236.76	879305
12/04/2006	237.28	237.5	220.38	222.6	1644672
13/04/2006	225.63	228.71	221.25	224.65	1075209
17/04/2006	228.13	238.88	226.91	238.32	1211094
18/04/2006	247.25	261	247.25	251.19	1847311
19/04/2006	253.63	256.25	249.75	251.6	1225414
20/04/2006	252.49	253.12	246.88	248.74	787118
21/04/2006	250	253.75	245.63	249.88	621625
24/04/2006	249.75	249.96	245.63	247.41	654351
25/04/2006	247.49	247.49	237.38	240.87	712776
26/04/2006	241	244.5	238.75	242.8	883892
27/04/2006	242.8	250.38	241.25	243.23	895606
28/04/2006	238.38	248.88	228.8	247.26	661545
02/05/2006	248	253.05	247.5	251.65	779910
03/05/2006	253	254.99	251.88	253.95	393520
04/05/2006	253.5	257.24	252.66	255.46	491228
05/05/2006	256.88	256.88	249.38	250.83	338815
08/05/2006	252.63	261.5	251.25	252.43	185589
09/05/2006	254	255.55	250.63	253.11	225049
10/05/2006	255.55	255.88	250.29	252.71	247274
11/05/2006	253.66	253.66	250.68	252.34	245503
12/05/2006	251.38	253.11	246.29	249.52	347142
15/05/2006	247.5	250.13	240	245.11	504313
16/05/2006	244.99	249.38	239.98	246.84	333946
17/05/2006	249.38	252.5	248.75	252.07	167921
18/05/2006	248.75	249.99	237.5	240.71	567795
19/05/2006	243.75	244.98	231.44	236.55	608527
22/05/2006	240	240	218	222.56	587427
23/05/2006	225	234.25	212.63	228.78	673517
24/05/2006	233.75	235	220	223.83	713196
25/05/2006	222.5	237.3	218.13	234.62	729881
26/05/2006	236.25	237.5	230.13	233.3	276023
29/05/2006	233.13	233.13	230.04	231.32	350336
30/05/2006	233.13	236.89	229.38	232.55	564507
31/05/2006	230.14	230.14	216.25	222.86	721232
01/06/2006	228.13	228.13	211.25	213.67	742845
02/06/2006	214.36	225	211	224.25	526695
05/06/2006	224.25	225.55	219.28	220.95	401460
06/06/2006	218.1	223.48	211.25	218.61	371392
07/06/2006	225	225	211.66	212.99	676317
08/06/2006	215.63	215.63	201.4	205.99	670124
09/06/2006	209.31	211.5	203.13	208.9	507739
12/06/2006	212.38	212.38	202.63	204.85	448988
13/06/2006	202.63	203.68	195.13	196.3	342123
14/06/2006	195.24	203.12	181.41	185.46	1598252
15/06/2006	198.25	198.25	187.63	193.82	745920
16/06/2006	198.25	214.38	197.55	210.63	1048771
19/06/2006	210	210.63	204.53	208.55	536761
20/06/2006	211	211	200	200.92	460990
21/06/2006	202.5	205.88	199.38	205.16	745437
22/06/2006	206.25	211.25	206.25	209.6	458513
23/06/2006	206.25	212.5	203.13	211.86	413090
26/06/2006	215	215	202.26	204.19	821882
27/06/2006	207.25	207.25	200	205.57	625329
28/06/2006	202.5	214.07	200.75	212.33	598175
29/06/2006	213.75	215	208.75	210.1	789822
30/06/2006	216.88	220.88	213.21	217.35	681220
03/07/2006	217.75	225.94	216.55	225.03	535690
04/07/2006	226.38	228.88	225.63	226.89	448096
05/07/2006	227.13	232.75	225	230.33	530634
06/07/2006	228.5	229	224.02	225.54	288865
07/07/2006	227.46	228.98	217.5	218.34	366084
10/07/2006	217.5	227.2	217.5	224.8	482414
11/07/2006	225	226.88	220.4	221.24	452373
12/07/2006	222.5	238.63	222.5	236.29	1190202
13/07/2006	236.5	237.35	231.28	233.42	672947
14/07/2006	230	237	228.14	234.29	618726
17/07/2006	235.6	239.25	231.38	232.38	1124604
18/07/2006	232.5	243.75	226.94	229.31	1380492
19/07/2006	235.25	236.88	218.2	219.7	1755798
20/07/2006	221.99	227.5	221.25	225.77	789090
21/07/2006	224.75	225.6	219.08	220.95	548958
24/07/2006	224.38	229	216.88	227.26	853136
25/07/2006	230	231.88	228.13	230.91	579575
26/07/2006	232.25	236.88	229.06	236.1	738590
27/07/2006	236.88	239.99	234.44	237.46	924981
28/07/2006	235.03	243.74	231	232.11	754902
31/07/2006	233.75	241.25	232.5	234.04	431175
01/08/2006	215.75	234.94	215.75	233	440627
02/08/2006	231.25	235.63	230	235.05	446183
03/08/2006	235.63	238	234.28	236.18	752568
04/08/2006	240	240.95	235.75	237.14	668550
07/08/2006	237.75	238	232.75	234.03	429991
08/08/2006	235	239.5	233.75	238.7	294600
09/08/2006	237.5	243.75	235.88	241.53	513030
10/08/2006	240.25	243.75	240	241.44	569781
11/08/2006	242.48	243.46	239.25	241.9	473493
14/08/2006	243.44	243.75	239.75	241.16	430357
16/08/2006	244.75	246.13	242	243.05	951067
17/08/2006	243.75	245.75	239.5	240.04	624292
18/08/2006	241.25	243.13	240	242.43	450910
21/08/2006	244	244	239.25	242.33	603522
22/08/2006	243	245.75	242.5	243.85	544524
23/08/2006	244	244.69	240.03	240.78	624434
24/08/2006	242.5	243.73	238.31	242.6	592463
25/08/2006	242.75	244.23	241.91	243.6	652938
28/08/2006	243.75	246.33	242.08	245.28	575079
29/08/2006	246.25	248	245.75	247.53	669899
30/08/2006	247.78	248.75	245.26	245.95	686193
31/08/2006	246	251	246	249.51	1519214
01/09/2006	249	250.25	247.78	249.81	432182
04/09/2006	249.75	255	249.75	254.29	502623
05/09/2006	255.75	257.5	250.25	251.45	986322
06/09/2006	254.38	254.38	247.78	248.4	700108
07/09/2006	245.08	248.75	245.08	246.68	395896
08/09/2006	251.5	251.5	246.25	247.75	392641
11/09/2006	249.75	249.75	237.25	238.36	1018370
12/09/2006	238.75	245	238	244.48	458814
13/09/2006	245.75	252	245.25	249.99	576908
14/09/2006	252.25	254	250.48	253.35	597182
15/09/2006	253.5	253.5	249.18	250.68	589925
18/09/2006	251.75	252.75	248.03	249.04	347597
19/09/2006	249.25	255	247.6	252.51	993486
20/09/2006	252.75	258.5	248.53	257.51	673974
21/09/2006	258	264.48	254.5	263.25	1276796
22/09/2006	261.25	263.46	257.52	259.89	622161
25/09/2006	261.75	262.5	255.56	256.4	337395
26/09/2006	257.5	262.5	256.23	261.08	929252
27/09/2006	262.5	263.75	259.04	260.66	838185
28/09/2006	261.26	262.25	253.25	255.11	1530393
29/09/2006	255.53	258.77	255	255.51	438201
03/10/2006	258.75	258.75	252.25	253.58	408178
04/10/2006	254	254	245.84	246.85	1736907
05/10/2006	249.5	252.25	248.25	249.94	1462350
06/10/2006	250.25	251.75	247	248.55	691736
09/10/2006	246.25	252.25	245.14	250.54	386708
10/10/2006	250.75	254.45	250.75	252.88	692445
11/10/2006	257.5	269.85	257.5	261.19	1693429
12/10/2006	262.5	271.25	260.25	270.64	1263212
13/10/2006	272.35	280	270.52	275.9	1218528
16/10/2006	281.25	287.5	278.75	282.43	2431765
17/10/2006	285.5	292.44	277.5	279.23	2187304
18/10/2006	277.52	279.25	275.25	276.56	1248771
19/10/2006	276.5	278.19	270.66	273.1	775905
20/10/2006	275	275.5	271.52	272.4	532351
23/10/2006	273.73	273.73	265.35	270.02	331976
26/10/2006	270.25	272.98	268.75	269.81	1285053
27/10/2006	270.29	272.5	265.6	268.66	781602
30/10/2006	269	272	265.05	269.84	1038543
31/10/2006	270	274.7	268.77	271.77	857734
01/11/2006	274.25	276.48	270.08	270.8	477726
02/11/2006	272.5	272.5	268	270.01	551094
03/11/2006	271.25	272	264.5	266.74	786110
06/11/2006	266.63	267.48	264	264.85	634223
07/11/2006	268.5	271.23	265.05	266.29	804795
08/11/2006	266.25	267.73	262.79	265.83	609190
09/11/2006	267.25	268.75	263.34	265.9	841355
10/11/2006	267.5	273.68	266.27	267.18	828369
13/11/2006	267.7	270	266.52	268.94	505829
14/11/2006	270.25	277.5	270.25	276.56	1500965
15/11/2006	278.75	280.5	272.64	274.2	674510
16/11/2006	275	276.5	270.88	271.84	525422
17/11/2006	273.5	274.38	270.3	273.79	555421
20/11/2006	271.26	280.25	266.39	279.46	1293734
21/11/2006	279.05	288	278.5	287.14	1039538
22/11/2006	288.5	292.75	283.84	287.02	1397866
23/11/2006	289	292.35	285	286.04	967581
24/11/2006	287.5	289.23	284.04	287.5	801326
27/11/2006	287.5	291	287.5	290.2	733427
28/11/2006	287.5	289	277.79	287.46	670740
29/11/2006	290	292.2	287.5	291.14	650789
30/11/2006	293.2	301.25	291.5	299.7	1563638
01/12/2006	300	300	295.31	297.34	940535
04/12/2006	300	302.75	297.5	298.1	558523
05/12/2006	302.43	302.43	296.25	297.98	529119
06/12/2006	293.05	301.75	293.05	299.65	795214
07/12/2006	301.25	308.61	296.77	298.58	718218
08/12/2006	299.75	299.75	293.34	294.23	471817
11/12/2006	293.75	297.25	283.5	293.36	1069858
12/12/2006	292.5	295	276.25	280.13	1279575
13/12/2006	280.13	285.25	270.09	280.21	904305
14/12/2006	276.26	290	276.26	287.4	729006
15/12/2006	292.1	292.1	287	290.05	576429
18/12/2006	288.75	297.1	281	295.31	587856
19/12/2006	295.25	295.95	281.25	285.46	905907
20/12/2006	287.5	291.96	278.76	282.19	938915
21/12/2006	284.25	287.5	277.75	284.24	563954
22/12/2006	283.75	290	282.02	288.49	437504
26/12/2006	288.25	298.6	288.25	297.85	449348
27/12/2006	298.75	301.5	295.26	299	598600
28/12/2006	301.35	305	297	302.98	604577
29/12/2006	303.36	307.35	300.63	305.5	468617
02/01/2007	307.35	314.5	304	312.13	386265
03/01/2007	313.25	322	309.79	320.04	1096243
04/01/2007	321.25	321.25	312.52	314.76	992675
05/01/2007	316.25	317.15	313.27	315.75	679685
08/01/2007	314.75	314.75	303.75	310.95	1237973
09/01/2007	311.98	315.46	306.31	314.1	1005142
10/01/2007	311.14	313.75	307.5	308.85	732857
11/01/2007	299.73	324.5	299.73	319.41	1850166
12/01/2007	322.54	332.25	322.54	330.99	1543937
15/01/2007	337.5	342	325.01	331.59	3063958
16/01/2007	347.24	347.24	329.75	331.03	1906491
17/01/2007	332.48	333.75	325	326.16	658457
18/01/2007	326.25	331.49	326.25	328.86	679954
19/01/2007	328.86	331.63	323.04	324.54	720514
22/01/2007	325.02	330.6	322.51	328.36	795239
23/01/2007	328.28	328.49	325	325.68	781038
24/01/2007	327.88	328.5	324.54	326.79	588787
25/01/2007	331.25	342.25	325.73	328.86	1388494
29/01/2007	328.75	328.75	322.75	324.44	745581
31/01/2007	324.27	328.48	318	319.48	1216482
01/02/2007	322.49	323.75	318.75	323.01	464976
02/02/2007	324.75	326.75	323.76	325.13	1068654
05/02/2007	326.25	328.48	323.5	326.45	752684
06/02/2007	328.25	328.48	322.51	324.6	852991
07/02/2007	325	328.1	323.8	326.58	649996
08/02/2007	327.85	328.73	324.34	326.13	662506
09/02/2007	327.35	329.36	320.79	321.85	498340
12/02/2007	312.5	324.68	312.5	313.95	446597
13/02/2007	314	321.23	308.75	313.23	1032588
14/02/2007	313.25	316.75	310	315.19	784469
15/02/2007	316.25	325	306.27	323.06	918389
19/02/2007	325.35	329.68	323.8	327.45	1184674
20/02/2007	328.48	330.95	323.75	324.89	1350037
21/02/2007	325	327.94	320	320.96	984547
22/02/2007	325	328.1	321.5	323.58	1734778
23/02/2007	323.75	324.88	318.25	319.34	791922
26/02/2007	318	323.46	308.13	321.52	1169421
27/02/2007	313.5	323.55	313.5	316.04	1177492
28/02/2007	308.25	311.24	293	298.35	2336989
01/03/2007	300	317	297.6	313.66	1964641
02/03/2007	313.7	315	300.25	302.14	1327938
05/03/2007	297.5	299.75	287.5	288.89	1280220
06/03/2007	302.5	333.75	290.27	299.31	905980
07/03/2007	300.5	306.18	289.35	297.95	1110158
08/03/2007	297.5	307.43	297.5	304.6	568747
09/03/2007	307.08	308.25	299.5	303.04	808037
12/03/2007	306.18	313.43	302.75	308.75	909234
13/03/2007	306.38	317.23	300.02	316.35	508022
14/03/2007	306.25	310.48	301.25	303.39	956237
15/03/2007	307.5	312.75	307	308.58	955822
16/03/2007	310.35	314.46	303.79	309.41	1056071
19/03/2007	304.08	316.19	300.45	315.23	303424
20/03/2007	315	319.13	312	313.25	693898
21/03/2007	315.25	317.35	310	316.75	492509
22/03/2007	319.25	326.75	319.25	325.76	1031398
23/03/2007	328	330	320	322.05	1316324
26/03/2007	321.25	324.68	313.81	315.34	1524684
28/03/2007	317.48	317.48	298.51	300.25	2204512
29/03/2007	297.24	314.2	297.24	312.09	2566656
30/03/2007	312.09	313.7	305.06	308.46	701764
02/04/2007	302.5	305	296.25	297.3	968974
03/04/2007	298.75	304.2	297	300.66	814213
04/04/2007	304.5	306.18	297.6	299.6	600624
05/04/2007	299.86	301.5	296.52	298.55	633498
09/04/2007	300.13	306.69	300.13	304.3	571131
10/04/2007	304.3	306.25	298.84	299.34	870060
11/04/2007	301.35	302.36	296.75	297.64	956584
12/04/2007	297	302.25	293	300.24	923739
13/04/2007	302.5	317.1	298.5	315.5	2444712
16/04/2007	321	326.48	317.56	320.06	2496555
17/04/2007	321.43	328.75	309.5	312.56	2616241
18/04/2007	313.5	316.25	310.25	311.88	713396
19/04/2007	307.5	312	301.27	310.73	791163
20/04/2007	313	316.99	312.52	314.41	717688
23/04/2007	313.75	317.45	311.25	311.95	566306
24/04/2007	311	315.5	304.75	306.21	1730629
25/04/2007	306.25	306.73	302	305.34	5438101
26/04/2007	306.75	312.4	305	310.1	1485439
27/04/2007	308.75	309.13	304.31	308.63	1201321
30/04/2007	310.26	317.48	301.25	316.5	972013
03/05/2007	318.7	323.7	318.14	322.55	1660757
04/05/2007	324.75	332.48	317.25	318.26	1775300
07/05/2007	320.5	321.23	316.29	318.23	1388332
08/05/2007	317.5	320	314.31	316.64	2047751
09/05/2007	325	325	306.25	309.88	1174957
10/05/2007	311.25	322.48	306.5	307.43	761050
11/05/2007	312.5	314.75	302.5	313.14	966914
14/05/2007	319.63	319.63	311.52	312.56	315094
15/05/2007	315	315	306.25	309.51	1050780
16/05/2007	316.25	316.25	302.64	306.05	1630904
17/05/2007	308.27	313.43	307.5	312.5	732815
18/05/2007	314.99	319	312.5	313.21	730251
21/05/2007	317.5	317.5	307.5	309.26	714211
22/05/2007	309.38	311	305.26	307.66	1540056
23/05/2007	310.38	310.38	306.27	308.35	317953
24/05/2007	312.5	312.5	305.25	306.19	1138201
25/05/2007	305.24	308.75	302	307.49	1311042
28/05/2007	312.5	312.5	305.89	306.38	646293
29/05/2007	306.23	308.75	305	307.79	741820
30/05/2007	312.5	312.5	302.55	303.91	650014
31/05/2007	307.25	307.25	300	302.09	1294123
01/06/2007	307.27	307.27	302.79	304.68	432247
04/06/2007	307	312.5	300.5	302.02	463346
05/06/2007	304.45	304.45	300	302.01	437900
06/06/2007	303.75	304.25	294.55	300.09	958005
07/06/2007	300	303.6	291.33	301.75	502235
08/06/2007	301.63	307.63	297.5	305.02	1504769
11/06/2007	309.14	309.85	304.51	305.34	662034
12/06/2007	302.5	307.5	300	304.34	350518
13/06/2007	304.75	305	298.33	300.81	442122
14/06/2007	302.5	305	300.33	301.14	1044017
15/06/2007	305	305	295	296.1	1245788
18/06/2007	298.25	298.75	290	290.65	718614
19/06/2007	291.27	291.38	285.83	290	873859
20/06/2007	290.25	293.25	285.25	286.75	1006242
21/06/2007	286.25	287.7	282.5	286.4	760932
22/06/2007	286.25	288.75	283.63	284.99	669326
25/06/2007	284.99	287.5	279.69	281.44	700944
26/06/2007	282.75	285	279.46	280.44	708186
27/06/2007	282.48	284.68	281	283.29	739174
28/06/2007	285.99	285.99	281.25	284.21	1085698
29/06/2007	285.25	289	285.01	287.34	751114
02/07/2007	288.25	288.25	282.75	283.61	369288
03/07/2007	287.5	287.5	281	281.9	457342
04/07/2007	282	285	279	279.41	603866
05/07/2007	282.05	282.05	275.2	277.91	794801
06/07/2007	278.75	291.23	275.02	289.66	1901421
09/07/2007	292.1	295.6	291.25	294.19	1339942
10/07/2007	296.25	300	292	295.79	1873242
11/07/2007	295.5	296.25	275	287.23	1515531
12/07/2007	288.75	292.25	283.5	290.64	1440986
13/07/2007	309.02	315.38	282.56	284	1446162
16/07/2007	283.75	284.5	278.5	282.08	997560
17/07/2007	293.95	293.95	287.5	288.94	1541172
18/07/2007	289.25	292.5	286.84	291.66	1092795
19/07/2007	291.75	296.25	291.38	295.55	1018878
20/07/2007	297.25	297.49	291.85	293.98	936233
23/07/2007	292.45	298.75	290.52	297.74	1179114
24/07/2007	297.48	298	291.75	292.98	781794
25/07/2007	292	292.75	286.25	287.05	667543
26/07/2007	288.75	302.5	286.27	297.27	1500701
27/07/2007	290	293.75	281.5	288.25	800809
30/07/2007	287.5	292.5	282.56	284.11	458962
31/07/2007	287.75	290.5	282.5	289.08	804635
01/08/2007	286.25	286.25	277.75	278.79	1095543
02/08/2007	280	281.13	272.5	273.79	478002
03/08/2007	278.5	278.5	270.88	274.23	498296
06/08/2007	272.5	279.5	268.5	274.86	684387
07/08/2007	278.27	279.45	273.52	277.33	746303
08/08/2007	287.5	292.25	279.5	288.15	1013791
09/08/2007	290	297.21	283.8	286.43	1268609
10/08/2007	278.75	288.38	270.1	286.13	1572640
13/08/2007	287.5	287.5	281.29	283.63	301381
14/08/2007	283.75	285	280	282.56	305699
16/08/2007	275	279.9	271.25	272	1665780
17/08/2007	272	273.25	259.8	264.04	1725276
20/08/2007	270.88	274.85	262.77	263.89	1096711
21/08/2007	269.13	269.13	251.13	253.81	1090841
22/08/2007	255	258.18	249	256.48	956655
23/08/2007	258	262	251	251.98	778437
24/08/2007	253.75	256.63	249.88	254.6	481743
27/08/2007	256.24	259.7	255.01	256.63	666714
28/08/2007	259	259.75	252.75	257.19	565876
29/08/2007	255	259.95	250.25	257.9	799172
30/08/2007	260.5	264.75	256.25	261.5	1750793
31/08/2007	263	267.43	261.75	266.09	594374
03/09/2007	267.5	268.75	263.35	265.31	624066
04/09/2007	266.25	271.93	265.25	266.52	545689
05/09/2007	266.75	270.74	266.27	268.09	879241
06/09/2007	266.25	270.25	265.25	269.5	467965
07/09/2007	269.25	271.13	267.5	269.06	422894
10/09/2007	269.06	269.06	261	261.81	550265
11/09/2007	273.61	273.61	255	255.84	846639
12/09/2007	257.5	259.44	253.38	253.9	586026
13/09/2007	256.23	258.75	252.6	257.7	538268
14/09/2007	262.5	262.5	254.53	255.61	475057
17/09/2007	256.25	257.95	248.93	249.41	1271544
18/09/2007	249.25	251.93	248.25	250.61	1235702
19/09/2007	256.25	258.43	254.3	255.76	1160667
20/09/2007	255	255.53	249.3	250.51	588789
21/09/2007	247.75	256.25	244.5	254.45	1982165
24/09/2007	255	257.5	250.05	251.81	898767
25/09/2007	252.5	253.5	249.05	250.43	1350124
26/09/2007	252.5	262.2	251.25	260.19	2085223
27/09/2007	262.5	266.88	261.75	265.63	2150535
28/09/2007	256.25	270	256.25	265.04	1562383
01/10/2007	265.25	265.25	255.75	260.41	544145
03/10/2007	262.5	273.75	262.48	269.8	1280718
04/10/2007	271.25	271.25	263.5	269.83	1089951
05/10/2007	269.83	269.83	264.33	268.2	436012
08/10/2007	270.26	274.7	265.55	269.59	665536
09/10/2007	270	276.2	268.83	273.74	926910
10/10/2007	276.18	282.56	274.6	281.38	995809
11/10/2007	283.75	283.85	265	268	1399585
12/10/2007	263	268.75	257.58	265.88	1228230
15/10/2007	267.5	272.91	264.94	268.54	1717900
16/10/2007	275	278.75	265.25	267.1	1765132
17/10/2007	265	278.75	250	273.68	1731310
18/10/2007	283.75	287.48	269.33	280.96	3411359
19/10/2007	286.96	287.5	270.6	277.21	2023533
22/10/2007	279.25	279.25	266.27	267.99	959202
23/10/2007	267	275	264.75	265.9	1465591
24/10/2007	275	275	260.83	262	1025247
25/10/2007	264.75	265	259.54	262.4	1231318
26/10/2007	262.5	271	260.55	267.83	740015
29/10/2007	272.25	272.5	265.35	267	884013
30/10/2007	268	268.75	260.08	262.13	786451
31/10/2007	261.75	265.93	254.25	259.5	11804132
01/11/2007	263.75	263.75	254.88	255.76	1379601
02/11/2007	252.5	257.5	250.75	255.3	873670
05/11/2007	255.25	257.7	251.31	252.83	469117
06/11/2007	253.75	254.95	250	251.08	549747
07/11/2007	251.28	252.29	246.53	249.26	876004
08/11/2007	247.53	249.95	245	247.41	671741
09/11/2007	253.75	253.75	245.78	246.31	84775
12/11/2007	246.31	246.31	240	240.96	1320247
13/11/2007	240.96	243.18	231.66	236.84	1174497
14/11/2007	240	261.27	240	246.68	897092
15/11/2007	247.75	249.48	242.5	245.05	573849
16/11/2007	245	249.5	241.79	245.73	916704
19/11/2007	240.03	251.75	240.03	248.38	735887
20/11/2007	247.25	247.25	239.53	240.33	1027848
21/11/2007	240.33	245	234	236.2	834257
22/11/2007	242.43	242.43	233.75	237.55	600589
23/11/2007	238.13	241.5	237.44	240.24	568385
26/11/2007	245	248.5	242.5	246.28	558575
27/11/2007	247.63	249.73	242.53	248.99	375991
28/11/2007	250	250.95	242.5	244.13	731922
29/11/2007	250	250.13	238.75	241.51	1257422
30/11/2007	241.51	254.5	241.51	253.05	1333653
03/12/2007	254	266.5	252.6	262.48	1629087
04/12/2007	262.48	262.5	256.26	257.43	445956
05/12/2007	257.5	261.25	255.13	258.3	517310
06/12/2007	260	262.93	257.8	258.89	1040863
07/12/2007	260	268.01	256.56	265.65	1201452
10/12/2007	267.52	268.5	257.5	258.9	966005
11/12/2007	262.25	262.25	256.31	260.33	726864
12/12/2007	257.05	265	256.52	263.35	929652
13/12/2007	262.43	265.52	256.93	257.4	1161434
14/12/2007	253.83	263.75	253.83	260.1	680109
17/12/2007	268.1	268.1	251.25	253.1	800832
19/12/2007	253	257.2	252	256.13	667755
20/12/2007	257.38	263.49	255.75	261.34	759005
24/12/2007	270	280	262.5	277.43	1163916
26/12/2007	278.75	279.93	271.54	275.08	726499
27/12/2007	276.27	280	271.64	277.69	1002142
28/12/2007	275	275	265	270.54	549149
31/12/2007	270.75	274.01	263	269.35	539042
01/01/2008	269.25	269.25	263	263.64	232097
02/01/2008	265	265.25	257.88	262.5	716231
03/01/2008	257.52	261.25	251.34	252.76	1292070
04/01/2008	252.76	255.73	250.58	251.3	579717
07/01/2008	250	252.2	243.13	243.9	911836
08/01/2008	245	248	242.33	246.96	801933
09/01/2008	248.7	251.5	247.48	249.08	612532
10/01/2008	249.5	252.38	240.5	245.41	835594
11/01/2008	228.84	251	228.84	247.44	537297
14/01/2008	249.95	249.95	238.9	240.29	1039716
15/01/2008	241.25	242	233.5	235	733897
16/01/2008	235	241.68	231.25	236.24	782989
17/01/2008	241.45	241.5	229.75	230.68	1575524
18/01/2008	232.38	235	224.28	225.8	1083454
21/01/2008	226	226.18	201.31	207.76	1210008
22/01/2008	203.68	247.5	181.25	199.56	1594218
23/01/2008	214.75	222.5	201.25	217.99	1339780
24/01/2008	217.5	222	206.44	210.81	503334
25/01/2008	213.25	224.43	212.53	221.15	560779
28/01/2008	217.5	217.5	206.25	213.58	621415
29/01/2008	214	221.15	213.75	216.93	814678
30/01/2008	220.5	223	215	217.46	758214
31/01/2008	217.5	222.5	208.84	218.44	1491739
01/02/2008	221.25	235.28	218.33	232.38	1042380
04/02/2008	236.25	247.25	234.75	243.91	932630
05/02/2008	240	243.75	233.91	238.76	430718
06/02/2008	232.5	232.5	223.63	226.53	1001988
07/02/2008	226.53	226.53	217.76	219.76	643663
08/02/2008	221	231.25	220	224.6	644205
11/02/2008	224.6	233	215.03	226.53	800247
12/02/2008	226.25	231.25	215	216.16	1290332
13/02/2008	218.75	224.25	212.83	217.24	546344
14/02/2008	221.25	225	215.25	218.45	561620
15/02/2008	215	221.76	215	218.18	553261
18/02/2008	218.18	218.75	212.5	213.3	430790
19/02/2008	214	221	213.75	218.86	486822
20/02/2008	219.98	223.66	218.31	221.53	765156
21/02/2008	224.5	232.75	220.5	228.66	890513
22/02/2008	230	230.23	221.25	225.14	600379
25/02/2008	232	232.25	222.56	225.19	813865
26/02/2008	231	231	223.75	224.6	1249896
27/02/2008	227	228.71	218.51	219.39	591014
28/02/2008	221.25	222.5	218	220.23	1394751
29/02/2008	220	222.93	215.88	219.35	854120
03/03/2008	216.5	217.18	210	212.15	785332
04/03/2008	214.5	217.5	211.78	214.7	752633
05/03/2008	211.25	220.7	211.25	218.83	552337
07/03/2008	215.65	216.53	210.56	211.54	499207
10/03/2008	211.54	213.5	207.5	208.41	623542
11/03/2008	210	210	205	205.88	1010880
12/03/2008	209.75	212.5	202.56	205.89	471103
13/03/2008	203.75	203.75	190.25	194.93	852150
14/03/2008	195	203.23	187.5	200.96	554014
17/03/2008	193.75	199.43	192.19	197.96	489726
18/03/2008	197.5	207.2	192.5	204.43	899020
19/03/2008	207	210	201.39	202.86	1090481
24/03/2008	202.86	209.38	202.86	205.93	825496
25/03/2008	210	224.96	208.75	219.13	732224
26/03/2008	235	235	212.89	219.59	542942
27/03/2008	218	219	210.28	213.13	1537788
28/03/2008	213.25	218.68	213	217.76	908424
31/03/2008	217.76	217.76	199.25	202.61	1012965
01/04/2008	205	213.23	202.5	208.09	521682
02/04/2008	212.5	217.25	212.31	212.81	357211
03/04/2008	212.5	223	212.5	221.35	821793
04/04/2008	221.5	222.48	215.01	218.23	505211
07/04/2008	223.75	230.03	219.55	226.03	914882
08/04/2008	226.25	226.75	218.75	221.84	1013838
09/04/2008	220	223	217.25	219.06	370650
10/04/2008	220	229.91	219.25	224.89	731483
11/04/2008	225.76	231.25	223.31	227	547316
15/04/2008	230.5	246.25	220.1	243.54	1425943
16/04/2008	246.25	250.5	240.5	242.98	1609692
17/04/2008	249.93	252.5	244.89	250.23	999889
21/04/2008	252.25	258.75	246.65	248.35	849824
22/04/2008	246.24	246.24	220.5	221.8	3446299
23/04/2008	221.75	226.43	220.01	222.29	1581539
24/04/2008	226	226.23	216	222.69	3822524
25/04/2008	228	228	221.25	222.33	1707142
28/04/2008	202.25	224	180	220.43	1649534
29/04/2008	220.51	232.5	217.54	227.64	4052462
30/04/2008	229.03	233.94	226.63	230.25	2371995
02/05/2008	231.25	240.5	231	235.94	1324695
05/05/2008	236.25	237.38	230.29	231.86	903441
06/05/2008	227.5	237.5	218.15	234.26	995699
07/05/2008	237.5	244.98	237.5	241.69	3146385
08/05/2008	241.23	241.25	229.5	236.75	2711458
09/05/2008	239.75	239.75	227.5	229.25	1123074
12/05/2008	229.25	233.71	227.58	231.73	974627
13/05/2008	232.5	235.35	222.25	226.26	1115719
14/05/2008	226.25	244.74	222.79	242.79	2343297
15/05/2008	243.25	250.5	240.03	246.19	1794474
16/05/2008	248.5	248.5	242.13	245.26	959662
20/05/2008	243.75	247.5	236.81	239.03	1236726
21/05/2008	232	242	228.75	241.28	785046
22/05/2008	239.13	246.38	237.75	240.29	1361300
23/05/2008	243.73	244.93	231.53	233.1	1350346
26/05/2008	230	240.73	229	238.86	1364318
27/05/2008	245	248.5	236.5	242.23	1420518
28/05/2008	242.53	253.81	242.53	252.36	1367397
29/05/2008	252.25	257.09	246	248.66	2064735
30/05/2008	247.75	262.25	244.5	259.79	3871321
02/06/2008	253.75	264.35	241.25	245.96	1763691
03/06/2008	240	247.5	234.54	243.79	1225064
04/06/2008	247.45	247.45	236.59	239.19	946964
05/06/2008	241.03	249.2	241	245.46	1476314
06/06/2008	247.5	249.66	239.45	241.55	1034446
09/06/2008	225.56	241.23	222.5	228.53	1535035
10/06/2008	227.5	229.75	216.75	219.75	1538843
11/06/2008	222.5	227.5	220	222.59	1028342
12/06/2008	223.5	225.6	214.25	222.06	616001
13/06/2008	220	230.48	220	227.4	1683108
16/06/2008	229.75	232	225.81	227.7	1635446
17/06/2008	226.25	231.75	226.25	230.33	876206
18/06/2008	230.2	230.25	222.75	225.23	1607834
19/06/2008	220.06	224.5	220	222	822267
20/06/2008	224.98	224.98	210.39	215.96	2039440
23/06/2008	215.96	219.86	210.75	214.61	893078
24/06/2008	212.5	216.93	205.85	211.1	2321794
25/06/2008	210	221.25	207.83	219.2	1478549
26/06/2008	221	224.5	215.1	220.34	1757079
27/06/2008	220.34	220.34	212.79	216.38	1565237
30/06/2008	217.75	219.5	212.5	214.55	814511
01/07/2008	216.25	218	208.76	211.93	1264904
02/07/2008	212.5	222	210	219.13	2035278
03/07/2008	220.25	220.25	205.14	214.16	1043132
04/07/2008	217.48	217.51	208.88	211.13	984896
07/07/2008	211.25	216	208	213.06	448533
08/07/2008	207.54	211.25	204.5	207.55	986906
09/07/2008	212.5	222.49	212.5	219.19	894637
10/07/2008	217.5	222.25	213.09	217.1	876092
11/07/2008	229.25	235.75	196.35	199.65	1380946
14/07/2008	200	200	190.25	191.96	1139974
15/07/2008	191.96	196.61	184.29	187.66	1127461
16/07/2008	188.66	193.41	178.98	182.03	1434975
17/07/2008	183.75	196.73	182.51	195.81	2587679
18/07/2008	195	200.5	187.25	198.46	2084874
21/07/2008	199.75	203.75	195.75	203.2	895517
22/07/2008	204	210.99	201.51	207.96	1060291
23/07/2008	207.5	217.5	204.73	215.14	1492855
24/07/2008	218.63	218.63	198.09	200.64	2935584
25/07/2008	199.8	212.38	195.5	199.8	2210634
28/07/2008	200	204.24	196.25	201.56	492343
29/07/2008	201.68	203.45	198	202.24	618048
30/07/2008	211.5	211.5	200	209.74	1105019
31/07/2008	210	210.5	205.38	208.44	1298895
01/08/2008	206.25	214.24	202.81	210.16	1002931
04/08/2008	203.75	210	202.75	203.84	1309732
05/08/2008	203.85	208.75	201.31	207.43	1192050
06/08/2008	209.98	217.49	209.1	215.14	1252483
07/08/2008	214.75	217.48	211.25	213.34	768080
08/08/2008	211.24	214.25	208.35	211.28	521668
11/08/2008	213	214.45	206.13	208.49	851275
12/08/2008	208.75	210.93	203.75	204.81	830876
13/08/2008	200	209.43	200	207.08	924492
14/08/2008	207.25	211.16	202.75	208.3	935377
18/08/2008	210	213.1	208.75	210.39	489162
19/08/2008	211.13	212.75	208.78	210.31	488325
20/08/2008	210.68	212.25	208.75	210.4	281814
21/08/2008	209	210.5	203.8	204.46	494129
22/08/2008	204.75	206.19	200.88	204.75	661321
25/08/2008	206	208.75	204	204.55	235561
26/08/2008	202.49	209.24	202.49	208.51	551251
27/08/2008	205.03	209	203.28	204.61	532947
28/08/2008	205	206.06	195.66	198.09	1645172
29/08/2008	200	204.99	200	203.05	499625
01/09/2008	203.75	205	201.75	203.74	381858
02/09/2008	203.74	213.25	203.74	212.2	661962
04/09/2008	211.25	213.7	208.09	211.05	615419
05/09/2008	212.5	212.5	206.25	209.6	611342
08/09/2008	215	218.6	210.5	214.18	1292608
09/09/2008	213.75	217.93	210	216.2	703832
10/09/2008	215.29	217.55	212.03	212.73	765864
11/09/2008	212.73	217	207.25	209.18	477244
12/09/2008	216.25	216.25	200.24	202.64	893491
15/09/2008	195	199.75	186.25	190.7	2137737
16/09/2008	187.38	187.75	181.25	187.21	1268091
17/09/2008	187	191.16	182	182.53	1050217
18/09/2008	182	187.25	167.75	180.29	1589276
19/09/2008	194.93	194.93	182.53	191.71	2386092
22/09/2008	217	217	188.25	191.7	1118236
23/09/2008	178.84	191.93	178.84	180.25	741530
24/09/2008	181.14	187	172.58	178.26	1845181
25/09/2008	178.28	179.96	167.76	172.1	3780658
26/09/2008	175	175	166.55	169.05	1054311
29/09/2008	169.7	169.7	153	155	1394659
30/09/2008	148	169.18	147.5	166.4	2097843
01/10/2008	167.4	171.23	161.34	167.94	1504479
03/10/2008	166.24	166.24	160.59	164.38	1043101
06/10/2008	162.81	162.81	150	154.75	1470746
07/10/2008	157.79	166.25	141.5	143.98	2221151
08/10/2008	138.75	140.74	127	136.65	2075345
10/10/2008	135	137.5	120.1	131.2	3435519
13/10/2008	131.99	150.73	131.2	143.21	3466506
14/10/2008	149.75	154.85	145.34	148.18	1856156
15/10/2008	146.25	147.16	133.82	135.78	1327188
16/10/2008	131.25	132.18	116.98	123.75	2007950
17/10/2008	125	132.25	111.25	113.46	2435885
20/10/2008	124.16	126.25	113.81	122.84	3103265
21/10/2008	134.6	141.98	123.34	139.78	2951225
22/10/2008	138.75	138.75	127.78	136.66	1505167
23/10/2008	131.16	147	125.31	136.82	2625254
24/10/2008	125.93	134.1	110	124.71	2119984
27/10/2008	120.25	129.5	103.84	124.19	2243144
29/10/2008	140.5	143.75	132.56	135.2	2738893
31/10/2008	142.25	148.75	132.44	134.38	2593995
03/11/2008	139.99	145.75	131.76	136.85	1883005
04/11/2008	149.15	149.15	122.5	127.13	2355635
05/11/2008	128.75	137.23	125	126.6	2308291
06/11/2008	132.13	132.13	120.53	125.05	1965479
07/11/2008	125	133.75	121.44	131.29	1469430
10/11/2008	137.48	138.13	128.76	136.61	1024754
11/11/2008	135.5	136.94	130	132.21	1624694
12/11/2008	132.21	138.61	128.76	133.73	1935511
14/11/2008	136.25	137.13	130.88	132.71	1654366
17/11/2008	132.25	134.25	126.38	129.75	2022743
18/11/2008	130	130	120	120.79	2438788
19/11/2008	122.5	124	117.93	120.66	2043772
21/11/2008	117.43	129.25	115	126.61	1711423
24/11/2008	126	132.91	122.56	129.98	2092639
25/11/2008	129.78	134.99	125.01	126	1443505
26/11/2008	125.81	132.5	124.29	131.86	1533889
28/11/2008	129.5	142	129.5	139.85	3034516
01/12/2008	139.85	148.44	139.09	141.04	2989676
02/12/2008	142.5	142.5	130.76	133.21	1664702
03/12/2008	134.09	137.93	130.4	133.7	2499498
04/12/2008	133.75	138.43	125.84	137.35	2064127
05/12/2008	134.6	136.32	129.56	130.45	1776362
08/12/2008	133.75	136.56	128.1	130.56	1905351
10/12/2008	137.45	139.2	132.38	135.26	2022095
11/12/2008	137.43	137.43	125.5	126.91	1825063
12/12/2008	127.49	127.49	118.81	120.33	1780259
15/12/2008	125.5	125.5	116.81	117.41	1499429
16/12/2008	117.5	121.23	116.25	119.84	1461967
17/12/2008	121.34	123	118	119.33	1619017
18/12/2008	118.73	128.53	118	127.63	1430984
19/12/2008	125.75	133.5	123.53	128.39	1235997
22/12/2008	129.88	129.88	125.85	127.64	1026713
23/12/2008	123.8	127.9	123.06	125.15	891780
24/12/2008	124.18	126.19	118.06	119.54	2287109
26/12/2008	116.3	123.75	116.3	117.91	788641
29/12/2008	119	119.88	115	119.2	1218902
30/12/2008	121.25	123.38	117.5	120.64	880632
31/12/2008	123.08	123.08	118.06	119.48	635924
01/01/2009	120	124.71	119.29	124.21	609108
02/01/2009	124.26	127.18	123.54	124.58	1343935
05/01/2009	125.5	130.75	124.5	128.81	1207444
06/01/2009	128.75	130.5	124.56	126.6	1479748
07/01/2009	129.75	129.95	116.15	126.2	2253457
09/01/2009	124.98	137.45	121.25	134.24	3554995
12/01/2009	127.91	132.5	126.28	128.14	1898854
13/01/2009	124.9	134.25	122.05	131.41	3339952
14/01/2009	132	139.4	132	134.74	1489726
15/01/2009	130	130.75	124.59	127.61	1792881
16/01/2009	127.18	129.75	121.63	125.75	2447519
19/01/2009	129.48	129.48	121.83	125.19	1717094
20/01/2009	123.68	126.98	122.5	124.11	1158799
21/01/2009	122.75	125.25	121.25	123.08	917465
22/01/2009	123.75	126.01	120.79	124.15	1212034
23/01/2009	122.53	124.73	120.83	121.54	757805
27/01/2009	122.75	128.75	122.75	124.78	1310989
28/01/2009	118.8	127.5	118.8	126.86	1197349
30/01/2009	126.25	128.75	124.58	127.9	2176881
02/02/2009	127.2	127.2	121.79	122.83	808673
03/02/2009	123.25	127.45	123.25	124.96	952140
04/02/2009	125.75	128.23	123.25	124.66	621189
05/02/2009	125	125.65	119.56	120.73	1085387
06/02/2009	122.5	126.98	121.75	125.7	1710097
09/02/2009	125	130.91	124.16	128.75	1148806
10/02/2009	129.25	132	127.75	131.15	1697693
11/02/2009	129.5	130.75	128	128.69	1125683
12/02/2009	128	128.93	126.03	127.48	711093
13/02/2009	127.5	130	126.75	127.8	814302
16/02/2009	126.9	128.74	124.5	125.19	625499
17/02/2009	124	124.95	120	121.31	737597
18/02/2009	120.34	122.73	119.25	120.19	657353
19/02/2009	120.5	123.2	119.75	122.38	869268
20/02/2009	121.63	121.88	116.08	118.51	1192847
24/02/2009	117.5	118.93	115.13	117.23	1123883
25/02/2009	117.5	121.2	117.5	120.19	1379482
26/02/2009	120.25	122.65	119.25	120.55	2202072
27/02/2009	120.5	122.25	113.81	120.78	1687537
02/03/2009	118.53	120.5	113.7	114.96	997236
03/03/2009	113	116.5	109.84	111.55	890224
04/03/2009	112	116.11	111.55	115.14	814575
05/03/2009	116.24	117.73	114.5	115.8	1071124
06/03/2009	115	121.21	114.41	120.43	1451401
09/03/2009	117.78	120	114.75	115.75	1133796
12/03/2009	115.41	121.25	115.41	119.35	2154364
13/03/2009	118.34	127.5	118.34	126.71	2549925
16/03/2009	127.5	130.7	125.6	129.95	1168224
17/03/2009	128.75	129.5	123.26	124.39	1736543
18/03/2009	125	128.63	125	126.29	1603450
19/03/2009	126.38	129.5	125.4	128.74	1845646
20/03/2009	132.23	132.23	126.38	127.45	1034845
23/03/2009	131.13	132.4	127.75	129.91	1146828
24/03/2009	130.55	133.13	128.05	130.41	1670386
25/03/2009	125.91	132.48	125.91	131.5	957904
26/03/2009	128.16	144.49	128.16	139.61	3807582
27/03/2009	134.16	146.25	134.16	143.71	1769856
30/03/2009	133.44	142.5	129.5	130.81	1287047
31/03/2009	131.25	135.98	131.25	134.64	1194418
01/04/2009	134	138.45	130.13	136.13	1681142
02/04/2009	136.41	146.75	136.41	144.69	2125941
06/04/2009	146.2	148.5	143.93	144.89	1353645
08/04/2009	146.28	153.43	140.25	151.04	2548378
09/04/2009	153	154.98	148.56	150.64	1646681
13/04/2009	151.13	152.25	143.8	148.06	1030252
15/04/2009	137.89	145.45	137.51	144.43	2441809
16/04/2009	145	147.25	141.8	143.01	2217241
17/04/2009	144.2	149.88	141.28	143.28	1666006
20/04/2009	138.19	145.45	138.19	140.35	1332550
21/04/2009	144.9	147.13	136.25	137.69	2872245
22/04/2009	140	141.15	134.29	135.74	1646231
23/04/2009	137.38	143.21	136.3	142.03	1843428
24/04/2009	139.99	146.75	139.99	145.98	1344381
27/04/2009	145.96	152.2	143.13	150.48	2035281
28/04/2009	149.78	151.96	144.09	149.63	2097173
29/04/2009	150.5	157.25	150.5	155.9	2632823
04/05/2009	157.75	174.9	157.54	166.6	2785734
05/05/2009	167.25	168.74	159.03	162.75	2205579
06/05/2009	159.56	162.43	153.75	158.84	13130524
07/05/2009	159	161.25	154.82	157.93	1934716
08/05/2009	157	160.5	154.63	157.74	2250438
11/05/2009	159.63	159.91	152.25	153.81	1324653
12/05/2009	152.5	161.45	152.5	160.28	2371863
13/05/2009	160.5	161.23	153.75	155.43	1831200
14/05/2009	154.5	156.75	151.32	154.95	2360794
15/05/2009	156	163.71	156	161.01	2735618
18/05/2009	191.65	197.9	173.75	185.96	18345
19/05/2009	187.5	187.5	163.9	167.44	3253894
20/05/2009	167.5	175.49	165.75	169.16	2126916
21/05/2009	167.5	171.25	161	161.86	1114831
22/05/2009	157.5	161.25	157.5	158.51	1465364
25/05/2009	159	161	155.66	157.84	1418411
26/05/2009	158.74	159.91	155.13	156.11	1514725
27/05/2009	157.7	163	157.7	162.14	2305717
28/05/2009	155.85	168.48	155.85	165.8	4215919
29/05/2009	167.19	177.5	163.16	176.15	3467806
01/06/2009	168.34	177.46	168.34	174.41	1976451
02/06/2009	175	177.5	172.5	173.69	1029543
03/06/2009	172.5	176.19	170.78	174.21	978736
04/06/2009	171.75	177.25	171.59	176.8	1755176
05/06/2009	177.25	182.18	174.09	180.34	3305033
08/06/2009	181.18	187.44	180	185.53	2316956
09/06/2009	182.78	198.75	182.78	195.54	2422677
10/06/2009	196.25	201.25	191.81	195.45	2345949
11/06/2009	197	198.11	192.5	193.78	970800
12/06/2009	196.25	198.7	190.3	191.14	1589665
15/06/2009	191.18	196.25	188.75	194.5	1648967
16/06/2009	191.65	196.75	185.6	194.58	2172003
17/06/2009	196	197.5	187.5	189.38	1870784
18/06/2009	189	196.5	186.03	188.2	2376554
19/06/2009	188.5	196	187.5	189.9	3863866
22/06/2009	192.2	193.9	184	184.83	2053104
23/06/2009	180	188.88	179	183.33	2567847
24/06/2009	186.48	194.25	180.1	190.88	3651977
25/06/2009	191	196	185.15	190.25	4847331
26/06/2009	191.25	202.2	188.28	198.7	3049850
29/06/2009	199.93	201	191.68	193.1	2372603
30/06/2009	193.75	199	191.58	194.93	2961974
01/07/2009	193.55	197.5	191.23	196.48	1842369
02/07/2009	195	197.65	190.6	195	1857714
03/07/2009	192.5	196.2	192.5	195.48	1459922
06/07/2009	198.5	199.23	189.18	190.35	2244458
07/07/2009	192	196.63	190	194.58	1902284
08/07/2009	194.35	194.45	184.13	190.58	3347383
09/07/2009	191.05	195.55	185.5	194.08	1982404
10/07/2009	195.5	200.73	195	197.58	3734374
13/07/2009	195	200.5	194.13	198.75	2559916
14/07/2009	202.5	205.55	200.2	203.48	2232068
15/07/2009	205.45	213.65	205	211.58	2235047
16/07/2009	214	217.4	206.6	209.9	3798438
17/07/2009	210.7	222.88	210.5	217.05	4547478
20/07/2009	222.5	257.45	222.5	250.28	17269768
21/07/2009	251.5	256.58	237.03	238.8	6502910
22/07/2009	241.85	242.5	226.15	233.15	5337345
23/07/2009	235.5	241.45	235	237.83	3831339
24/07/2009	245	245	238	241	0
27/07/2009	241	244.48	238.55	240.15	2326169
28/07/2009	242.18	242.48	235.65	240.33	3167492
29/07/2009	240	252.35	237.5	249.9	5536075
30/07/2009	252.63	272.5	245.13	266.55	7836241
31/07/2009	269.5	270	260.7	262.98	2817483
03/08/2009	265	267.42	260.55	265.83	1760274
04/08/2009	260.25	270.6	260.25	265.08	2740646
05/08/2009	264.75	268.48	253.78	264.5	3212005
06/08/2009	264.5	267.2	257.1	258.7	2089374
07/08/2009	258.3	260.98	253.05	254.55	2276333
10/08/2009	257.58	275.88	257	269.52	5311988
11/08/2009	268.75	279	267.05	270.95	4421740
12/08/2009	267.5	268	255.5	259.83	5663268
13/08/2009	267.2	267.2	259.8	263.38	5016964
14/08/2009	265	265	259	260.75	2575907
17/08/2009	258.4	258.75	252.63	255.08	2981410
18/08/2009	252.5	257.42	249.75	254.43	4074922
19/08/2009	256.4	257.35	247	249.03	2801685
20/08/2009	252.45	254.2	249.05	250.5	1830480
21/08/2009	251	256.25	247.5	254.63	3464511
24/08/2009	257.98	262.92	256.77	260.77	2103602
25/08/2009	259	265.5	257.05	264.15	2764649
26/08/2009	263.35	277.5	263.27	274.25	4426312
27/08/2009	275	283	270.5	273.88	5115464
28/08/2009	272.88	275	265.55	270.4	2281568
31/08/2009	265.5	266.9	260.65	263.52	3585176
01/09/2009	267.5	268.17	259.55	263.45	4931097
02/09/2009	260.5	271.45	260.5	267.3	4080709
03/09/2009	269.95	272.2	265.23	266.83	3898372
04/09/2009	270	272	263.6	265.95	3131723
07/09/2009	267.9	276.77	266.8	275.48	2962860
08/09/2009	275.95	285.25	274.83	277.33	4946021
09/09/2009	278	282.4	271.58	280.23	3766093
10/09/2009	282	284.5	276.02	278.27	2449457
11/09/2009	280.5	284.5	277.75	280.17	4565148
14/09/2009	266.83	281.95	266.83	279.55	1600486
15/09/2009	282	287.85	281	285.95	2154093
16/09/2009	289.5	289.98	282.6	285.25	2908261
17/09/2009	287.5	294	286.5	291.48	2641610
18/09/2009	292.5	295	289.5	292	1962674
22/09/2009	294.98	303	291.13	301.33	1881640
23/09/2009	304	305.83	293.63	295.45	2261205
24/09/2009	294	304.65	291	301.27	3401674
25/09/2009	277.5	299	277.5	293.7	1534103
29/09/2009	297.48	307.23	295.5	305.2	3573062
30/09/2009	307.48	311.4	306.1	310.5	2186712
01/10/2009	309	324.95	307.52	314.92	2843472
05/10/2009	309.35	319.5	305.5	307.65	3129798
06/10/2009	312.48	314.2	302.5	307.1	3724027
07/10/2009	309.45	309.45	294.33	295.85	5037986
08/10/2009	297.5	299.38	284.25	285.7	5081086
09/10/2009	287.52	295.2	278.33	280.88	5016239
12/10/2009	283.5	292.13	281.77	289.92	2587110
14/10/2009	292.48	299	290.35	296.48	1989790
15/10/2009	297	298.95	287.5	290.9	2116190
16/10/2009	283	302.2	283	299.15	3594971
20/10/2009	307	312.9	306.02	310.52	3920292
21/10/2009	310	319.7	309	316.4	2865819
22/10/2009	316	321.98	307.67	312.92	2146462
23/10/2009	315.05	322.95	314.8	319.9	3747230
26/10/2009	321.5	328.83	317.5	322.27	2035873
27/10/2009	328.95	328.95	317.27	321.38	1970440
28/10/2009	321.2	324.45	317.5	321.42	1791157
29/10/2009	318	322.75	315.6	317.02	2441356
30/10/2009	321	324.38	310	314.15	1438062
03/11/2009	318	318	300.5	303.02	1384144
04/11/2009	305.55	314	305	312.85	2277899
05/11/2009	315	315	302.8	312.25	1365651
06/11/2009	310	317.48	306.83	311.08	2089742
09/11/2009	312.5	314	307.5	311.38	1716043
10/11/2009	313	314.5	310	313.33	2305203
11/11/2009	313.52	323.5	309.25	322.63	2024706
12/11/2009	322.5	330.75	321.77	327.67	2363883
13/11/2009	327.48	337.45	323.77	335.08	2298948
16/11/2009	335	338.5	330	332.88	1761904
17/11/2009	334	346.45	329.65	345.23	2672165
18/11/2009	345.5	352.85	341.75	343.45	2791457
19/11/2009	344.95	346.2	334.75	339.95	1732332
20/11/2009	339	348	335.05	346.58	1400387
23/11/2009	347.5	350	343	347.05	1271737
24/11/2009	352	352	341	349.53	1360936
25/11/2009	349.53	355.83	346	351.4	1946627
26/11/2009	352.48	353.67	342.5	343.95	2204559
27/11/2009	338.28	343.2	327.5	335.23	1884529
30/11/2009	337	346.48	337	344.2	1941444
01/12/2009	351.7	351.7	340.13	342.88	1614982
02/12/2009	347.48	347.48	338.53	342.15	1080977
03/12/2009	343.88	347.95	339.63	345.03	1489353
04/12/2009	340.5	350.5	340.5	347.6	1966704
07/12/2009	349	352.95	347.5	349.7	1103826
08/12/2009	349.92	350.42	345.13	349.15	2113086
09/12/2009	349	355.45	346.6	353.35	2354424
10/12/2009	352.5	355	350.98	352.83	829742
11/12/2009	353.58	357.2	350	353.05	1344156
14/12/2009	350.5	355.98	350.42	352.55	1504421
15/12/2009	354	356	348.6	350.48	1043576
16/12/2009	350.85	358.88	347.5	356.58	1782689
17/12/2009	359	364	357.5	361.38	1891151
18/12/2009	361.38	365.75	359.78	363.75	1397645
21/12/2009	365.05	374.5	363.25	367.03	4663497
22/12/2009	370	371.25	359.6	362.03	1594571
23/12/2009	364.23	374.75	362.78	373.28	2235343
24/12/2009	375	378.5	370.53	374.65	1528843
29/12/2009	375	375.9	368.33	370.7	1128139
30/12/2009	371	374.38	357.63	371.38	736055
31/12/2009	373.13	377.5	371.9	375.13	1426731
04/01/2010	377.4	379.45	374.53	375.83	981841
05/01/2010	377.5	379.78	373.28	375.92	1007244
06/01/2010	375.92	376.1	366.5	367.42	1674588
07/01/2010	367.75	369.7	355.5	357.2	3237446
08/01/2010	358	359.25	348.25	349.9	3024089
11/01/2010	352	360.05	350.2	357.1	2159204
12/01/2010	366	377	363.5	375.03	4513845
13/01/2010	372.5	398.2	372.33	394.28	5455136
14/01/2010	399.23	399.23	384.67	389.92	5163807
15/01/2010	398	399.8	386.13	395.7	3972504
18/01/2010	400	414.5	396.5	401.1	3630542
19/01/2010	401.1	401.1	389.33	390.35	2577425
20/01/2010	396.1	396.1	385.45	389.7	2173527
21/01/2010	386.13	395.98	383.95	385.33	2544752
22/01/2010	380.5	382.5	372.35	378.92	3787495
25/01/2010	378.75	382.75	370.58	378.1	1504143
27/01/2010	375	379.85	370.08	371.65	2422199
28/01/2010	374.75	378.98	363.85	370.88	3268598
29/01/2010	367	369.9	356.08	368.1	2736663
01/02/2010	367.17	381.4	360	373.08	1689006
02/02/2010	377.5	381.33	367.5	369.2	2369594
03/02/2010	372	378.45	367.75	376.48	1488838
04/02/2010	376.48	376.95	366.25	369.35	1358306
05/02/2010	367.5	367.5	358.3	361.75	2303559
08/02/2010	364.5	367.38	354.08	362.08	2085172
09/02/2010	362.5	370.98	360.53	367.58	1502947
10/02/2010	369.95	371.85	364.05	366.15	1168687
11/02/2010	368.98	373.98	367.5	371.35	1206578
15/02/2010	375	375	369.28	373.08	978241
16/02/2010	373.63	382.48	371.1	379.08	830245
17/02/2010	382.45	383.98	376.28	379.33	1264145
18/02/2010	380	383.48	377.75	379.4	907403
19/02/2010	377.45	379.75	372.9	375.28	1107940
22/02/2010	378.5	381.85	376.9	378.63	1071730
23/02/2010	379.5	382.5	375.63	381.05	926526
24/02/2010	378	385.35	376.05	382.67	2038029
25/02/2010	384.9	384.9	380.63	383.13	1336492
26/02/2010	383.55	389.28	373.08	380.9	1507967
02/03/2010	381	384.5	377.5	381.6	2026676
03/03/2010	384.5	387	382.08	384.38	1377371
04/03/2010	384	385	378.5	381.95	1026803
05/03/2010	382.5	383.48	380.08	381.3	643656
08/03/2010	383.8	385	380.15	381.35	1507870
09/03/2010	381.5	389.25	381.5	384.35	1728866
10/03/2010	381.85	392.23	380	390.03	2293937
11/03/2010	390.03	397.45	385.98	395.8	1607015
12/03/2010	400	400	396	398.48	1255488
15/03/2010	398.48	410	395.58	409	3027217
16/03/2010	410.75	415.98	407.9	414.5	1544428
17/03/2010	417	422.95	415	420.35	2087397
18/03/2010	422.5	422.5	410.25	412.92	1862277
19/03/2010	402.63	417.23	402.63	410.45	2358312
22/03/2010	407.45	416.9	403.08	413.8	1655055
23/03/2010	415	416.5	411.05	414.33	847482
25/03/2010	412.05	418.4	409	414.9	2758791
26/03/2010	415	418	411.15	412.53	998903
29/03/2010	412	414.65	404.28	405.98	1721633
30/03/2010	404.3	408.05	398.58	400	1548580
31/03/2010	400	403.63	388.65	390.33	3541523
01/04/2010	393.17	404.9	391.05	403.9	2890716
05/04/2010	408.5	408.5	399.63	401.67	1500918
06/04/2010	404.45	404.45	396.08	398.03	1851183
07/04/2010	395	404.5	390.58	399.03	1512279
08/04/2010	398	403.75	395	399.73	2247219
09/04/2010	401	403.95	394.13	395.8	1509006
12/04/2010	395.5	400	395.05	399.05	1434941
13/04/2010	400	411.9	393.63	410.42	4202458
15/04/2010	411	417.45	409.53	410.85	2145476
16/04/2010	409.5	414	405.92	407.55	1905479
19/04/2010	405	412.5	400.38	405.98	3473852
20/04/2010	412.5	416.33	393.5	394.75	6008493
21/04/2010	397.5	399.5	390.13	392.5	3553745
22/04/2010	394.55	396.83	390.5	392.98	2375558
23/04/2010	394.03	396	388.75	390.1	2153034
26/04/2010	393	395.5	390.1	392.55	1256274
27/04/2010	392.98	394.95	390.53	393.65	1310617
28/04/2010	390	391.98	382.5	385.15	1200191
29/04/2010	387.55	387.63	377.8	379.88	2311482
30/04/2010	382.5	386.4	381.28	382.7	1845112
03/05/2010	380.63	385.7	377.05	383.4	1208280
04/05/2010	387.42	387.42	378.4	380.5	1448014
05/05/2010	375	384	370.08	382.88	2185615
06/05/2010	383.98	385.45	379.6	383.55	1290436
07/05/2010	378.5	381.3	367.5	370.7	2133576
10/05/2010	380	421.5	372.5	385.13	1163907
11/05/2010	387.5	389.5	376.95	378.15	675644
12/05/2010	378.5	383.98	375.55	379.73	1370038
13/05/2010	382.55	386.6	380.73	382.8	660726
14/05/2010	383	388.5	377.5	381.92	1013498
17/05/2010	387.48	387.48	367.05	372.88	1861025
18/05/2010	373	373	363.15	367.55	1599590
19/05/2010	365	366.5	358.15	360.75	1964633
20/05/2010	364.5	366.15	358.08	365	1199046
21/05/2010	355	362.95	342.63	359.35	1337546
24/05/2010	362.5	365	356.35	358.8	1442714
25/05/2010	354	357	345.78	349.78	1148683
26/05/2010	354	372.4	352.05	369	1844732
27/05/2010	367.5	374.98	363.6	370.92	3441936
28/05/2010	374.9	376.75	367.75	375.4	1239687
31/05/2010	374.25	376.45	369	371.53	1663830
01/06/2010	371.53	375.98	367.35	369.6	1568456
02/06/2010	368.9	379.75	368.15	377.13	1384665
03/06/2010	380	384.5	372.55	382.73	842217
04/06/2010	382.73	384.85	377.6	382.67	684105
07/06/2010	374.95	378.9	368	376.63	867461
08/06/2010	377	381	373.5	375.1	1121111
09/06/2010	376	379.28	365.5	366.53	2433700
10/06/2010	365	376.5	365	375.25	898018
11/06/2010	380.9	381.65	375.5	379.55	1618512
14/06/2010	381.67	393.55	379	390.5	1775246
15/06/2010	378.33	388.85	378.33	383.05	1321488
16/06/2010	388.55	389.98	383.65	387.4	1164408
17/06/2010	388.5	392.4	381.85	387.65	764460
18/06/2010	387.65	394.45	386.13	391.6	1112836
21/06/2010	396.45	397	392.3	393.85	953714
22/06/2010	392.5	393.25	386.65	389.33	734162
23/06/2010	385	394.48	384.92	393.15	1479762
24/06/2010	393.15	394.25	383.85	386.73	1888755
25/06/2010	387.9	387.9	378.05	379.25	1018661
28/06/2010	379.23	383.58	378.8	382.38	576562
29/06/2010	382.5	382.5	374.5	376.9	1307331
30/06/2010	377.5	379.95	370.63	375.5	1658258
01/07/2010	375	375	362.88	366	1703872
02/07/2010	367.4	373	365.42	371.9	1471775
05/07/2010	374.4	374.45	368.55	369.5	1082798
06/07/2010	368.25	380.95	367.92	379.58	1380452
07/07/2010	380.7	383.7	374.48	382.3	1076467
08/07/2010	386	389.5	384.83	388.4	1093782
09/07/2010	390	392	385.38	387.23	918333
12/07/2010	389.9	397	389.9	395.85	1362888
13/07/2010	396	396	384.78	387.33	2772943
14/07/2010	389	392.35	385.13	387.33	1416921
15/07/2010	385.5	392.45	382.63	391.05	1897768
16/07/2010	397.5	419.25	397.5	416.83	9567726
19/07/2010	415.73	417.35	411.63	413.35	1513962
20/07/2010	413.35	417.28	412.5	413.63	1171031
21/07/2010	416	422.4	414.8	421.5	1471860
22/07/2010	421.5	423	416.25	421.85	681441
23/07/2010	425	425	417.55	419.65	947236
26/07/2010	421.2	425.8	420.2	424.63	1383245
27/07/2010	427.5	429.9	423.1	424.58	1053301
28/07/2010	425.5	428.98	423.5	427.23	2179614
29/07/2010	427.5	427.5	424.5	425	2665952
30/07/2010	424.5	425	417.5	419.9	641713
02/08/2010	421.5	424.23	418.5	419.15	1413881
03/08/2010	420.5	422.25	414.28	416.03	640776
04/08/2010	418	436	417.92	434.4	2791967
05/08/2010	436	441.2	432.83	438.92	1456475
06/08/2010	440	441.75	430.33	432.35	1218867
09/08/2010	430.58	441.85	423.05	439.92	2129993
10/08/2010	442.5	442.5	430.7	432.25	772597
11/08/2010	431	436.5	427.4	429.08	2010124
12/08/2010	428.45	428.45	423.1	426.73	1139046
13/08/2010	428.5	431.45	419	427.2	1294953
16/08/2010	428.5	431.28	424.4	427.05	659549
17/08/2010	425.05	430.5	422	425.1	866598
18/08/2010	426.5	437.9	425	435.55	1444458
19/08/2010	437	440.45	433.65	436.03	1074267
20/08/2010	434.5	439.95	431.5	434.48	873198
23/08/2010	430	437.73	428.53	435.2	524915
24/08/2010	435	440.95	432.5	435.35	1325237
25/08/2010	436	440.75	433.15	435.6	1189984
26/08/2010	437	439.5	430.13	438.25	2102214
27/08/2010	436.05	436.5	425.5	428.03	638257
30/08/2010	431.4	431.4	420.05	422.83	779285
31/08/2010	420	423.85	415.1	421.88	1223937
01/09/2010	421	430.5	420	429.2	1372742
02/09/2010	433.75	433.75	420.75	422.05	1379400
03/09/2010	425	425.75	417.55	418.65	1388985
06/09/2010	419	428.75	419	427.67	1143989
07/09/2010	429	437.45	428	435.67	1242118
08/09/2010	432	441.45	429.45	439.53	2094739
09/09/2010	441	441.25	435.67	437.35	1469079
13/09/2010	435.67	444.5	435.35	439.88	1174705
14/09/2010	441.5	449.5	440.15	447.67	1535519
15/09/2010	450	459.7	449.5	457.4	2780197
16/09/2010	454	456.73	432.25	447.7	1167132
17/09/2010	450.05	459.38	450.05	456.9	1503989
20/09/2010	458.5	460.95	453.35	456.13	1209554
21/09/2010	456	479	455.15	476.98	2498592
22/09/2010	478	480	465	467.63	2015533
23/09/2010	470	472.65	463.9	465.67	1663618
24/09/2010	466.55	468.95	462.5	465.98	1369392
27/09/2010	467.5	470.73	461	463.8	1711645
28/09/2010	462.63	465.15	457.05	459.83	1260857
29/09/2010	462.5	468.63	457.45	460.17	1685097
30/09/2010	462.5	465	457.58	463.48	3780462
01/10/2010	463.5	483	461	480.8	1663078
04/10/2010	483.38	487.5	476.5	477.9	1070478
05/10/2010	475	482.98	473.08	475.13	1105832
06/10/2010	475	483.95	475	479.83	919480
07/10/2010	480	483	469.2	474.4	986470
08/10/2010	472.03	477.35	434.5	471.3	1347998
11/10/2010	471.3	476.98	464.53	470.45	1532685
12/10/2010	471.33	477.9	469.55	475.35	1304451
13/10/2010	477.98	498.85	474.55	496.42	2675302
14/10/2010	498.45	502	491.17	493.03	1474543
15/10/2010	499.5	505.5	472.5	475.15	2858899
18/10/2010	485	492	465	490.63	2240367
19/10/2010	491	493.7	482.05	483.88	1100456
20/10/2010	482.25	490.25	478.1	481.63	1103319
21/10/2010	487.03	496.92	485	493.1	1876177
22/10/2010	511	524.7	511	520.1	4805202
25/10/2010	521.5	536.48	518.6	533.48	2578158
26/10/2010	531.75	533.88	520.78	531.3	1753512
27/10/2010	530	533.4	521.78	524.1	1070691
28/10/2010	525	533.78	520	526.45	2627845
29/10/2010	530	530	515.5	526.45	1106199
01/11/2010	526.03	533.2	524.55	526.7	573974
02/11/2010	527.5	530	521.85	524.73	782889
03/11/2010	525.45	539.5	524.2	526.4	1108939
04/11/2010	531	539.3	530.75	534.58	858720
05/11/2010	541.45	541.95	537.67	539.2	178897
08/11/2010	540	541.2	531.05	534.08	1124293
09/11/2010	536.95	549.35	534.25	545.55	1752043
10/11/2010	546.13	554	543.05	546.15	770112
11/11/2010	545	545	529.13	532.38	963048
12/11/2010	530	534.95	524.1	527.95	901165
15/11/2010	532.5	539.92	526.5	533	694698
16/11/2010	533	533.2	521.1	524.45	1089038
18/11/2010	536	536	520	521.4	1382580
19/11/2010	522.45	524.5	503	507.7	1086326
22/11/2010	508	521.5	505.75	519.55	1110618
23/11/2010	517	522.5	506.2	515.03	842224
24/11/2010	512.5	517.25	499.48	502.38	1504304
25/11/2010	505.03	520.95	503.55	510.9	2927503
26/11/2010	512.5	527	512.5	523.63	1808913
29/11/2010	527.5	539.25	525.13	535.65	2259446
30/11/2010	530.25	543.03	526.55	538	2404204
01/12/2010	532	546.6	532	540.95	1888016
02/12/2010	545.5	549.6	537.53	547.9	2047858
03/12/2010	546.53	556.5	545.58	548.67	1015056
06/12/2010	550	555	547.65	550.85	965477
07/12/2010	550	550	541.05	543.75	1079162
08/12/2010	545.48	546.48	535.63	539.58	992066
09/12/2010	541.85	548.65	534.05	536.3	1289951
10/12/2010	533.5	541.92	528.5	537.45	1122812
13/12/2010	535.5	540.35	524.2	538.05	1057533
14/12/2010	536.6	544.8	532.08	540.48	1307670
15/12/2010	542.55	554.2	540.75	551.83	1286017
16/12/2010	554.5	572	552.08	570.35	2257852
20/12/2010	567.4	588.5	557.42	583.35	2257023
21/12/2010	584.5	586.13	577	580.4	1405321
22/12/2010	583.5	584.5	568.88	574.88	1593418
23/12/2010	575	579.78	566.05	570	1425462
24/12/2010	567	574.4	562.88	570.55	812320
27/12/2010	572.5	579.73	569.1	570.6	832468
28/12/2010	570.6	575.45	570.03	573.17	506438
29/12/2010	574.5	581	573.53	578.48	521185
30/12/2010	576.25	587.4	576.25	585.1	1922776
31/12/2010	586.25	590	580.9	582.83	766490
03/01/2011	583.5	588.48	577.28	579.03	702521
04/01/2011	581.95	583.08	569.05	572.38	1251434
05/01/2011	572.63	582.95	570.88	579.48	1534837
06/01/2011	584	591	576.55	585.85	1423360
07/01/2011	588	593.42	569.08	571.33	1266362
10/01/2011	573.75	574.5	560.5	565.45	1976213
11/01/2011	561.5	567.78	543.9	549.25	1884365
12/01/2011	554.95	575.8	554	567.98	1580437
13/01/2011	564.48	577.98	558.1	562.13	2794599
14/01/2011	564.95	575	560	560.08	1575846
17/01/2011	560.6	573.28	560	568.7	1500106
18/01/2011	587	604.45	582.17	601.28	4240685
19/01/2011	601.73	604.5	592.5	596.5	1476020
20/01/2011	590	609.38	590	606.1	2272604
21/01/2011	605	610	602	605.83	1298702
24/01/2011	600	610	599.13	604.6	1008339
25/01/2011	607.4	609.65	590	594.28	1233547
27/01/2011	593.78	604.98	590.8	599.7	2357059
28/01/2011	597.5	601.8	582.63	590.67	1507289
31/01/2011	584.5	584.5	564.28	579.75	2970408
01/02/2011	582.5	582.5	566.5	575.08	2106354
02/02/2011	585	599.45	581.17	591.23	1968809
03/02/2011	592.35	597.85	585.33	591.85	941706
04/02/2011	588	591.55	570.13	574.4	1728800
07/02/2011	586.75	586.75	563.25	565.58	1289191
08/02/2011	566	574.95	559.25	562.55	2644319
09/02/2011	561.25	564.8	541.85	549.15	3006366
10/02/2011	550	557.25	536	545.38	2275911
11/02/2011	542.05	552.1	527.95	544.8	1472528
14/02/2011	545.5	560	543.5	556.15	1231274
15/02/2011	559.5	559.5	538.28	548.85	1812713
16/02/2011	552.5	554.85	540.5	548.25	1232296
17/02/2011	552.5	557.23	546.2	554.6	738880
18/02/2011	555.13	566.2	541.05	544.85	2038464
21/02/2011	545	574	529.1	569.3	2828900
22/02/2011	561.33	573.85	560	569.38	1652700
23/02/2011	564.08	572.48	561.55	562.78	939672
24/02/2011	559.5	569.38	545.65	555.9	2689415
25/02/2011	552.65	558.5	544.13	555.03	1535237
28/02/2011	550.6	574.13	550	555.13	1614698
01/03/2011	556.5	566	548.8	562.25	1583902
03/03/2011	559.95	577.5	553.5	575.1	1726300
04/03/2011	581.67	581.67	566.25	567.78	1030599
07/03/2011	562	562.5	547.23	554.13	2092294
08/03/2011	552.58	564.4	552.58	558.85	1973951
09/03/2011	561.28	569	559.25	563.35	1212243
10/03/2011	561	561	550	554.28	935662
11/03/2011	550	551.2	531.65	538.53	2506441
14/03/2011	535.5	551	529.2	548.78	1624309
15/03/2011	537.5	547.73	532.83	544.9	1705934
16/03/2011	546	561.73	545.58	557.42	1338937
17/03/2011	552.5	559.45	546.33	549	1028051
18/03/2011	546.75	554.5	538.05	541.38	1105674
21/03/2011	545.75	545.75	533.25	535.4	1309545
22/03/2011	537.55	540	531.5	534.75	1328887
23/03/2011	535.5	535.5	528.63	532.17	2176124
24/03/2011	535.5	547.78	535	546.7	1547417
25/03/2011	558.42	564.25	551.88	559.83	2073217
28/03/2011	561.92	563.35	554	559.95	1124321
29/03/2011	560	575.95	559.58	569.35	1579794
30/03/2011	574	582	572.45	575.98	1147385
31/03/2011	576	599	576	591.95	3697063
01/04/2011	592.5	599.38	586.28	590.08	899812
04/04/2011	592.5	608	592	606.6	1155808
05/04/2011	607.53	621.98	601.88	619.92	1445507
06/04/2011	619.5	623.48	607.08	610.92	1211176
07/04/2011	610	610	597.58	599.6	1074508
08/04/2011	598.45	607	592.38	598	991884
11/04/2011	590.08	597.5	587.65	589.2	1128116
13/04/2011	587.5	610.7	587.15	605.05	1878765
15/04/2011	608.45	609.95	590	595.7	3783385
18/04/2011	599	606.25	570.03	572.3	3882727
19/04/2011	572.3	584.7	570	582.35	1560112
20/04/2011	589.9	612	589.78	609.35	2669274
21/04/2011	620.5	622.9	585.42	596.05	8666984
25/04/2011	598.5	602	586.33	598.92	2095776
26/04/2011	600	601	590.17	594.5	1577623
27/04/2011	597.48	597.48	588.03	590.3	887239
28/04/2011	590.08	591.75	577.8	579.33	1423097
29/04/2011	586	586	575.13	582.83	933348
02/05/2011	585	588.75	576.25	579.23	771535
03/05/2011	581	581	565.5	569.23	1060078
04/05/2011	573	573	557.58	568.53	1361467
05/05/2011	572.5	572.5	554.05	557.5	942798
06/05/2011	560	576.75	559.88	574.48	1202674
09/05/2011	575	575.98	562.25	567.78	506116
10/05/2011	566.5	579.98	564	569.95	764579
11/05/2011	569.5	575.85	563.05	570.13	730335
12/05/2011	566.95	566.95	554.17	555.88	1270229
13/05/2011	556	571.15	556	563.55	1182744
16/05/2011	560.5	573.7	560	565.55	1113684
17/05/2011	561.03	574.6	561.03	570.85	695707
18/05/2011	571.13	580.75	571.13	577.53	1112590
19/05/2011	582.5	585	578	582.42	1025461
20/05/2011	586.88	591.7	581.63	587.5	1025300
23/05/2011	582	585.25	575	583.28	1008642
24/05/2011	581.33	586.4	569.58	574.95	840997
25/05/2011	574.55	574.95	560	564.3	933735
26/05/2011	569.5	571.5	560	567.88	1030109
27/05/2011	574.28	574.95	568.15	572.28	643352
30/05/2011	575.5	579.98	571.15	575.98	570434
31/05/2011	577.5	588.85	575.05	578.58	1322077
01/06/2011	578.5	588.5	578.5	587.7	491193
02/06/2011	579.45	586	578.33	583.88	848827
03/06/2011	583	587.5	575	576.05	683904
06/06/2011	570	584	570	582.17	678537
07/06/2011	581.5	591.58	579	589.65	918721
08/06/2011	585.95	592.5	581.75	590.7	1063835
09/06/2011	587.5	596.9	587.5	593.17	1346983
10/06/2011	593.28	598.75	592.55	594.6	1887275
13/06/2011	594.6	595.25	586.28	587.65	1614700
14/06/2011	589	597.45	589	595.53	1062891
15/06/2011	593	602.5	590.63	592.13	1406191
16/06/2011	591.5	592.95	574.13	575.58	1168760
17/06/2011	577.5	578.5	552	554.6	1894073
20/06/2011	557.5	559.5	529	534.65	2655204
21/06/2011	537.5	555.35	531.6	553.38	1712973
22/06/2011	558	558.45	540	541.75	1785417
23/06/2011	540.9	550.5	535.05	548.5	1214118
24/06/2011	550	570.38	549.5	568.88	2075794
27/06/2011	561	577.35	561	575.3	1562609
28/06/2011	580	581	567.83	577	1066666
29/06/2011	577.35	589.45	577.35	584.92	1479352
30/06/2011	584.9	596	583.5	592.1	2586458
01/07/2011	599	599	589.85	595.95	960420
04/07/2011	596.5	600	590	592.85	801867
05/07/2011	594.9	595.5	586.7	589.73	1030568
06/07/2011	589.13	596.45	585.85	591.4	745089
07/07/2011	591.55	600	591.55	597.95	1301317
08/07/2011	598	602.5	584.63	585.83	1706030
11/07/2011	585	588.9	573.3	578.33	911252
12/07/2011	567.85	574.4	556.05	572.67	2039702
13/07/2011	575	584	565.5	574.53	1976300
14/07/2011	575	579.3	559.55	561.85	3468922
15/07/2011	584	588.95	570.55	573.03	3639850
18/07/2011	574	576	561.15	562.53	1562604
19/07/2011	560.8	574.08	560.13	570.03	1097646
20/07/2011	575	575.9	562.5	566.23	1403873
21/07/2011	566	566.25	560.03	561.28	925312
22/07/2011	563.38	570.65	563.25	566.7	1045221
25/07/2011	567.5	572	561.58	569.95	2370357
26/07/2011	569.9	575.98	563.63	572.33	1984361
27/07/2011	574.48	577.33	569.08	573.58	1012145
28/07/2011	570	572.45	560.15	564.78	2046907
29/07/2011	566.5	571	560.83	568.5	859569
01/08/2011	571.2	574.95	562.55	567.63	991173
02/08/2011	565.25	567	561.13	565.33	1012646
03/08/2011	560	562.85	547.67	555.17	1532123
04/08/2011	555.03	559.75	545.55	547.92	1524647
05/08/2011	536.58	537	514	528.98	2634694
08/08/2011	505.6	516.67	498.3	502.68	3274653
09/08/2011	482.5	492.6	473.85	482.4	4079635
10/08/2011	499.5	506	486.9	492.03	2974540
11/08/2011	490	491.7	481.5	489.17	1450232
12/08/2011	495.28	495.95	468.75	473.58	2084542
16/08/2011	483.5	489.17	478.03	486.8	1491784
17/08/2011	487.25	504.7	485	499.95	2278946
19/08/2011	471.5	473.48	452.5	464.48	2721807
22/08/2011	464.5	465	451	459.03	1764461
23/08/2011	460.42	494	460.17	490.8	2437335
24/08/2011	489	489	477.5	481.3	1597395
25/08/2011	484.85	486.5	469	475.2	2222744
26/08/2011	475.55	484.75	470	474.23	1792455
29/08/2011	482.05	512	482.05	509.8	2795222
30/08/2011	515	525.15	512.08	521.2	2983341
02/09/2011	536.5	537.38	506	511.05	2206753
05/09/2011	507.9	516.6	499.23	513.85	1894829
06/09/2011	509	521	502.5	516.95	2381646
07/09/2011	517.05	525	512.5	515.5	2216078
08/09/2011	516.5	527.48	514.5	518.03	2446331
09/09/2011	520	525.8	505.33	508.03	2531325
12/09/2011	500	501.93	489.33	492.85	1648585
13/09/2011	498.9	512	494.38	496.88	1899102
14/09/2011	500.5	514.5	496.88	507.55	2372816
15/09/2011	514	522.9	505	520.88	1926119
16/09/2011	524	536.2	510.65	513.88	2328252
19/09/2011	510.75	516.25	506.25	509.03	1120117
20/09/2011	511.05	532	511.05	528.98	1743993
21/09/2011	533.98	533.98	518.45	521.75	1370380
22/09/2011	511.5	517	493.1	497.2	1570785
23/09/2011	494	507.5	491.13	495.15	2282116
26/09/2011	498	504	484.5	498.48	1694239
27/09/2011	506.9	522.5	503	520.28	1982289
28/09/2011	524.25	532.35	518.5	523.95	2212595
29/09/2011	521.63	534	517.85	530.73	2690175
30/09/2011	524.95	532	516.55	518.65	1345509
03/10/2011	510	524.95	507.65	521.65	1974632
04/10/2011	519.2	529.5	514.55	522.98	2359112
05/10/2011	527.25	531.5	520.5	521.78	1707631
07/10/2011	537.55	538.9	518.75	524.28	2542904
10/10/2011	524	537	524	532.35	1927407
11/10/2011	537.5	539	517.25	520.42	2238187
12/10/2011	533	544.7	531	539.53	2935831
13/10/2011	548.25	552.48	540.05	546.38	2704459
14/10/2011	544.7	570.38	544.45	567.13	3355066
17/10/2011	575.75	577	555.65	560.13	2179345
18/10/2011	531	532.13	510.25	516.78	6003389
19/10/2011	521.5	527.2	517.6	524.48	1913710
20/10/2011	518	523.5	515.15	522.45	1122706
21/10/2011	527.45	530	521.5	524.92	1230565
24/10/2011	530	546.15	529.75	539.88	1635860
25/10/2011	544.5	553.5	535.73	549.33	2079373
26/10/2011	552.5	555	546.67	547.95	205962
28/10/2011	564.5	569.55	555.5	560.75	1629558
31/10/2011	560	566	556	557.9	889370
01/11/2011	554	561.5	548.13	554.23	729105
02/11/2011	550.63	560.92	550	553.42	775422
03/11/2011	548.9	554.7	543.5	552.5	945634
04/11/2011	560.5	562.5	543.6	549.9	1358004
08/11/2011	548	557.4	548	552.63	846052
09/11/2011	555	573	553.15	561.48	1960990
11/11/2011	555	570.5	553.63	565.5	1814795
14/11/2011	570	578	562.25	564.2	1164575
15/11/2011	562.53	569.48	560	562.2	734239
16/11/2011	563	566.4	552.6	558.63	935801
17/11/2011	557.5	561.75	553.8	557.58	695994
18/11/2011	552.88	554.9	538.15	543.3	1394721
21/11/2011	542.5	544.15	530.05	533.6	1435852
22/11/2011	534.45	547.5	528.5	540.92	1861791
23/11/2011	540.98	540.98	520.5	531.15	1177875
24/11/2011	531	548.2	522.5	545.9	1883422
25/11/2011	542.5	543.95	528.55	531.95	1070302
28/11/2011	538.98	548	537	544.25	752243
29/11/2011	546.5	552.95	543.1	546.65	1277348
30/11/2011	540.58	561.48	540.58	557.78	1740849
01/12/2011	570	574.28	563.1	567.4	1240724
02/12/2011	567.42	592.5	564.8	589	1984433
05/12/2011	586.25	591.95	581.28	590.48	765238
07/12/2011	590	596.45	586.8	589.78	1318711
08/12/2011	585	594.5	583.58	588.8	1663222
09/12/2011	580.5	591.4	580.5	586.2	1381615
12/12/2011	588	595	577.55	590.17	1586085
13/12/2011	587.5	598.45	583.33	589.35	1637279
14/12/2011	590.25	594.5	585	591.23	1673088
15/12/2011	589.85	594.95	577.3	591.25	1834686
16/12/2011	588.28	591.28	566.15	573.15	1775448
19/12/2011	569.5	578.7	557.2	571.83	1833862
20/12/2011	572.67	575.55	564.13	566.67	904698
21/12/2011	575	583	561.23	579.35	1558488
22/12/2011	576	581.92	567.13	575.85	1043134
23/12/2011	575.5	581	569.55	578.58	789295
26/12/2011	578.58	595.1	576.75	594.2	1114676
27/12/2011	592.7	595	585	589.73	491951
28/12/2011	589.35	591.78	582.95	584.6	598955
29/12/2011	581.75	589.05	579.75	582.85	792864
30/12/2011	589	591.25	578.25	580.33	772705
02/01/2012	580.5	592.98	576.5	589.3	1124271
03/01/2012	591.63	604.95	590	598.8	1354442
04/01/2012	602.45	602.5	584.65	586.5	1193385
05/01/2012	586.4	592.5	583.67	586	1273656
06/01/2012	583	594.17	578.4	584.7	1059864
09/01/2012	585.5	589.85	582.63	585.67	754514
10/01/2012	587.5	592.75	579.25	582.7	1795895
11/01/2012	585.7	587.5	566.58	568.5	2837690
12/01/2012	550.5	557.5	534.33	544.75	4764342
13/01/2012	548.58	551.67	536.5	542.88	2009914
16/01/2012	542	557	539.45	554.7	1523601
17/01/2012	559.95	562.35	547	551.98	1852109
18/01/2012	540	548.15	522.65	538.08	5832766
19/01/2012	543.5	544.45	532.7	537.78	2081646
20/01/2012	539.98	545.48	536.5	539.75	1286347
23/01/2012	543	545.73	537.08	538.85	1065248
24/01/2012	544	547.5	539	544.35	1320655
25/01/2012	547.45	554.98	545.53	549	2922619
27/01/2012	552.5	560.28	550.05	554.38	2604859
30/01/2012	551.25	559.48	550.38	555.88	1297779
31/01/2012	556.5	567.95	556.5	566.2	1769060
01/02/2012	564.7	567.5	554.13	564.35	1144402
02/02/2012	568	576.33	565.15	574	1693070
03/02/2012	572.5	588	570.5	585.78	1388779
06/02/2012	591.85	600.03	586.67	596.92	1713598
07/02/2012	604.85	604.85	595.95	599	1703828
08/02/2012	608.2	613.42	605.5	609.83	1813592
09/02/2012	605.55	616	594	614.3	1519031
10/02/2012	614	619	606	616.7	1162151
13/02/2012	611.1	618.98	607	612.85	815885
14/02/2012	612.5	614.78	607.5	610	913323
15/02/2012	613.58	624.4	609.75	620.8	1083583
16/02/2012	619	621	609	612.67	943330
17/02/2012	617.42	627	610.5	614.38	2048284
21/02/2012	611.78	620	602.38	618.53	1244752
22/02/2012	617.5	633.42	614.5	626.17	1570913
23/02/2012	624.53	637.45	622	629.9	2043440
24/02/2012	629.5	640.42	628.63	635	1173200
27/02/2012	639.5	639.98	622.8	626.03	930685
28/02/2012	627.63	630.2	609.55	613.28	1986745
29/02/2012	620	620	606.13	610.98	1530108
01/03/2012	611.5	613.48	605.03	609.8	784297
02/03/2012	613	613.5	603.5	608.63	1154616
05/03/2012	607	611.23	600.5	603.65	770439
06/03/2012	601.5	610.65	594.5	601	858861
07/03/2012	597.5	603	593.28	596.42	972833
09/03/2012	613.5	613.5	601.48	604.28	1112879
12/03/2012	607.95	609.42	591.6	594.53	1120139
13/03/2012	595	607.48	595	598.5	1246232
14/03/2012	605.05	607	575.5	577.28	4032657
15/03/2012	579.5	585.48	572.5	581.85	2142118
16/03/2012	584.98	590	579	584.78	1027362
19/03/2012	584.78	584.78	555.9	561	2566432
20/03/2012	564.5	572.5	560	567.42	1841602
21/03/2012	568.48	589.9	568.28	587.88	2276621
22/03/2012	587.35	594.85	580	583.88	1710847
23/03/2012	587.5	595.95	582.4	592.33	1579218
26/03/2012	588.5	592.5	577	580.8	1526692
27/03/2012	586.5	589.83	575.98	587.38	794123
28/03/2012	587	587.33	577.23	582.55	1025548
29/03/2012	575.5	582	566.2	570.6	1340607
30/03/2012	572.75	587.88	572.75	584.4	1271671
02/04/2012	585	599.5	585	597.13	1163494
03/04/2012	600.1	603.67	587.65	589	1134577
04/04/2012	584.5	594.9	583.5	589.23	1082527
09/04/2012	585	594	579.13	582.05	788314
10/04/2012	583.15	587.83	576.13	578.1	766496
11/04/2012	574.85	577.5	567.6	569.05	890793
12/04/2012	570.13	574	564.55	565.83	1057343
13/04/2012	545.67	552.35	530.63	534.17	4497340
16/04/2012	532.63	537.15	526.65	534.88	2508055
17/04/2012	542.5	547.48	536.9	545.42	1236832
18/04/2012	550	557.35	546.92	548.78	1441132
19/04/2012	550.45	553.4	545.55	551.48	883708
20/04/2012	546.63	553.98	538.7	544.23	1225012
23/04/2012	546.98	551.2	523.83	532.13	1421934
24/04/2012	561	602.5	558.65	597.1	9056891
25/04/2012	594.5	595	583.75	585.53	2708949
26/04/2012	585	600.95	582.25	597.33	2738146
27/04/2012	595	606	595	602	1855573
30/04/2012	602	625	602	623.3	2302411
02/05/2012	621.05	637.2	621.05	633.63	1990724
03/05/2012	631.35	642.05	629.28	639.75	1679461
04/05/2012	640	647.63	631.53	638.4	1785859
07/05/2012	630	639.25	624.2	636.63	1313881
08/05/2012	612.5	617.35	597.83	600.35	4815789
09/05/2012	597.5	617.3	597.05	612.78	4635772
10/05/2012	612.78	620.9	612.5	616.28	1496310
11/05/2012	612	618.45	610.6	615.38	1372595
14/05/2012	613.65	617	610	612.98	1286876
15/05/2012	612	616.5	609.9	613.15	937755
16/05/2012	610	620.95	603.38	611.7	2283968
17/05/2012	611	617.5	599.53	611	2068762
18/05/2012	602.4	612.45	601.33	605.33	1328335
21/05/2012	605.5	612.5	602.03	604.6	1113544
22/05/2012	610.5	620	606.5	612.03	1180458
23/05/2012	616.5	617.78	607.05	612.58	1081403
24/05/2012	612.5	614.48	603.55	610.73	602837
25/05/2012	606.05	612.5	604.55	610.4	457523
28/05/2012	612	615	607.53	612.35	395097
29/05/2012	614	624	609.2	620.17	787516
30/05/2012	615.63	628.5	615.63	620.28	790757
31/05/2012	610.5	627.95	610.5	622.67	2205801
01/06/2012	620	622.5	609.25	612.3	739764
04/06/2012	605	608	598.1	606.63	602215
05/06/2012	607	615.45	607	613.25	1031699
06/06/2012	615	631.88	614.55	625.58	1645954
07/06/2012	623.5	624.95	615.78	620.1	1074864
08/06/2012	615.6	621.3	612.08	615.45	1200122
11/06/2012	616.5	623.03	613.55	616.78	772524
12/06/2012	610.55	626.5	610.55	624.05	546071
13/06/2012	624.5	630	621.3	625.2	725429
14/06/2012	624.5	630.75	622.5	627	735562
15/06/2012	627.03	640	624.5	636.23	993020
18/06/2012	638	643.17	625	628.58	747694
19/06/2012	628.45	639.63	627.55	636.98	884529
20/06/2012	637	637	621.65	626.4	876870
21/06/2012	622.53	626	604.5	612.03	2077990
22/06/2012	607.13	619.95	607.13	616.73	959780
25/06/2012	618.5	619.25	605.5	608.38	794379
26/06/2012	608.75	618.5	608.53	617.55	554857
27/06/2012	618.13	629.4	618.13	623.35	1152931
28/06/2012	623.48	631.95	618.13	629.42	947114
29/06/2012	631.67	643.5	631.45	638.73	995075
02/07/2012	639.5	639.5	628.23	629.73	1055550
03/07/2012	632.5	634.9	615.15	619.7	1113646
04/07/2012	621.75	624.75	615.78	623.92	650903
05/07/2012	623.92	623.92	617.6	620.3	760438
06/07/2012	620	626.4	613.5	623.88	964964
09/07/2012	622.5	632.28	621.67	629.7	956384
10/07/2012	632.5	635.13	624.78	630.85	1258799
11/07/2012	626.63	637.25	626.63	629.15	1017269
12/07/2012	612.5	625	609.65	618	3929540
13/07/2012	636.9	642	621.5	624.7	3608577
16/07/2012	624.5	629.63	601.45	603.67	1810313
17/07/2012	609	612	587.6	592.95	3191908
18/07/2012	597.5	602.2	589.25	597.65	1487643
19/07/2012	601.5	605	597.63	600.5	667676
20/07/2012	600.5	614	600.15	611.53	1689113
23/07/2012	604	613.6	600.5	607.13	1451599
24/07/2012	604.05	609.33	598.55	604.58	824046
25/07/2012	602	608.5	598.45	606.58	833015
26/07/2012	606.5	610.5	595.1	599.23	1472873
27/07/2012	607.5	615.1	601.63	612.65	921488
30/07/2012	617.45	621.42	607.28	615.5	1312856
31/07/2012	617.5	624.63	613.13	621.83	989982
01/08/2012	619.05	622.4	611.05	612.33	647875
02/08/2012	614.98	618.35	611	616.4	475529
03/08/2012	614	620.13	609.05	618.45	488868
06/08/2012	622.5	624	612.6	614.45	507770
07/08/2012	619.5	633.1	617.33	632.03	1049577
08/08/2012	632.5	633.33	623.2	624.6	821500
09/08/2012	625.13	633.92	625.13	629.08	564737
10/08/2012	628	642.5	627.88	640.03	1541178
13/08/2012	639.55	639.55	628.63	633.15	714019
14/08/2012	630	636.63	629.63	634.2	568465
16/08/2012	635.08	635.78	626.05	631.78	894146
17/08/2012	632.53	642.25	632	639.3	643788
21/08/2012	639.95	652.5	638.55	649.33	1025788
22/08/2012	647.95	654.5	644.05	645.83	567048
23/08/2012	645.88	663	645.88	661.73	1168657
24/08/2012	660	664.2	656.5	661.43	789469
27/08/2012	658.1	665.45	657.5	660.23	483600
28/08/2012	663.48	677.33	657.5	675.45	1133102
29/08/2012	675	679	667.5	671.65	1069645
30/08/2012	669.95	694.4	661.7	683.58	1666716
31/08/2012	678.5	679.5	667.33	671.88	886924
03/09/2012	675	677.45	666.5	668.93	611913
04/09/2012	666.45	673.5	661.03	670.43	754009
05/09/2012	669.75	685.5	666	682.25	1014480
06/09/2012	682.05	689.95	676.83	687.8	1145842
07/09/2012	695	698.4	689.45	693.35	1318328
10/09/2012	691.6	691.95	682.98	685.73	738012
11/09/2012	684.5	697.8	682.03	696.33	637090
12/09/2012	698.48	710.5	694.95	707.45	1057233
13/09/2012	706.5	711.98	704.78	708.85	940605
14/09/2012	714	719.9	701.08	706.55	1407420
17/09/2012	709.13	710.78	667.75	671.05	2547195
18/09/2012	672.5	672.5	646.28	649.9	3610103
20/09/2012	647.5	668.45	645.8	661	2021253
21/09/2012	662.45	666.15	649.15	652.03	2123879
24/09/2012	655	656.5	638.5	644.73	2468510
25/09/2012	645.05	654.88	641.15	646.6	1911847
26/09/2012	647.6	652.5	641	642.8	1646406
27/09/2012	640.05	649.75	630.55	635.78	2802699
28/09/2012	639.4	652.5	638.25	647.95	1456498
01/10/2012	647.5	654.9	646.53	651.48	897809
03/10/2012	650.5	662.5	650.5	661.33	1159115
04/10/2012	660	660.83	654.33	658.58	659642
05/10/2012	655.13	659.68	527.5	652	1918055
08/10/2012	655	657.63	642.73	646.35	842704
09/10/2012	648.95	649.4	642.5	647.42	645577
10/10/2012	643	650.88	642.5	644.67	581989
11/10/2012	645.13	650.78	643.03	644.73	817763
12/10/2012	639.4	656.83	636.6	649.23	1234771
15/10/2012	647	651.2	643.75	647.33	407264
16/10/2012	648.5	655.1	643.9	647.95	641372
17/10/2012	650.65	652.45	636	641.58	798740
18/10/2012	643.13	655.5	640.1	653.67	723564
19/10/2012	654.5	655.7	641	644.85	1412808
22/10/2012	662.55	667.45	651.5	659.45	2698671
23/10/2012	662	662	655.95	657.3	568348
25/10/2012	657.5	661.95	652.13	657.68	1127235
26/10/2012	653.1	661	653.1	657.65	523675
29/10/2012	655.5	659.9	650.4	654.2	407814
30/10/2012	652.2	661	652.2	655.75	402634
31/10/2012	654.55	658.4	652	657.75	499768
01/11/2012	657.45	660.18	655.1	657.63	789884
02/11/2012	662.45	669	659.2	665.6	836987
05/11/2012	667.95	671.68	662.65	664.8	611913
06/11/2012	662.5	668.7	659.73	660.28	648733
07/11/2012	662.5	666.68	660.75	665.75	529195
08/11/2012	662	667.35	658.3	665.6	619522
09/11/2012	665	666.63	660.45	662.48	355691
12/11/2012	660	674	660	667.25	733391
13/11/2012	667.58	668.6	661.03	662.65	71507
15/11/2012	660.05	661	645.5	647.08	867701
16/11/2012	649.9	653.4	640.05	643.4	799445
19/11/2012	645.05	647.5	629.25	631.17	838143
20/11/2012	637.5	641.45	628.03	636.4	628020
21/11/2012	638.13	647.35	638.13	641.1	470872
22/11/2012	641.05	642.05	635.5	638.23	305812
23/11/2012	641	645.7	635.63	644.3	374838
26/11/2012	644	647.85	642.5	646.85	228167
27/11/2012	649.95	649.95	644.15	647.6	669080
29/11/2012	655	656	646.17	649.05	1735289
30/11/2012	647.5	662.5	645.55	657	1789647
03/12/2012	657.5	661	652.6	658.4	659756
04/12/2012	657.55	660.9	646.45	649.73	797560
05/12/2012	650	653.78	644.3	648.95	895029
06/12/2012	647.5	647.5	634.5	640.35	1185046
07/12/2012	638.33	640.35	628.53	632.08	978607
10/12/2012	631.05	633.4	615.6	618.6	1514715
11/12/2012	617.5	621.5	605.17	609.85	2463457
12/12/2012	612.45	620.5	610.55	612.9	1243974
13/12/2012	615.05	617.3	608.55	611.28	1148581
14/12/2012	608.5	622.5	608.08	621.45	1098407
17/12/2012	619.58	624.45	601.05	602.75	2241449
18/12/2012	607.35	612.5	598.5	605.33	2344241
19/12/2012	608.05	618.28	608.05	616.33	3321030
20/12/2012	613.58	627.5	613.58	626.03	1157015
21/12/2012	625	632.2	618.85	629.35	1228984
24/12/2012	631	635.55	630.05	633.1	627409
26/12/2012	633.5	634.58	627.65	631.1	717629
27/12/2012	632.45	632.45	623.83	625.48	997079
28/12/2012	627	636	625.38	633.75	750811
31/12/2012	630.5	632.8	626	627.92	352085
01/01/2013	633.48	633.95	630	632.08	254790
02/01/2013	633.5	636.2	627.78	631.65	940123
03/01/2013	632.5	642	629.98	640.3	1317565
04/01/2013	642.5	650.5	640.45	649.6	2614380
07/01/2013	650	652	645.13	647.42	910376
08/01/2013	647.5	652.15	647.15	650.13	1170935
09/01/2013	650.5	653.7	636.58	638.3	1567949
10/01/2013	639.95	641.05	627.65	629.2	2261419
11/01/2013	645	661.25	645	653.17	3902503
14/01/2013	659.5	674.23	653.67	667.25	2895112
15/01/2013	695	700	663.5	668.73	4131489
16/01/2013	668.45	677.5	654.5	673.88	2054746
17/01/2013	674.85	685.9	671.5	681	1514272
18/01/2013	681.25	683.03	669.03	675.5	720235
21/01/2013	676.25	677.45	663.55	665	630019
22/01/2013	663	665.85	654.05	658.75	693315
23/01/2013	657.88	661.88	649.2	655.98	938827
24/01/2013	652.5	668.45	652.5	664.28	1749235
25/01/2013	661.88	672.5	661.88	670.25	760550
28/01/2013	670.15	674.98	668.98	672.53	1214077
29/01/2013	670.6	678.28	670.15	672.48	865902
30/01/2013	670.5	674.93	667.9	673.08	1139572
31/01/2013	674.43	676.23	663.2	672.08	2156584
01/02/2013	672	676	671.08	674.05	742270
04/02/2013	674.5	683.9	672.58	678.18	1243652
05/02/2013	672.55	682.5	672.55	680.03	1080997
06/02/2013	681.25	687.95	681	685.28	1786853
07/02/2013	680.5	695	680.5	693.58	1306391
08/02/2013	693	718.5	692.55	711.3	3486809
11/02/2013	712	714.45	706.13	707.35	1156063
12/02/2013	704.53	707.5	700.93	705.03	1112751
13/02/2013	704.9	720.83	702.55	717.7	1911333
14/02/2013	715.05	727.9	714.5	723.85	1473479
15/02/2013	722	725.9	715.33	721.08	910395
18/02/2013	720.05	720.95	710	712.68	476043
19/02/2013	710.8	724.45	706.35	721.78	372147
20/02/2013	720.75	728.5	720.75	726.4	1130759
21/02/2013	720.35	728.43	720.35	725.53	1924573
22/02/2013	725	732.03	721.15	727.55	655347
25/02/2013	726.5	737.5	725.75	736.85	865015
26/02/2013	733.5	749.98	733	748.2	1426835
27/02/2013	747.63	751.53	738.65	741.6	1278341
28/02/2013	743.13	762.5	742.63	758.5	2299712
01/03/2013	757.55	758	749	750.93	1268663
04/03/2013	745.5	759.95	745.5	756.6	1568038
05/03/2013	758.5	771.5	754.3	770.08	1720027
06/03/2013	768.08	782.75	768.08	780.6	1149755
07/03/2013	780.5	798.8	779.68	794.95	1954351
08/03/2013	795	797.83	787.45	791.58	2170751
11/03/2013	787.5	794.78	778.33	783.1	1110665
12/03/2013	779	783.98	774	780.25	904726
13/03/2013	778.03	779.35	774	775.85	897248
14/03/2013	778.5	788.5	771.9	783.85	1525609
15/03/2013	786	790.2	780.3	785.13	2106199
18/03/2013	779.93	786.83	777.2	783.48	847494
19/03/2013	782.25	782.25	770.23	773.38	1869955
20/03/2013	770	786.33	769.98	778.83	2084068
21/03/2013	781.5	787.2	776.85	779.98	832302
22/03/2013	780.7	781.05	766	771.08	1357228
25/03/2013	774.25	776	764.2	771.68	928658
26/03/2013	770.05	785	768.08	778.18	890768
28/03/2013	778	791.7	770.83	787.88	1532831
01/04/2013	782.5	786.85	775.63	778.43	484406
02/04/2013	778	785.6	770.63	783.68	565166
03/04/2013	785	787.5	765.5	771.7	479966
04/04/2013	770.05	770.05	750.5	753.9	563169
05/04/2013	752.5	754.68	742.05	749.18	932624
08/04/2013	749.45	749.45	737.5	740.38	448208
09/04/2013	740	756.5	738.8	748.7	836177
10/04/2013	754.95	769.45	750.5	765.23	1023142
11/04/2013	770	775.05	760.35	768.45	1122329
12/04/2013	740.95	762.25	739.18	755.88	2516030
15/04/2013	756.75	757	724.18	736.23	2695748
16/04/2013	735	746.73	728.98	741.58	1535791
17/04/2013	747.5	749.5	715.5	728.33	2639502
18/04/2013	743.98	747.45	713.73	726.38	4277229
22/04/2013	723	729.9	712.5	712.65	1481242
23/04/2013	712.23	724	712	715.28	1692085
25/04/2013	715.28	715.28	699.33	701.15	3964597
26/04/2013	696.5	696.73	682.55	684.68	2377038
29/04/2013	682.5	692.35	682.5	685.38	1984458
30/04/2013	684	691	682.5	689.2	2010285
02/05/2013	686.75	719.4	686.75	716.95	2815163
03/05/2013	713	723.63	703.95	709.25	1820895
06/05/2013	710	736.2	710	733.6	1863559
07/05/2013	733.55	739.43	728.7	735.8	1130090
08/05/2013	736	743.9	735	740.05	884065
09/05/2013	741.6	751.73	741.5	749.23	974850
10/05/2013	749.23	755.45	745.55	747.95	569857
13/05/2013	740	740.5	722.85	725.8	931249
14/05/2013	727.55	735.28	721.88	728.98	1125050
15/05/2013	729.05	738.6	725	735.78	1782963
16/05/2013	734.5	734.5	723.73	727.03	1207826
17/05/2013	727.5	739.25	727.05	736.9	1450100
20/05/2013	735.63	739	730.5	736.2	692752
21/05/2013	732.5	751	732.5	746.43	949216
22/05/2013	749	754.58	746.15	749.2	923472
23/05/2013	747.5	763.38	739.18	746.35	1531981
24/05/2013	750	751.48	731.8	734.78	793306
27/05/2013	734.75	750	730	749	1011932
28/05/2013	749	758.25	745.15	757.05	700127
29/05/2013	758	763.75	742.55	748.68	726019
30/05/2013	750	756	743.5	749.7	1204173
31/05/2013	745.5	754.63	738.38	749.23	964934
03/06/2013	752	753.5	728.55	734.7	1548806
04/06/2013	730	736.95	725.08	732.68	652660
05/06/2013	730.55	736.33	726.35	733.9	864338
06/06/2013	726.85	739.25	726.03	735.38	1270226
07/06/2013	735.05	769.5	734	759.48	1775422
10/06/2013	762.53	772.35	759.55	762.53	1680215
11/06/2013	765.1	771	746	750.78	1102734
12/06/2013	747.05	747.55	731.03	734.05	2402977
13/06/2013	730	732	717.55	722.83	1575671
14/06/2013	724	728.63	715.5	725.35	1552998
17/06/2013	726.5	732.5	714	726.23	1292081
18/06/2013	727.5	730	720.08	721.9	1145764
19/06/2013	727.45	727.45	711.78	713.85	1069894
20/06/2013	710.5	716.58	699.55	702.25	2086439
21/06/2013	704.4	715.93	704	711.13	1424112
24/06/2013	707.5	717.05	700.05	705.35	944582
25/06/2013	706.75	713.55	690.35	696.15	930274
26/06/2013	698.45	723.88	690.53	718.85	1163244
27/06/2013	723.9	748.5	721	745.95	1910339
28/06/2013	747.5	762.15	729.1	759.08	2408548
01/07/2013	756	758.35	741.7	746.18	677326
02/07/2013	746.55	754.25	743.33	750.28	828621
03/07/2013	748.85	759.5	732.5	744.9	765453
04/07/2013	745.43	770.5	745	769.15	958530
05/07/2013	771	779	761	765.1	646506
08/07/2013	764	767.5	750	753.33	829398
09/07/2013	747.65	760.88	747.65	752.45	548663
10/07/2013	755	763.4	749	755.98	661312
11/07/2013	760	785	760	782.28	1167637
12/07/2013	797.5	812.4	789.65	804.93	1625768
15/07/2013	800.55	823.65	799.65	820.88	1030285
16/07/2013	812.5	833.18	808.8	824.68	1112493
17/07/2013	822.53	842.48	822.53	839.25	1499625
18/07/2013	840	846.15	822	830.2	1722766
19/07/2013	859.5	879.5	850	871.4	4275402
22/07/2013	870.5	879.4	864.15	873.25	1487386
23/07/2013	874	890.23	871.8	874.9	823251
24/07/2013	874.25	896	872.5	891.4	1090822
25/07/2013	890	905	883.35	897.88	2044404
26/07/2013	897.5	899.48	875.05	887.25	1189532
29/07/2013	879	897.3	878.63	889.6	887131
30/07/2013	890	902.48	887.73	896.15	1308742
31/07/2013	895	915.75	894.73	907.75	1413375
01/08/2013	905.03	917.4	895	907.7	1070589
02/08/2013	909.85	924.95	908.35	922.93	923427
05/08/2013	920	938.7	920	933.6	1177592
06/08/2013	936.5	940.98	932.33	935.05	1152645
07/08/2013	937	945.45	906.73	911.35	1347490
08/08/2013	902.55	928.08	891.85	922.7	1079314
12/08/2013	920.5	920.5	904.08	907	1038787
13/08/2013	910.1	922.43	904.98	909.9	1084148
14/08/2013	912.25	929	901	916.75	1651034
16/08/2013	912.1	915	877.78	890.45	1389965
19/08/2013	899	903.5	877.78	888.73	1060676
20/08/2013	894.9	894.9	865	868.2	1362422
21/08/2013	870.05	871.85	850.58	858.9	1811997
22/08/2013	852.5	898.58	847.6	889.48	2130494
23/08/2013	897	919	892.15	914.73	2016442
26/08/2013	911.55	939.3	907	921	1331619
27/08/2013	919.5	939.43	915	919.4	972642
28/08/2013	914	973.05	914	953.95	2222342
29/08/2013	950.5	985	939.15	973.55	2952591
30/08/2013	969.5	1025	965	1016.6	2641471
02/09/2013	1010	1034.5	1008.75	1028.43	1077017
03/09/2013	1025.05	1033.5	993.08	1000.55	1177532
04/09/2013	1000	1039.4	996.98	1034.55	1313258
05/09/2013	1034.5	1034.5	990.53	995.38	1963746
06/09/2013	1004.5	1012.5	987.5	994.4	1379798
10/09/2013	993	1008.35	990.5	993.95	2150486
11/09/2013	1004	1009	991.75	996.9	1504247
12/09/2013	997.5	999.28	972.9	983.95	952784
13/09/2013	982.5	995	973.28	976.88	1048160
16/09/2013	975	992.5	947.03	951.28	1230253
17/09/2013	950	976.28	948.55	973.73	1663908
18/09/2013	971.03	982.4	968.95	977.25	1054909
19/09/2013	974	995	963.25	983.15	1953620
20/09/2013	975	994.95	970.5	975.15	1795929
23/09/2013	975	988.6	970	977.55	1494379
24/09/2013	977.5	988.95	963	969.75	2470150
25/09/2013	970.75	985.48	960.1	979.53	2166929
26/09/2013	977.4	987.05	967.55	971.45	2459852
27/09/2013	971.55	980.98	968.73	974.05	892333
30/09/2013	977	980.93	960	963.9	993675
01/10/2013	966	977.43	958.35	974.53	795997
03/10/2013	985.9	1018.45	980.2	1012.3	2336177
04/10/2013	1016	1034.5	1013.48	1016.8	967016
07/10/2013	1017.5	1048.85	1012.65	1044.88	996939
08/10/2013	1041.5	1049	1028.28	1030.72	914053
09/10/2013	1027.75	1048.82	1022.55	1045.43	887929
10/10/2013	1044	1049	1033.63	1040	582160
11/10/2013	1051.5	1069	1041.2	1061.03	1142224
14/10/2013	1063.75	1112.5	1062.5	1106.38	2187230
15/10/2013	1117.5	1129.43	1100.5	1107.7	2332546
17/10/2013	1115	1115	1047.85	1054.22	3343607
18/10/2013	1052.4	1066.9	1030.78	1060.32	2673083
21/10/2013	1062.5	1063.97	1025	1035.82	1842686
22/10/2013	1044	1053.82	1038.43	1044.68	1022307
23/10/2013	1044.25	1051.5	1023.08	1030.57	1227748
24/10/2013	1021	1041.18	1000.93	1004.35	1808879
25/10/2013	997.5	1036	997.5	1033.88	1263701
28/10/2013	1034	1044.9	1026.28	1031.97	901971
29/10/2013	1032.5	1042.9	1023.95	1034.9	914538
30/10/2013	1035.13	1050	1035.13	1045.97	1057437
31/10/2013	1044.5	1064.5	1039.7	1056.03	1761538
01/11/2013	1055	1070.97	1045.55	1048.8	673240
05/11/2013	1050	1052.5	1015.85	1021	1130643
06/11/2013	1031.5	1051.78	1029.53	1045.55	833875
07/11/2013	1050	1074.07	1040.15	1060.97	978474
08/11/2013	1065	1065.88	1035.6	1045.43	804673
11/11/2013	1045	1070	1025	1047.32	980569
12/11/2013	1048.43	1060.85	1039.5	1043.57	500341
13/11/2013	1049.47	1053.1	1021.83	1024.5	604169
14/11/2013	1036	1036	1010.93	1013.1	1064852
18/11/2013	1023	1029.95	1016.13	1022	1415801
19/11/2013	1024.97	1027.5	1010.6	1014.95	1038932
20/11/2013	1023.43	1024.95	1008.5	1011.8	829348
21/11/2013	1011.6	1017.35	990	993.3	1151441
22/11/2013	995.5	1005.5	992.55	1000.43	747247
25/11/2013	1004	1013.43	996.55	1006.63	975499
26/11/2013	1001.55	1008.23	993.5	996.85	1023706
27/11/2013	1004.5	1006.85	987.5	993.23	1060489
28/11/2013	996.55	998.28	985	992.3	1402861
29/11/2013	996	1007.35	990.9	1002.18	962406
02/12/2013	997.5	1010.5	997.5	1006.95	626630
03/12/2013	1008.03	1021	1007.53	1010.4	724592
04/12/2013	1009.95	1015.8	996.83	1000.03	759518
05/12/2013	1008	1016.78	991.53	993.58	698595
06/12/2013	995.5	1005	995.5	1000.15	723481
09/12/2013	1014.5	1014.98	1000	1002.43	913170
10/12/2013	1000	1044.5	1000	1041.38	1826667
11/12/2013	1039.5	1043.43	1021.5	1029.03	778031
12/12/2013	1022.5	1032	1012.55	1014.45	827982
13/12/2013	1018.98	1022.5	997.5	1000.9	1731675
16/12/2013	1006.85	1019.9	1002.58	1009.58	1429250
17/12/2013	1015.8	1032.93	1015	1022.68	1497737
18/12/2013	1020	1035.5	1019	1027.9	793995
19/12/2013	1037.97	1055	1031.32	1040.75	1080993
20/12/2013	1044.05	1065	1042.93	1060.28	982906
23/12/2013	1064.97	1071.72	1048.97	1054.53	660612
24/12/2013	1059.9	1064.5	1052.13	1055.35	435078
26/12/2013	1057.5	1058.5	1045.72	1050.15	1148597
27/12/2013	1053.5	1084.95	1052.5	1080.32	1239973
30/12/2013	1085	1087.63	1073.35	1078.03	834388
31/12/2013	1080.05	1092.47	1075.45	1086.03	622888
01/01/2014	1090.05	1092.25	1075.55	1076.65	264976
02/01/2014	1083	1094.5	1078.07	1083.5	863474
03/01/2014	1082.35	1114.55	1073.63	1111.1	1309087
06/01/2014	1114.5	1122	1098.5	1119.8	1155905
07/01/2014	1120	1128.22	1099.5	1103.07	1448743
08/01/2014	1106	1122	1105	1116.32	1275010
09/01/2014	1114.38	1127.75	1111.05	1120.97	1291103
10/01/2014	1130	1154.9	1117.5	1140.45	1684667
13/01/2014	1142.5	1192	1142.5	1184.38	1907158
14/01/2014	1186	1192.4	1160	1163.38	1487482
15/01/2014	1171.22	1189.1	1163.5	1176.8	1524427
16/01/2014	1190	1190.05	1162.5	1175.15	1498981
17/01/2014	1149	1149	1103.03	1106.53	3782378
20/01/2014	1109.47	1175	1107.75	1169.1	3005279
21/01/2014	1167	1169.63	1137.55	1140.15	1566141
22/01/2014	1143.55	1148.43	1132.05	1137.03	1192015
23/01/2014	1134.05	1138.35	1118.65	1126.22	1145381
24/01/2014	1122	1141.63	1117.5	1124.35	925133
27/01/2014	1113	1129.75	1110.05	1114.8	1266474
28/01/2014	1116	1123.93	1098.05	1106.18	1426083
29/01/2014	1120	1120	1102.5	1104.9	849038
30/01/2014	1099.03	1113.5	1095	1108.8	1112625
31/01/2014	1112.55	1134.9	1110.5	1120.53	1087123
03/02/2014	1111	1122.13	1095.4	1097.22	681240
04/02/2014	1087	1087.5	1056.03	1075.68	1347083
05/02/2014	1081.9	1100	1070	1097.2	926825
06/02/2014	1090	1094.95	1072.5	1087.63	961326
07/02/2014	1095	1097.5	1065.5	1072.2	995456
10/02/2014	1072	1072	1042.55	1046.78	2009635
11/02/2014	1050	1063.25	1048	1050.85	1784393
12/02/2014	1059	1061.8	1047.5	1052.72	1537174
13/02/2014	1053.5	1069.2	1048.25	1066.88	1047175
14/02/2014	1068.95	1092.38	1064.05	1083.95	955031
17/02/2014	1080	1093	1073.6	1082.7	835197
18/02/2014	1082.5	1095.5	1077.93	1083	763458
20/02/2014	1103	1111	1091.4	1094.68	793962
21/02/2014	1099	1106.5	1095.38	1102.85	858930
24/02/2014	1102	1102.63	1085.05	1088.95	1225212
25/02/2014	1094.5	1099.75	1090	1094.45	1652687
26/02/2014	1097	1097.5	1088.57	1091.07	1929856
28/02/2014	1080.5	1140	1080.07	1137.88	1994096
03/03/2014	1135.9	1149.5	1114	1120.03	803039
04/03/2014	1116.6	1127	1112	1120.32	1015166
05/03/2014	1127.43	1143.13	1121.28	1125.95	1151003
06/03/2014	1126.43	1130	1116.07	1120.38	657281
07/03/2014	1122.75	1125.03	1076.4	1114.25	2349236
10/03/2014	1114.05	1114.25	1067.5	1071.32	1914884
11/03/2014	1077.5	1088.82	1061	1075.82	1275127
12/03/2014	1076.5	1094.88	1076.5	1089.72	834894
13/03/2014	1074.03	1101	1068.43	1074.78	1009942
14/03/2014	1070.5	1080.25	1062.15	1069.78	1080623
18/03/2014	1067.75	1075.9	1052.13	1061	1282921
19/03/2014	1037.5	1037.5	1006.53	1019.7	4326331
20/03/2014	1019	1061.45	1005.7	1054.1	2864478
21/03/2014	1062.5	1072.5	1042.5	1063.5	2340388
24/03/2014	1068.47	1078.97	1063.07	1076.3	1091507
25/03/2014	1072	1086	1065	1073.32	1124984
26/03/2014	1074.03	1079.25	1043.78	1046.75	1596175
27/03/2014	1050.47	1057.5	1032.53	1047.13	2506238
28/03/2014	1048.5	1061.43	1040.03	1051.05	1485581
31/03/2014	1052	1072.47	1041	1066.57	1341634
01/04/2014	1072.5	1092.5	1072.45	1088.35	1377966
02/04/2014	1095	1101	1080.53	1086.13	1881508
03/04/2014	1086.43	1091	1073.8	1083.25	790597
04/04/2014	1086	1093.5	1065	1069.43	847328
07/04/2014	1065.05	1082.97	1060.35	1076.9	1297493
09/04/2014	1076	1081	1052.5	1070.2	1675250
10/04/2014	1070.2	1074.32	1057.6	1063.07	1076443
11/04/2014	1059	1087.45	1050	1082.05	1170371
15/04/2014	1090.5	1129	1087.03	1126.38	1798622
16/04/2014	1132	1132	1092.1	1098.15	1737955
17/04/2014	1110	1113.5	1071.35	1111.45	3840719
21/04/2014	1110	1121.45	1105.65	1110.88	921297
22/04/2014	1116.97	1124.95	1109.95	1110.53	743137
23/04/2014	1115.7	1121.95	1100.55	1106.88	969496
25/04/2014	1113.5	1117.5	1096.6	1102.63	1580224
28/04/2014	1102.63	1111.35	1090.05	1095.68	1275383
29/04/2014	1093	1103.18	1088.45	1097.13	923090
30/04/2014	1092.55	1102.8	1090.5	1094.6	1198689
02/05/2014	1090.63	1109.95	1090.63	1104.22	958889
05/05/2014	1105.4	1114.5	1102.07	1106.85	657239
06/05/2014	1106.85	1110.8	1095	1099.45	480616
07/05/2014	1095.53	1101.5	1070.05	1082.78	2358091
08/05/2014	1082.55	1090.9	1073.82	1081.03	1303450
09/05/2014	1076	1092.35	1076	1079.95	899720
12/05/2014	1076.5	1083.35	1061.57	1079.68	1443032
13/05/2014	1082.9	1119.5	1082.9	1105.47	1273742
14/05/2014	1107.2	1118.85	1100.55	1108.05	694614
15/05/2014	1108.05	1112.5	1085.57	1096.57	1260098
16/05/2014	1100.03	1126.7	1050.13	1080.38	2620899
19/05/2014	1075	1080	999.75	1018.35	3258303
20/05/2014	1014	1080	1014	1034.1	2351057
21/05/2014	1030.6	1044.5	1027.9	1041.43	2058473
22/05/2014	1048.38	1062	1037.55	1055.97	2108421
23/05/2014	1059.5	1074.5	1048	1063.95	1547390
26/05/2014	1074.5	1084.8	1066.8	1077	1325425
27/05/2014	1080.07	1092.3	1059	1065.72	897547
28/05/2014	1070	1079.38	1061.22	1075.28	943744
29/05/2014	1072.5	1090	1067.6	1079.97	1410355
30/05/2014	1079.4	1083.5	1065.07	1070.68	1292824
02/06/2014	1072	1078.88	1058.03	1064.93	547579
03/06/2014	1064.93	1069	1052.6	1064.3	1242314
04/06/2014	1065	1067.45	1038.5	1044.63	1070531
05/06/2014	1041.55	1058.2	1034	1052.07	2174235
06/06/2014	1050.07	1053.9	1028	1042.13	1680793
09/06/2014	1043.5	1059	1040	1056.9	1333098
10/06/2014	1057.5	1080.47	1057.5	1079.07	1314034
11/06/2014	1082.5	1107	1069.1	1103.47	1772281
12/06/2014	1124.5	1127	1091.9	1118.68	1367169
13/06/2014	1119	1119.5	1092.53	1106.78	952011
16/06/2014	1105	1138.47	1105	1134.88	1219953
17/06/2014	1142.45	1148.5	1135.5	1139.93	959072
18/06/2014	1146.5	1146.5	1110.65	1113.53	974412
19/06/2014	1115	1144.5	1105.05	1138.03	948177
20/06/2014	1142.45	1149.5	1131	1146.2	577837
23/06/2014	1146.5	1149.95	1127.03	1134.43	631367
24/06/2014	1134.5	1159.75	1127.5	1154.53	739550
25/06/2014	1155	1160	1146.5	1155.28	514211
26/06/2014	1148	1172.07	1145.57	1153.82	1018091
27/06/2014	1158.5	1203.45	1157.5	1199.78	1529418
30/06/2014	1200.28	1217.5	1188.3	1212.7	1073235
01/07/2014	1209.45	1209.5	1191.15	1195.38	546395
02/07/2014	1200	1205.88	1191.75	1200.8	453870
03/07/2014	1199.5	1222.5	1196	1208.95	763381
04/07/2014	1206.2	1212.75	1200.5	1205.25	268068
07/07/2014	1210.03	1249	1205.2	1244.28	1102451
08/07/2014	1242.47	1243.07	1216.63	1224.72	1250294
09/07/2014	1235	1236.32	1190.8	1199.07	777121
10/07/2014	1199.78	1209.8	1167.5	1175.9	995281
11/07/2014	1185.5	1205	1180.55	1197.22	664723
14/07/2014	1209.4	1219.5	1192.63	1213.13	793962
15/07/2014	1213.1	1215	1196.88	1199.65	694828
16/07/2014	1204.82	1212	1193.43	1200.93	703620
17/07/2014	1205	1214.9	1187.5	1190.97	895110
18/07/2014	1226	1242.5	1217.5	1220.6	1753744
21/07/2014	1234	1234.93	1221.53	1231.88	490536
22/07/2014	1232.5	1270	1230.95	1266.2	1199508
23/07/2014	1270	1298.15	1266.15	1293.07	1032929
24/07/2014	1297.45	1301	1283.5	1297.6	740709
25/07/2014	1297	1307.18	1283.5	1302.88	903457
28/07/2014	1288.57	1299.82	1277.5	1294.65	657461
30/07/2014	1292.4	1305	1286.3	1297.53	949626
31/07/2014	1287.55	1299	1284.63	1290.03	1203605
01/08/2014	1287.5	1293.97	1255	1258.2	1190941
04/08/2014	1266	1270.95	1244	1263.03	914318
05/08/2014	1272.45	1272.5	1245.05	1261.85	702328
06/08/2014	1258.07	1267.43	1245.13	1253.32	918781
07/08/2014	1245	1247.5	1229.53	1234.9	836328
08/08/2014	1232.5	1253.85	1232.5	1239.35	732395
11/08/2014	1245.45	1247.78	1227.5	1234.2	645448
12/08/2014	1244.95	1244.95	1220.1	1235.88	492276
13/08/2014	1235	1265	1235	1250.03	1384189
14/08/2014	1257	1266	1245.03	1249.88	789028
18/08/2014	1245.53	1252.5	1235	1243.8	686630
19/08/2014	1250	1252.45	1217.5	1219.25	1617078
20/08/2014	1222.25	1227.53	1215.03	1218.1	1028379
21/08/2014	1223.5	1230	1215	1216.22	1132725
22/08/2014	1222	1234.1	1217.9	1232.1	1548119
25/08/2014	1235	1264.25	1233.45	1261.03	1571756
26/08/2014	1264.5	1275	1250	1266.9	907745
27/08/2014	1267	1283.7	1257.03	1274.97	717730
28/08/2014	1273.5	1274.65	1256.5	1261.18	883144
01/09/2014	1262.7	1280	1261.53	1268.57	405074
02/09/2014	1272.9	1277.4	1257.05	1268.95	703970
03/09/2014	1269.5	1308	1269.5	1303.2	1530845
04/09/2014	1311	1313.73	1288.72	1292.38	850799
05/09/2014	1299.95	1310.9	1291.53	1299.3	733530
08/09/2014	1306	1325	1299.53	1321.35	848671
09/09/2014	1326	1333.5	1312.55	1315.63	709049
10/09/2014	1319	1321.38	1295.6	1300.07	629384
11/09/2014	1305	1312.2	1295.75	1299.18	537811
12/09/2014	1305	1312.18	1296.6	1303.8	598105
15/09/2014	1307	1309.3	1277	1279.15	575772
16/09/2014	1283	1287.5	1272	1275.43	767804
17/09/2014	1280.5	1302.38	1280.5	1295.6	828850
18/09/2014	1295.85	1325.9	1290.5	1321.15	741539
19/09/2014	1321.5	1370	1321	1357.1	1793932
22/09/2014	1357	1367	1338.13	1360.9	499792
23/09/2014	1362	1391.23	1341.65	1344.1	1027995
24/09/2014	1346.5	1353.48	1316.38	1321.5	1221066
25/09/2014	1330.48	1362.5	1330	1354.3	1236579
26/09/2014	1355	1362.45	1335.05	1342	806356
29/09/2014	1347.7	1387.73	1337.65	1383.98	1044767
30/09/2014	1386.48	1388.32	1354.07	1368.3	1394477
01/10/2014	1376	1401	1368.5	1387.8	1071011
07/10/2014	1369.8	1419.85	1362.8	1365.68	1728837
08/10/2014	1369	1369.98	1324.63	1341.6	981221
09/10/2014	1354	1361.65	1343.25	1353.03	842588
10/10/2014	1353	1363.73	1334.25	1339.25	1172181
13/10/2014	1340	1362.4	1335	1358.28	1104766
14/10/2014	1365	1367.85	1339.4	1349.6	1184703
16/10/2014	1365	1379.3	1332.13	1339.05	1924007
17/10/2014	1237.5	1255.68	1215	1220.57	4946406
20/10/2014	1245	1246.8	1208.97	1211.65	1699621
21/10/2014	1212.93	1221.88	1207.5	1216.7	975366
22/10/2014	1242.5	1244.5	1222.55	1225.93	1033832
23/10/2014	1232.5	1233.68	1227.5	1232.55	109922
27/10/2014	1259.5	1259.85	1222.47	1228.57	1398604
28/10/2014	1242.45	1242.45	1226.72	1239.3	1144979
29/10/2014	1237.5	1257	1236.5	1253.03	1212508
30/10/2014	1260.9	1287.45	1254.5	1279.1	2055646
31/10/2014	1280.5	1310	1280.5	1303.93	1585035
03/11/2014	1324.5	1324.5	1290.25	1295.18	1270816
05/11/2014	1319	1319	1295	1299.75	1155321
07/11/2014	1302.4	1307.85	1278.5	1286.43	1063370
10/11/2014	1287.55	1291	1275.5	1284.82	770982
11/11/2014	1289	1297	1277.7	1290.35	624970
12/11/2014	1290	1305.5	1287.5	1295.88	660291
13/11/2014	1297.5	1302.45	1282.57	1294.22	822770
14/11/2014	1292.6	1305.57	1287.5	1303.22	728587
17/11/2014	1297.55	1312.5	1296.13	1309.15	785276
18/11/2014	1310	1313.32	1289.88	1292.93	733513
19/11/2014	1299	1299	1278.72	1286.88	932873
20/11/2014	1294	1305.13	1280.28	1302.72	897693
21/11/2014	1304	1320	1293.32	1311.07	1000797
24/11/2014	1311	1332.5	1311	1328.85	971383
25/11/2014	1330	1339.7	1308	1318	1185842
26/11/2014	1315.03	1328.18	1307.5	1313.65	792400
27/11/2014	1313.65	1334	1312.65	1326.65	866209
28/11/2014	1329.18	1345.95	1317.68	1321.5	994884
01/12/2014	1325.25	1350	1322.63	1346.48	948177
02/12/2014	1346.5	1355.48	1324.68	1328.65	718286
03/12/2014	1335.95	1336.7	1309.25	1317.68	1547335
04/12/2014	1332	1333.5	1314.95	1318.98	642654
05/12/2014	1320.45	1324.9	1286.07	1289.47	1179838
08/12/2014	1297.5	1297.5	1250.82	1256.4	1616287
09/12/2014	1258	1279.5	1254.55	1257.43	1243970
10/12/2014	1257.5	1265.95	1248.1	1253.95	1043985
11/12/2014	1250.3	1261.45	1243.5	1246.07	969411
12/12/2014	1250	1260	1211.32	1225.35	1190393
15/12/2014	1192.45	1192.5	1176.13	1179.32	1743894
16/12/2014	1175	1229.63	1172.5	1221.53	1669570
17/12/2014	1226.7	1235	1202.63	1222.05	1143538
18/12/2014	1227.55	1234.25	1217.4	1230.35	740722
19/12/2014	1235.65	1261.88	1234	1255.28	951565
22/12/2014	1263	1264.5	1237.2	1256.7	821977
23/12/2014	1250	1268.32	1247.3	1258.35	633238
24/12/2014	1257.5	1260.43	1232.82	1239.95	1644486
26/12/2014	1243	1255	1232.5	1252.5	313103
29/12/2014	1254	1268.47	1253.5	1261.45	389460
30/12/2014	1262.5	1271.22	1258	1265.03	350671
31/12/2014	1266.35	1283.2	1262.5	1279.13	786896
01/01/2015	1283.5	1283.5	1270.5	1272.78	183415
02/01/2015	1275.5	1295.47	1275.3	1289.72	462870
05/01/2015	1290.5	1299.95	1262.33	1270.13	877121
06/01/2015	1264.55	1264.55	1220	1223.3	1211892
07/01/2015	1235	1239.58	1203.72	1208.85	1318166
08/01/2015	1221.2	1224.5	1210.28	1221.9	782704
09/01/2015	1227.5	1259.95	1225	1256.15	1598821
12/01/2015	1258.5	1264	1240.13	1254.85	798003
13/01/2015	1260	1265.2	1240.05	1248.95	734216
14/01/2015	1258	1265.9	1250.25	1260.97	893548
15/01/2015	1266.5	1290.88	1261.63	1269.55	2504960
16/01/2015	1271.85	1272.5	1242.15	1266.08	2646915
19/01/2015	1268	1275.5	1251.5	1255.5	567537
20/01/2015	1260	1265	1241.63	1250.22	1029283
21/01/2015	1261	1261	1244.13	1256.9	1155240
22/01/2015	1258.25	1260.63	1247.75	1256.78	1056607
23/01/2015	1257	1266.03	1248.05	1251.8	1575190
27/01/2015	1256.18	1257.5	1244.78	1251.03	1369368
28/01/2015	1251.5	1272.45	1251.45	1269.8	1560990
29/01/2015	1269	1284.35	1256.45	1272.33	1867196
30/01/2015	1280.35	1287.5	1235	1241.03	2908701
02/02/2015	1241	1260.72	1231.03	1257.1	1590901
03/02/2015	1255.83	1282.5	1253.55	1279.13	1172527
04/02/2015	1284	1285.85	1251.05	1257.15	1122709
05/02/2015	1260	1295.85	1259.5	1276.2	2265084
06/02/2015	1276.5	1297.4	1275.43	1287.88	1068208
09/02/2015	1280.75	1284.55	1250	1256.45	1038216
10/02/2015	1255	1263.13	1216.5	1220.58	1899527
11/02/2015	1227.53	1243.63	1223.63	1229.95	1468761
12/02/2015	1239.9	1239.9	1223.5	1231.08	1553990
13/02/2015	1235	1273.88	1230.13	1269.38	2079163
16/02/2015	1280	1297.5	1277.5	1292.4	1182196
18/02/2015	1292.53	1321.5	1282.63	1317.83	1330007
19/02/2015	1318	1343.65	1317.5	1340.53	1309001
20/02/2015	1349.4	1349.4	1321.13	1337.78	900794
23/02/2015	1335.5	1361	1335.5	1348.33	807446
24/02/2015	1347	1365	1339.5	1352.38	1099961
25/02/2015	1355	1361	1333.93	1336.1	883997
26/02/2015	1339.5	1346.38	1312.68	1328.23	995997
27/02/2015	1329.73	1337.88	1308.15	1331.18	1438688
02/03/2015	1339.85	1354.48	1326.28	1334.7	1088019
03/03/2015	1341	1395	1338.08	1388	1712154
04/03/2015	1394	1406.05	1357.83	1373	1931497
05/03/2015	1375	1385.35	1340.53	1348.23	1086757
09/03/2015	1320	1339.9	1305	1323.4	1441587
10/03/2015	1324.45	1339.13	1297.63	1321.35	1518526
11/03/2015	1321	1329.98	1298.9	1303.28	1120100
12/03/2015	1311.95	1312.45	1295.05	1309.53	913818
13/03/2015	1319	1319.98	1287.5	1291.18	793419
16/03/2015	1292.6	1305	1276	1281.15	778148
17/03/2015	1291.25	1303.35	1278.88	1291.85	633659
18/03/2015	1295.47	1299.72	1275.85	1279.68	627585
19/03/2015	1288	1302.93	1284.05	1298.13	1224482
20/03/2015	1298	1309	1289.43	1305.47	981954
23/03/2015	1308	1315.5	1303	1308.58	783304
24/03/2015	1315	1318.5	1291.05	1295.65	1197439
25/03/2015	1295.7	1307	1272.6	1286.88	1112429
26/03/2015	1276.65	1293.35	1250.5	1256.55	1545821
27/03/2015	1265.5	1285.95	1252.05	1257.4	1375888
30/03/2015	1262.5	1284.95	1260	1282.08	669503
31/03/2015	1284.72	1284.72	1260.5	1276.97	1213514
01/04/2015	1279	1281.8	1261.13	1271.33	1037879
06/04/2015	1279	1281.45	1250.05	1273.65	784271
07/04/2015	1281.22	1299.5	1272	1292.5	943461
08/04/2015	1297	1328.25	1295.43	1320.7	826067
09/04/2015	1329.5	1343.73	1317.58	1332.28	1272225
10/04/2015	1324.25	1335.4	1314	1326.88	907772
13/04/2015	1332	1332.5	1314	1327.75	654321
15/04/2015	1327.35	1356.95	1304.7	1313.88	1456967
16/04/2015	1313.48	1313.5	1285.68	1291.4	1608785
17/04/2015	1278.55	1280	1235	1237.43	4834371
20/04/2015	1240.03	1241.95	1212.43	1214.4	1445361
21/04/2015	1214.4	1226	1200.5	1213.53	1273016
22/04/2015	1215.75	1236.5	1203.78	1222.55	2093406
23/04/2015	1236	1239.9	1215.85	1228.63	2171495
24/04/2015	1227.65	1257	1223.78	1246.53	1812579
27/04/2015	1249.75	1260	1243	1250.1	1366526
28/04/2015	1255	1255	1227.55	1247.5	1544149
29/04/2015	1242	1247.5	1225.53	1243.65	1009810
30/04/2015	1240	1245	1213.55	1231.85	1869027
04/05/2015	1245.5	1252.4	1228.6	1240.78	945315
05/05/2015	1250.5	1268.22	1250	1258.93	1627535
06/05/2015	1257.5	1257.5	1227.9	1231.53	1697203
07/05/2015	1232.45	1276.88	1226.85	1272.63	1602514
08/05/2015	1280	1294	1258.15	1263.63	1501832
11/05/2015	1267.5	1281.53	1262.5	1278	1286541
12/05/2015	1280	1282.5	1256.5	1261.45	1233693
13/05/2015	1273.5	1273.5	1240.22	1257.7	931887
14/05/2015	1260	1260	1242.5	1249.63	654525
15/05/2015	1257.5	1266.2	1250.5	1255.58	730727
18/05/2015	1257.05	1262.63	1248.55	1260.2	2253876
19/05/2015	1259.7	1265	1248.38	1256.35	978861
20/05/2015	1260	1284.95	1258.45	1278.53	948907
21/05/2015	1278.5	1290	1274.08	1277.75	789789
22/05/2015	1275	1314.38	1269.63	1308.95	1345816
25/05/2015	1310	1318.45	1292.85	1300.5	491489
26/05/2015	1302.5	1311.63	1294.45	1304.43	980870
27/05/2015	1304	1316.58	1296	1307.63	810345
28/05/2015	1301.95	1311.5	1291.13	1304.75	1381804
29/05/2015	1308.5	1324.3	1298.63	1305.15	2211766
01/06/2015	1304.72	1323.55	1304.18	1308.88	441132
02/06/2015	1308	1315	1295.25	1299.95	1967910
03/06/2015	1302	1312.8	1295.25	1305.45	902342
04/06/2015	1308.55	1311.4	1294.25	1302.83	2065734
05/06/2015	1296	1304.5	1285	1287.93	1154267
08/06/2015	1295	1295	1280.83	1288.72	785160
09/06/2015	1292.5	1295	1275.5	1280.83	1289457
10/06/2015	1283	1305	1281.9	1300.38	1381675
11/06/2015	1302.75	1306.5	1278.38	1285.65	923668
12/06/2015	1285.95	1294.47	1238.4	1252.9	1285728
15/06/2015	1252.65	1260.22	1240.5	1252.4	1262588
16/06/2015	1250	1259.65	1247.22	1256	633698
17/06/2015	1260.5	1264.58	1250.9	1256.9	987860
18/06/2015	1257.5	1273.15	1254	1265.03	1082523
19/06/2015	1267.5	1277.5	1263.55	1274.78	999805
22/06/2015	1273.5	1300	1273.5	1295.75	551001
23/06/2015	1300	1304	1283.6	1287.3	449159
24/06/2015	1290	1293.95	1279.43	1285.15	585123
25/06/2015	1281	1286.5	1272.08	1275	965496
26/06/2015	1275.1	1298.18	1275.1	1296.4	645051
29/06/2015	1286	1302	1271.7	1296.45	686378
30/06/2015	1292.5	1294.38	1270	1275.47	774976
01/07/2015	1281.95	1304	1278.38	1296.55	639854
02/07/2015	1300	1301.47	1285.53	1288.88	722940
03/07/2015	1286.53	1305	1285	1301.95	481735
06/07/2015	1290.15	1322.5	1290.15	1316.65	591169
07/07/2015	1316.38	1323.45	1301.5	1308.13	821418
08/07/2015	1298.97	1310.85	1290.25	1297.55	1333925
09/07/2015	1297.5	1299.13	1253.33	1261.25	1967061
10/07/2015	1279.5	1279.5	1227.5	1237.18	4131827
13/07/2015	1237.7	1259.3	1237.7	1254.78	1140154
14/07/2015	1255.5	1257.5	1245	1249.75	851637
15/07/2015	1250.5	1274.97	1250	1272.88	1001830
16/07/2015	1271.85	1279.43	1263.3	1270.1	728304
17/07/2015	1273.4	1285.05	1271.65	1282.2	535263
20/07/2015	1282	1291.95	1275.95	1289.58	426893
21/07/2015	1288	1300.18	1277.55	1280.7	637250
22/07/2015	1280.5	1284.5	1260.53	1264.03	660314
23/07/2015	1258.75	1268.93	1241.5	1244.3	748390
24/07/2015	1248.75	1258.25	1246.05	1252.58	787486
27/07/2015	1244	1252.5	1240.58	1248.53	1001869
28/07/2015	1249.75	1259.5	1246.08	1251.03	945594
29/07/2015	1255.5	1257.53	1241.75	1253.38	1206659
30/07/2015	1258.03	1258.4	1236.4	1240.33	1385287
31/07/2015	1244.95	1259.5	1243.5	1255.38	981888
03/08/2015	1251.7	1262.5	1250.45	1254.8	589662
04/08/2015	1255.2	1261.5	1243	1254.45	1171346
05/08/2015	1260	1275	1255.5	1273.58	494497
06/08/2015	1282.5	1291.5	1275.05	1286.65	1105683
07/08/2015	1286.5	1286.5	1273.5	1276.03	594253
10/08/2015	1286	1294.5	1278.3	1286.05	715591
11/08/2015	1289	1305	1271.05	1302.1	1100153
12/08/2015	1301.55	1301.55	1300.4	1300.4	0
13/08/2015	1335	1342	1278	1317.8	703213
14/08/2015	1319	1359.68	1318.55	1351.6	1146982
17/08/2015	1345.05	1348.4	1327.5	1342.38	386822
18/08/2015	1353.45	1374.95	1345	1370.45	958463
19/08/2015	1375	1376.43	1360.95	1366.8	845035
20/08/2015	1372.5	1372.5	1336	1343.43	1174649
21/08/2015	1356	1364.95	1327.55	1338.08	1768040
24/08/2015	1319.5	1322.5	1284.55	1289.33	2346172
25/08/2015	1293.95	1311	1267.75	1283.58	1962900
26/08/2015	1279.03	1319.5	1255.97	1288.38	1608079
27/08/2015	1307.45	1307.45	1272.9	1287.33	2632399
28/08/2015	1304.5	1304.5	1278.85	1285.43	1372076
31/08/2015	1295	1295	1265.53	1282.03	1846022
01/09/2015	1278	1305.6	1265	1268.7	1493801
02/09/2015	1279.85	1310.22	1274	1295.9	1882975
03/09/2015	1298.05	1307.5	1288.13	1302.8	1132537
04/09/2015	1305.7	1307.45	1269.58	1273.72	1213198
07/09/2015	1276.5	1279.97	1266.35	1269.88	879592
08/09/2015	1272.5	1282.05	1261.75	1270.15	893873
09/09/2015	1281.47	1287	1272	1274.88	1022538
10/09/2015	1271	1289.25	1263.5	1272.7	1332909
11/09/2015	1273.25	1284.2	1270.3	1276	796336
14/09/2015	1282.5	1282.5	1271.5	1275.83	794659
15/09/2015	1275.83	1279.45	1268	1268.63	689950
16/09/2015	1277.5	1282.5	1270.53	1275.18	878408
18/09/2015	1282.5	1293	1269.5	1275.63	1227647
21/09/2015	1275	1278.55	1266.6	1275.53	554420
22/09/2015	1278.75	1286.2	1245	1263.4	1040623
23/09/2015	1267.15	1278.88	1256.3	1266.33	614176
24/09/2015	1267.75	1295	1264.95	1290.2	1177127
28/09/2015	1297	1309.5	1289.75	1296.85	1183406
29/09/2015	1291.68	1317	1284.93	1294.13	1662976
30/09/2015	1321.85	1321.85	1285.47	1294.03	1684168
01/10/2015	1299.5	1324.98	1296.1	1322.3	1417204
05/10/2015	1326.35	1385	1326.35	1355.83	2403653
06/10/2015	1362.5	1363	1342	1350	1989795
07/10/2015	1346.98	1358.5	1323.48	1326.98	1032765
08/10/2015	1335	1339.18	1310	1316.9	1178775
09/10/2015	1325.25	1325.3	1304	1314.83	1124862
12/10/2015	1327.5	1330.18	1293.5	1296.3	1227956
13/10/2015	1301.4	1306	1283.8	1299.28	3089856
14/10/2015	1274	1274	1240	1241.85	4168564
15/10/2015	1245	1251.75	1232.5	1233.88	1607855
16/10/2015	1240.45	1246	1235	1236	1166914
19/10/2015	1245	1247.47	1227.93	1244.38	1565321
20/10/2015	1248.13	1265	1247.8	1263.38	1347542
21/10/2015	1267.5	1271	1261.13	1265	964844
23/10/2015	1274	1274	1263.65	1268.58	1167699
26/10/2015	1274.5	1274.5	1257.55	1268.28	707315
27/10/2015	1265.03	1272.45	1260.18	1265.55	765210
28/10/2015	1255.03	1266.78	1255.03	1264.55	627671
29/10/2015	1266.78	1267.7	1245.03	1247.68	1565158
30/10/2015	1250	1255.95	1242.5	1247.6	758348
02/11/2015	1250	1261.4	1243.78	1258.68	659647
03/11/2015	1264	1273.9	1259.25	1271.72	682453
04/11/2015	1272.5	1273.6	1260	1266.9	495717
05/11/2015	1265.4	1267.47	1240	1241.33	798049
06/11/2015	1246	1259.13	1241.72	1252.88	454012
09/11/2015	1247.5	1251.38	1234.3	1235.68	1010778
10/11/2015	1236.47	1238.5	1225	1229.08	680960
13/11/2015	1219.03	1219.03	1193.28	1198.7	1371616
16/11/2015	1195	1195	1178	1187.3	1021764
17/11/2015	1190.25	1199.22	1187.5	1195.28	992514
18/11/2015	1194.45	1194.45	1173	1175.72	760176
19/11/2015	1182.68	1190.8	1176	1181.28	933453
20/11/2015	1183.25	1211.78	1180.97	1199.18	1006063
23/11/2015	1202.65	1206.7	1191.13	1195.53	544041
24/11/2015	1190.03	1196.22	1182.75	1183.97	499320
26/11/2015	1188.95	1191.2	1168.93	1172.78	1457646
27/11/2015	1174	1179.72	1166.25	1176.68	868603
30/11/2015	1182.5	1195.63	1175.08	1186.78	2050024
01/12/2015	1181.45	1189.03	1178.53	1180.95	860997
02/12/2015	1189	1189.05	1173.25	1182.6	820148
03/12/2015	1180	1186.5	1173.5	1175.38	1141679
04/12/2015	1170	1173.65	1160.55	1164.2	623046
07/12/2015	1166.1	1171.95	1157.63	1159.9	691302
08/12/2015	1159.7	1174.5	1158.65	1164.5	569982
09/12/2015	1168.95	1186.4	1160	1183.83	2641403
10/12/2015	1184.5	1195.6	1176	1192.28	861994
11/12/2015	1191.5	1195.97	1181.63	1193	826189
14/12/2015	1167.6	1193.5	1165.3	1189.22	1359266
15/12/2015	1189.22	1192.5	1181.53	1187.93	567934
16/12/2015	1192	1207.25	1192	1204.2	717967
17/12/2015	1207.5	1222.5	1196.68	1219.88	809422
18/12/2015	1210	1217.1	1200.33	1208.4	1512485
21/12/2015	1209.97	1225	1203.43	1223.2	805052
22/12/2015	1220	1220	1200	1202.53	780429
23/12/2015	1207.5	1217.5	1205.28	1212.9	424917
24/12/2015	1210.5	1219.1	1202	1217.13	421580
28/12/2015	1214	1233.2	1210.1	1231.35	1852099
29/12/2015	1229.18	1232.65	1222.88	1227.9	854262
30/12/2015	1226.53	1229.5	1206.15	1209.15	802881
31/12/2015	1207.88	1224.25	1203.75	1218.43	620159
01/01/2016	1219.5	1219.5	1206.13	1208.2	356131
04/01/2016	1205.08	1207	1183.03	1184.8	935092
05/01/2016	1192.5	1193.3	1170.5	1174.47	1339010
06/01/2016	1175.1	1193.08	1175.1	1190.8	1326614
07/01/2016	1185	1191.45	1180	1185.63	1599790
08/01/2016	1192.5	1203.68	1186.25	1198.8	953772
11/01/2016	1191.25	1192	1174.43	1181.18	1465114
12/01/2016	1181.35	1182.5	1150.8	1158.5	1741297
13/01/2016	1158.5	1163.5	1127.55	1139.6	2373046
14/01/2016	1136.5	1149.45	1125	1139.4	1371026
15/01/2016	1144.43	1145.85	1127.5	1130.55	1634704
18/01/2016	1131	1145.95	1130	1138.83	1106961
19/01/2016	1138.5	1150	1134.15	1139.65	483955
20/01/2016	1136.9	1142.5	1121.5	1140.05	807977
21/01/2016	1142.5	1144.95	1122.88	1127.25	1337768
22/01/2016	1136.5	1151.03	1130	1147.88	671589
25/01/2016	1150.95	1169.5	1145.75	1152.33	698780
27/01/2016	1151	1164.97	1140.95	1159.88	813493
28/01/2016	1157.75	1174.45	1154.03	1165.6	1553330
29/01/2016	1179.35	1200	1167.53	1195.65	1117872
01/02/2016	1195.55	1206.47	1179.5	1201.35	747637
02/02/2016	1204.5	1216.5	1189.85	1199.05	737794
03/02/2016	1193.75	1214.95	1180.15	1208.15	654346
04/02/2016	1210.95	1220	1201	1210.03	625023
05/02/2016	1204.05	1219.97	1204.05	1210.97	701498
08/02/2016	1200	1206.03	1173.5	1177.15	531829
09/02/2016	1166.8	1166.8	1127.8	1140.7	1244805
10/02/2016	1137.5	1144.95	1129.05	1134.4	945366
11/02/2016	1140	1144.5	1085.83	1098.97	981204
12/02/2016	1100	1121.7	1082	1113.15	1086284
15/02/2016	1125	1153.43	1120	1134.58	1239856
16/02/2016	1133	1141	1121.5	1132.78	794351
17/02/2016	1132.5	1139.83	1123.2	1137.78	792589
18/02/2016	1142.5	1159.88	1139	1157.93	764570
19/02/2016	1153.68	1163.5	1152.72	1159.83	439506
22/02/2016	1160.13	1171.5	1152.5	1157.95	662442
23/02/2016	1155.13	1159.95	1128.38	1132	653426
24/02/2016	1131.22	1131.22	1100.6	1105.47	829664
25/02/2016	1109.9	1114	1092.83	1106.43	915278
26/02/2016	1114.85	1128.45	1099.8	1105.25	768768
29/02/2016	1118.5	1118.5	1057.5	1088.4	1095859
01/03/2016	1096.5	1142.55	1081	1138.33	999880
02/03/2016	1152.5	1165	1128.13	1159.43	763743
03/03/2016	1168	1195.5	1150.5	1186.58	1324142
04/03/2016	1190	1190	1174.78	1178.78	756483
08/03/2016	1171.05	1183.5	1152.1	1177.15	634076
09/03/2016	1170.5	1184.7	1147.58	1178.63	1008892
10/03/2016	1178.03	1179.93	1157.47	1174.15	830833
11/03/2016	1170	1195.43	1167.5	1182.63	765264
14/03/2016	1181	1199	1170	1177.5	818371
15/03/2016	1174.53	1181.75	1160.05	1164.95	811678
16/03/2016	1157.5	1166	1153.45	1163.53	959123
17/03/2016	1167	1180.9	1166	1176.03	1110544
18/03/2016	1180	1215	1180	1212.93	1602035
21/03/2016	1213	1227.47	1210	1223.13	1168491
22/03/2016	1221	1242.5	1218.25	1236.55	975992
23/03/2016	1243.95	1243.95	1228.65	1236.9	1139217
28/03/2016	1245.5	1258.58	1230.78	1236.7	1660441
29/03/2016	1239	1243.47	1227.5	1234.7	919398
30/03/2016	1235.45	1252.5	1230	1244.75	1068252
31/03/2016	1239.15	1275	1236.08	1260.15	2181982
01/04/2016	1252.5	1260.43	1217.05	1226.95	1520700
04/04/2016	1228	1244	1223.5	1235.63	876176
05/04/2016	1235.4	1242.45	1221.03	1231.38	745897
06/04/2016	1235	1244.5	1229.68	1240.95	881575
07/04/2016	1240	1242.35	1228.5	1235.4	1195471
08/04/2016	1233	1236.85	1213.5	1216.03	699750
11/04/2016	1216.5	1258.5	1206.5	1253.33	1200324
12/04/2016	1249	1262.5	1244.05	1259.08	651814
13/04/2016	1265	1272.5	1256.25	1263.1	800734
18/04/2016	1226.5	1276.75	1220	1259.88	3560752
20/04/2016	1267.45	1267.45	1220	1225.18	3202512
21/04/2016	1225.5	1233.7	1206.1	1212.2	1262862
22/04/2016	1209.5	1217.7	1202.1	1208.53	982063
25/04/2016	1201.15	1228.53	1201.15	1225.63	1133827
26/04/2016	1224.5	1246.75	1221	1244.9	1277184
27/04/2016	1240	1257.3	1237.95	1255.55	924335
28/04/2016	1250.65	1270	1249.05	1263.88	2496372
29/04/2016	1258.5	1271	1255	1267.75	1186089
02/05/2016	1264.5	1265	1250	1263.35	558346
03/05/2016	1262.5	1265	1236	1239.05	1076559
04/05/2016	1236.95	1247.03	1228.5	1239	682446
05/05/2016	1239	1244.97	1231.78	1235.15	623283
06/05/2016	1232.5	1242.15	1215.5	1236.7	442799
09/05/2016	1236.7	1259	1228.2	1256.28	910638
10/05/2016	1257.5	1266.97	1248	1261.45	579267
11/05/2016	1250	1262.8	1245	1259.15	799358
12/05/2016	1260.28	1284.95	1260.28	1283.1	756541
13/05/2016	1282.5	1283	1255.08	1261.7	810865
16/05/2016	1269	1282.4	1261.25	1275.58	555763
17/05/2016	1282.1	1295.63	1276	1285.1	878349
18/05/2016	1282.93	1282.93	1263.03	1275.55	750370
19/05/2016	1277.5	1280	1263.05	1278.47	519396
20/05/2016	1271.15	1282.9	1261.4	1264.65	615459
23/05/2016	1272	1272.95	1240.1	1245.72	766508
24/05/2016	1242	1244.13	1229.8	1233.85	669579
25/05/2016	1240.5	1266.47	1240.5	1263.22	774339
26/05/2016	1265	1282.45	1252.55	1274.35	971624
27/05/2016	1276.58	1289.93	1275.3	1286.33	552338
30/05/2016	1291.5	1320.98	1291	1318.2	674732
31/05/2016	1320	1323.5	1281	1284.7	1861304
01/06/2016	1285.6	1322.5	1285.5	1316.78	955971
02/06/2016	1300	1327.15	1300	1325.08	704378
03/06/2016	1325.7	1329	1310.25	1314.78	777461
06/06/2016	1310.25	1319.5	1301.6	1306.25	661013
07/06/2016	1307	1319.5	1306.5	1315.58	601097
08/06/2016	1308.63	1314.28	1302.75	1306.55	469133
09/06/2016	1311.2	1311.2	1277.6	1288.63	781069
10/06/2016	1283	1301.63	1276.6	1277.88	698416
13/06/2016	1270	1276.68	1259	1273.5	514989
14/06/2016	1279.47	1279.47	1259.13	1267.43	488785
15/06/2016	1265	1282.45	1261	1278.43	635422
16/06/2016	1272.78	1282.35	1258.22	1279.15	572535
17/06/2016	1279.5	1305	1279.5	1301.3	939494
20/06/2016	1301.3	1334	1295.9	1329.65	936419
21/06/2016	1331.75	1332.5	1320.7	1325.6	513845
22/06/2016	1325	1338.85	1315.88	1333.83	880856
23/06/2016	1327.5	1329.75	1312.65	1322.68	698507
24/06/2016	1282.58	1296.6	1257.08	1286.97	1883293
27/06/2016	1273.5	1273.5	1241.33	1247.93	2136283
28/06/2016	1247.93	1251.45	1229.2	1231.97	2249762
29/06/2016	1237.5	1256.25	1232.65	1251.45	1265632
30/06/2016	1261	1281.45	1250.18	1276.55	2560906
01/07/2016	1281	1282.3	1247.18	1250.43	1098648
04/07/2016	1258	1262.93	1241	1247.1	941742
05/07/2016	1247.1	1248.53	1238.58	1242.65	779874
07/07/2016	1243.85	1245.93	1212.5	1214.9	1658400
08/07/2016	1217.5	1221.03	1201.75	1213.3	1228178
11/07/2016	1215	1235.9	1213.5	1232.08	771816
12/07/2016	1235.85	1237.5	1217.93	1232.47	732768
13/07/2016	1239	1249.63	1225.63	1246.55	1051150
14/07/2016	1243	1264.5	1235.5	1260.95	1349994
15/07/2016	1258.5	1263.9	1213.28	1222.68	4168183
18/07/2016	1223.5	1234.5	1215.3	1216.72	1299425
19/07/2016	1213.75	1236.4	1213.75	1233.1	1181448
20/07/2016	1225	1251.25	1224.08	1247.47	1407626
21/07/2016	1244.75	1259.75	1232.22	1253.03	1263574
22/07/2016	1249.45	1262	1246	1257.55	758608
25/07/2016	1256	1281.6	1252.9	1279.47	844398
26/07/2016	1279.47	1284	1266.5	1276.3	1155645
27/07/2016	1277.5	1290.2	1272.5	1288.78	875255
28/07/2016	1290.25	1314.78	1288.53	1309.63	2316040
29/07/2016	1307	1317.45	1299.5	1309.65	1244042
01/08/2016	1316	1362.5	1316	1354.13	1980852
02/08/2016	1351.45	1357.85	1344.9	1349.6	1289081
03/08/2016	1343	1349.5	1324.53	1328.15	1147351
04/08/2016	1335	1341.48	1318.13	1326	707708
05/08/2016	1336.95	1342.15	1316	1324.55	934242
08/08/2016	1320	1334	1314.53	1324.75	1029122
09/08/2016	1329	1329.9	1289.43	1325.1	1130957
10/08/2016	1325.5	1341	1324	1337.7	1031039
11/08/2016	1332.78	1357.5	1332.78	1354.95	1116569
12/08/2016	1352.5	1372.4	1351.03	1369.23	1163679
16/08/2016	1369	1370	1336.93	1345.85	1591877
17/08/2016	1349.5	1349.5	1309	1312.28	924283
18/08/2016	1317.5	1328.78	1315.05	1319.28	646032
19/08/2016	1320	1323.23	1300	1301.75	1208122
22/08/2016	1294	1297.22	1268.15	1274.35	1132637
23/08/2016	1272.47	1302.47	1270.1	1300.53	751687
24/08/2016	1294.9	1301	1284.53	1286.03	558439
25/08/2016	1290	1294.85	1263	1275.53	969845
26/08/2016	1279.9	1286.28	1258.6	1262.47	625157
29/08/2016	1267.47	1267.47	1233.38	1250.28	744364
30/08/2016	1255	1274.9	1250.63	1272.08	722013
31/08/2016	1275	1275	1250.43	1255.65	1615834
01/09/2016	1262.45	1267.47	1243.53	1253.75	672868
02/09/2016	1256	1259.7	1248.03	1257.4	871165
06/09/2016	1259.95	1260.08	1240	1242.03	1119533
07/09/2016	1249.85	1249.85	1211.5	1220.28	1927020
08/09/2016	1180	1180	1142.38	1161.05	3510758
09/09/2016	1164.85	1183.33	1160.03	1176.22	1371219
12/09/2016	1168.5	1181.97	1162	1179.53	1012227
14/09/2016	1181	1188.8	1155	1164.22	1034929
15/09/2016	1169.97	1171.05	1158.38	1163.47	1409482
16/09/2016	1168.35	1188	1160	1180.85	2179002
19/09/2016	1182.5	1213.5	1175	1205.72	1401273
20/09/2016	1205.5	1208.45	1192.7	1203.25	592276
21/09/2016	1203.85	1212	1200.35	1206.7	839010
22/09/2016	1212.63	1214	1185.55	1189	1428787
23/09/2016	1191	1201.93	1185.58	1199.05	900363
26/09/2016	1200.55	1209.55	1197.5	1200.55	876738
27/09/2016	1200.55	1224	1200.55	1218.05	1019396
28/09/2016	1215.5	1218.75	1207.6	1211.53	865664
29/09/2016	1217.5	1228.25	1209.8	1218.9	1801979
30/09/2016	1218.53	1224.9	1211.55	1215.4	1087682
03/10/2016	1225	1228.83	1200.55	1205.85	909440
04/10/2016	1210	1212.53	1199	1202.58	890359
05/10/2016	1204	1207.7	1188.05	1193.18	588177
06/10/2016	1197.5	1201.2	1186.38	1194.38	1133786
07/10/2016	1194	1194	1179.1	1183.9	908256
10/10/2016	1184.95	1193.45	1177.53	1190.15	601071
13/10/2016	1181.65	1184.95	1160.45	1164.45	2586667
14/10/2016	1157.5	1193.5	1145.5	1183.1	3870607
17/10/2016	1184.45	1187.9	1172.2	1181.22	1364173
18/10/2016	1188	1207.85	1177.4	1200.1	1064316
19/10/2016	1200.5	1205	1185.15	1197.55	992529
20/10/2016	1198.45	1204.68	1193	1200.58	632927
21/10/2016	1200	1215.95	1199.13	1214.33	629830
24/10/2016	1214.1	1217.45	1201.28	1213.85	626595
25/10/2016	1202.5	1207.3	1190.5	1199.22	886233
26/10/2016	1199.3	1201.38	1186.25	1198.13	718565
27/10/2016	1189.85	1214.75	1182.75	1209.05	1470801
28/10/2016	1205	1207.55	1194	1199.35	876051
01/11/2016	1199.85	1199.85	1167.08	1175	1467388
02/11/2016	1170.5	1172	1147.5	1152.03	1162538
03/11/2016	1147	1167.5	1142.25	1159.72	731655
04/11/2016	1160	1168.08	1147	1165.28	591876
07/11/2016	1168.95	1172.45	1130.03	1138.53	1024026
08/11/2016	1140.22	1153.5	1130	1141.6	966817
09/11/2016	1090	1137.5	1071.43	1084.93	2250113
10/11/2016	1102.4	1108.75	1070.4	1077.72	1086213
11/11/2016	1073.53	1073.53	1043.1	1050.58	1199212
15/11/2016	1058.45	1078.78	1025.95	1060.65	3145162
16/11/2016	1072.55	1104.45	1069	1094.8	2009979
17/11/2016	1092.5	1104.3	1065.08	1068.6	1252344
18/11/2016	1071	1075	1052.1	1062.55	1070267
21/11/2016	1063.1	1070	1052.5	1066.45	896683
22/11/2016	1066	1088.72	1061.03	1067.5	659430
23/11/2016	1074.5	1081.47	1063.6	1078.18	637904
24/11/2016	1077.45	1103.8	1068.5	1094.22	1513117
25/11/2016	1106	1153.63	1096.1	1150.18	2138074
28/11/2016	1147	1159.72	1125.95	1141.3	962148
29/11/2016	1137.5	1146	1126.28	1129.93	721148
30/11/2016	1132.5	1147.38	1121.15	1138.03	1722916
01/12/2016	1138.5	1145	1127.03	1131.72	561526
02/12/2016	1129	1135.4	1102.6	1110.93	999016
05/12/2016	1114.5	1118.93	1085	1093	1124763
06/12/2016	1095	1101.97	1084.95	1091.18	796722
07/12/2016	1091.1	1092.22	1072.83	1077.28	1032853
08/12/2016	1080.25	1099.5	1080	1097.88	1619773
09/12/2016	1102.5	1109.95	1086.65	1097.63	794359
12/12/2016	1097.4	1108.8	1081.5	1104.1	655879
13/12/2016	1109	1109	1091.5	1100.15	1073767
14/12/2016	1107	1112.35	1094.5	1103.8	935183
15/12/2016	1101	1136.05	1101	1129.65	2147705
16/12/2016	1138.5	1145	1126	1141.33	993615
19/12/2016	1140	1148.85	1130.65	1144.45	667105
20/12/2016	1146	1172.5	1143.53	1169.65	1461380
21/12/2016	1171.9	1171.9	1152.8	1156.8	1017451
22/12/2016	1153	1162.5	1143.1	1153.85	934150
23/12/2016	1150	1158.88	1139.4	1144.05	559477
26/12/2016	1133	1150.8	1133	1146.55	448704
27/12/2016	1140.75	1165	1140.75	1161.7	647346
28/12/2016	1163.35	1174.95	1151.58	1156.7	675209
29/12/2016	1151.5	1179.95	1151.5	1175.85	981758
30/12/2016	1177.45	1189.3	1172.83	1182.78	702874
02/01/2017	1183.3	1187.55	1176.2	1180.68	411566
03/01/2017	1180.63	1185.85	1171.65	1184.13	737662
04/01/2017	1184.85	1194.43	1179.15	1189.75	710033
05/01/2017	1192	1194.97	1160.2	1167.2	1108202
06/01/2017	1160.5	1164.68	1128.55	1140.7	1504948
09/01/2017	1137.5	1155.65	1128.5	1151.85	927289
10/01/2017	1152	1164.9	1145.75	1157.68	766957
11/01/2017	1157.5	1164.8	1140.1	1162.5	965648
12/01/2017	1162.2	1180	1152	1172.18	1285187
13/01/2017	1174	1178.97	1118.93	1124.65	5117790
16/01/2017	1125	1136.95	1114	1129.28	1682404
17/01/2017	1127.45	1143.9	1126.4	1139.38	1504978
18/01/2017	1139	1149	1132.72	1147.55	1568287
19/01/2017	1147.5	1147.58	1141.47	1145.5	1125838
20/01/2017	1143.5	1150	1132.5	1142.68	1018623
23/01/2017	1132.5	1156.75	1129.9	1153.35	1159273
24/01/2017	1152	1161.5	1145	1159.18	1141319
25/01/2017	1161.3	1180	1159.03	1176.5	2055824
27/01/2017	1172.53	1189.38	1172.53	1178.9	1435829
30/01/2017	1170.5	1175.97	1159.08	1166.45	1288978
31/01/2017	1160	1166.03	1100.03	1114.9	2333402
01/02/2017	1110	1119.97	1077.78	1083.95	2432076
02/02/2017	1085.03	1109.5	1076.5	1103.83	3004741
03/02/2017	1104.85	1121.5	1095.5	1116.28	1076686
06/02/2017	1129	1129.25	1107.47	1120.38	1204455
07/02/2017	1122	1126.3	1113	1122.3	907319
08/02/2017	1122.45	1141.3	1122.03	1135.47	1106292
09/02/2017	1137.5	1164	1135.1	1158.65	2016601
10/02/2017	1155.5	1212.22	1155.5	1198.97	2891080
13/02/2017	1198	1214.5	1191.18	1207.13	1909906
14/02/2017	1209.83	1209.83	1199	1203.13	1016664
15/02/2017	1198.5	1214	1187.55	1206.85	962486
16/02/2017	1230	1239	1217.8	1223.88	2087840
17/02/2017	1236	1237.8	1201	1203.95	1361662
20/02/2017	1212.5	1277.5	1204.05	1251.1	1986974
21/02/2017	1257	1262.95	1227.58	1232.68	2750556
22/02/2017	1232.95	1235	1200.08	1205.75	2252748
23/02/2017	1207.5	1246.63	1207.5	1240.9	2426676
27/02/2017	1239.55	1251	1235.03	1244.93	1069946
28/02/2017	1244.75	1245	1225	1233.13	1177414
01/03/2017	1239.95	1250.95	1235	1239.78	565187
02/03/2017	1243.35	1255	1235.03	1250.72	772471
03/03/2017	1246	1249.85	1237.7	1247.03	506985
06/03/2017	1240	1242	1227.28	1236.25	700347
07/03/2017	1241.45	1252.5	1237.53	1249.9	755836
08/03/2017	1251	1260	1246.1	1256.1	895755
09/03/2017	1257.08	1262	1252.03	1259.88	429234
10/03/2017	1259.8	1274.78	1256.97	1271.13	585710
14/03/2017	1278.4	1293.58	1275.53	1283.75	1701147
15/03/2017	1286	1286.08	1246.93	1249.15	1511248
16/03/2017	1253	1263.5	1253	1260.45	785909
17/03/2017	1273	1273	1254.88	1262.88	1296576
20/03/2017	1262.97	1262.97	1233	1240	1743770
21/03/2017	1241	1246	1232.5	1243.35	1686850
22/03/2017	1240.08	1248	1234.97	1239.47	944358
23/03/2017	1241	1242.53	1223.6	1230.18	1310319
24/03/2017	1234.9	1234.9	1211.65	1213.6	2549907
27/03/2017	1213.47	1220	1203	1206.03	1090635
28/03/2017	1205	1221.7	1205	1214.97	576579
29/03/2017	1218	1225.4	1212.8	1222.3	858882
30/03/2017	1222.45	1232.5	1217.5	1220.5	1493043
31/03/2017	1219.2	1220.43	1207.5	1215.9	933522
03/04/2017	1217.5	1217.5	1204.1	1205.85	598444
05/04/2017	1209.95	1209.95	1197.5	1200.63	1452784
06/04/2017	1200	1205	1196.28	1200.03	860352
07/04/2017	1197.45	1216.63	1196.08	1214.53	1138506
10/04/2017	1216	1224.5	1202.5	1211.13	1271632
11/04/2017	1208.65	1221.55	1203	1209.65	778892
12/04/2017	1211.25	1214	1191.5	1196.63	525269
13/04/2017	1200	1204.5	1160.53	1164.33	1250236
17/04/2017	1165.2	1166.45	1147.58	1157.43	1135441
18/04/2017	1165	1167.1	1151.03	1154.4	865310
19/04/2017	1131.75	1174.35	1126.4	1149.58	2813406
20/04/2017	1152.65	1166	1145.47	1162.75	634421
21/04/2017	1164.55	1167.83	1150.5	1155.4	580577
24/04/2017	1150	1169.83	1141.25	1164.05	1000010
25/04/2017	1164	1172.22	1151.35	1155.75	1574355
26/04/2017	1170	1171.97	1151.53	1155.18	1093719
27/04/2017	1153.03	1163.9	1138.83	1151.33	2886593
28/04/2017	1147	1149.38	1134	1136.58	1270255
02/05/2017	1147	1151	1140	1144.95	1191348
03/05/2017	1147.5	1172.5	1134.25	1168.65	1757203
04/05/2017	1174.97	1175	1154.4	1165.05	1354104
05/05/2017	1154	1166.25	1151.25	1160.25	841237
08/05/2017	1160.5	1173.7	1158.85	1171.22	535891
09/05/2017	1171.97	1180.5	1166.28	1176.28	895135
10/05/2017	1177.5	1178.08	1158	1166.22	603194
11/05/2017	1173.65	1180	1161.38	1174.72	1035651
12/05/2017	1171.65	1184.95	1160.03	1180.33	1157223
15/05/2017	1187.55	1188.97	1170.8	1182.55	908802
16/05/2017	1190	1217.5	1186.72	1214.58	1800513
17/05/2017	1216.75	1230.38	1211.5	1227.68	1438099
18/05/2017	1225	1286	1221.13	1268.1	2569297
19/05/2017	1268.1	1270.28	1243	1253.58	893022
22/05/2017	1255	1276.88	1255	1265.68	831970
23/05/2017	1266.6	1282.08	1257	1260.85	1374298
24/05/2017	1267.4	1285	1264.83	1279.58	1267274
25/05/2017	1288.5	1318.78	1284	1312.3	2047047
26/05/2017	1312.5	1313.43	1282.33	1289.13	681275
29/05/2017	1289.5	1298.25	1282	1286.43	874645
30/05/2017	1280	1287.97	1262.5	1275.55	463817
31/05/2017	1266.5	1286.25	1264	1273.3	1251365
01/06/2017	1265	1282	1265	1276.8	540032
02/06/2017	1278.13	1295.93	1276.25	1282.45	677824
05/06/2017	1282.5	1309.95	1280.08	1301.97	750094
06/06/2017	1315.5	1354.48	1315	1348	2973360
07/06/2017	1348.5	1350	1288.28	1307.63	2463888
08/06/2017	1299	1302.47	1257.75	1260.8	1665357
09/06/2017	1260	1273.7	1243	1253.5	1574017
12/06/2017	1248.5	1256.45	1235.2	1243.6	813253
13/06/2017	1232.5	1240.55	1223.5	1225.78	587707
14/06/2017	1227.5	1238	1227.5	1235.1	744571
15/06/2017	1234.5	1234.85	1202.5	1205.6	1498599
16/06/2017	1207.47	1217.5	1193.25	1199.85	1225213
19/06/2017	1208.45	1223.18	1202.58	1215.85	822371
20/06/2017	1215.5	1224.5	1190.15	1222.5	835479
21/06/2017	1220	1221.08	1198.6	1203.15	828909
22/06/2017	1204.5	1215.5	1192.5	1197.43	2887941
23/06/2017	1199.7	1206.97	1177	1180.85	712378
27/06/2017	1175.3	1192.35	1165.8	1171.43	987165
28/06/2017	1174.95	1179	1167.5	1175.03	894863
29/06/2017	1179.5	1186.03	1161.55	1166.63	1235913
30/06/2017	1162.2	1188.5	1161.55	1181.18	876924
03/07/2017	1178.7	1191.53	1171.55	1186.8	737978
04/07/2017	1186.65	1190.22	1175.03	1183.43	607567
05/07/2017	1180.4	1182.5	1172.5	1178	407928
06/07/2017	1179.5	1180.95	1170.05	1173.78	513394
07/07/2017	1175	1178.22	1162.75	1165.97	616045
10/07/2017	1203	1222.45	1189.47	1217.47	391804
11/07/2017	1213	1257.4	1213	1237.9	1768752
12/07/2017	1241.25	1241.65	1215.05	1219.72	1323225
13/07/2017	1222.5	1236	1213.3	1223.2	1565980
14/07/2017	1191.5	1212.5	1187.5	1198.72	2254216
17/07/2017	1198.85	1211.05	1191.1	1197.72	1105911
18/07/2017	1198.08	1221.5	1198.08	1204.18	954001
19/07/2017	1207.75	1230	1207.55	1224.8	1957788
20/07/2017	1224.63	1228.45	1215.25	1222.35	591252
21/07/2017	1217.45	1250	1217.28	1245.6	1074208
24/07/2017	1241	1270	1241	1265.35	1135701
25/07/2017	1262.88	1290	1259.2	1285.75	1339416
26/07/2017	1280	1287.5	1273.5	1278	729913
27/07/2017	1271.1	1292.4	1233.25	1240.85	2127652
28/07/2017	1240.5	1246.53	1221	1242.15	691376
31/07/2017	1235.5	1259.5	1231.5	1245.9	1009831
01/08/2017	1250	1260.38	1245.5	1250.83	873730
02/08/2017	1250	1254	1231	1236.9	625512
03/08/2017	1240	1251	1233.22	1244.72	941274
04/08/2017	1245.4	1264.15	1244	1261.4	693945
07/08/2017	1258.25	1260	1240.6	1251.72	942760
08/08/2017	1256	1264.3	1248.15	1251.53	536979
09/08/2017	1250	1261.43	1246.65	1256	496473
10/08/2017	1254.5	1260.3	1243.18	1255.72	763086
11/08/2017	1249.95	1267.5	1241.5	1248.03	697368
14/08/2017	1251.5	1254.95	1231.5	1234.7	393252
16/08/2017	1242	1271.9	1232.6	1246.18	686670
17/08/2017	1250.35	1252.5	1231.05	1242.83	876187
18/08/2017	1237	1274.95	1235.7	1256.9	1418678
21/08/2017	1252.75	1274.5	1247.15	1264.4	1152417
22/08/2017	1261.5	1269.75	1246	1248.78	565663
23/08/2017	1252.5	1258.4	1236.58	1244.72	781136
24/08/2017	1248.85	1258.97	1243.08	1248.3	811954
28/08/2017	1252.3	1252.7	1230.5	1243.65	1018398
29/08/2017	1241	1248	1231.97	1235.43	656301
30/08/2017	1240.5	1245	1230.05	1242.28	485391
31/08/2017	1242.5	1252.2	1233.33	1248.18	892332
01/09/2017	1240	1249.03	1218.28	1228.22	851165
04/09/2017	1226.55	1230.5	1219	1228.1	531272
05/09/2017	1230	1245	1218.53	1242.18	582997
06/09/2017	1234.08	1237.43	1225	1226.6	614382
07/09/2017	1229	1234.2	1225.53	1230.05	435318
08/09/2017	1226.88	1237	1226.28	1235.3	510567
11/09/2017	1235.6	1241.47	1225	1227.22	366382
12/09/2017	1236.95	1248.5	1228.5	1244.22	698230
13/09/2017	1250	1265.83	1237.6	1244.6	639490
14/09/2017	1241	1248.8	1235.95	1243.47	540755
15/09/2017	1249.5	1258.5	1242.5	1253.03	1472036
18/09/2017	1252.47	1259.47	1244.63	1249.53	363300
19/09/2017	1252.5	1252.5	1245.75	1249.13	391377
20/09/2017	1257	1257	1237.15	1246.78	667321
21/09/2017	1245.53	1270.5	1240	1262.45	1219370
22/09/2017	1259.95	1263.45	1246	1251.8	1217698
25/09/2017	1248.28	1267	1246.38	1255.38	799779
26/09/2017	1255	1263.2	1233	1237.33	724615
27/09/2017	1245	1256.1	1236.88	1247.5	1005178
28/09/2017	1247.35	1257	1226	1238.22	2166433
29/09/2017	1239.5	1242	1210.75	1217.97	992507
03/10/2017	1220	1227.15	1213.53	1224.22	961503
04/10/2017	1224.8	1227	1212.5	1221.15	650389
05/10/2017	1220.5	1221.72	1212.2	1214.8	842343
06/10/2017	1215	1227.5	1214.03	1223.33	694594
09/10/2017	1220.53	1233.97	1220.53	1227.05	886808
10/10/2017	1227.5	1234.97	1225.63	1229.63	611005
11/10/2017	1230	1257.22	1228.38	1250.18	763873
12/10/2017	1256.5	1277.5	1253.5	1274.1	2503178
13/10/2017	1274.1	1304.47	1261.5	1279.3	2033160
16/10/2017	1277.53	1295	1277.53	1292.2	609295
17/10/2017	1292.5	1307.47	1288.78	1297.28	721508
18/10/2017	1297.5	1306.83	1290	1293.3	757072
19/10/2017	1296	1297.9	1285.5	1291.7	43411
23/10/2017	1292	1314.5	1273.72	1293.95	943044
24/10/2017	1310	1310.45	1284.53	1289.2	669510
25/10/2017	1289.25	1307	1277.5	1279.95	552553
26/10/2017	1267.55	1284.58	1258.95	1269.43	1503776
27/10/2017	1269	1296.58	1265.15	1292.15	704635
30/10/2017	1293	1310	1290.85	1308.1	568626
31/10/2017	1300.65	1320	1300.65	1312	796317
01/11/2017	1312	1313.43	1289.43	1301.43	370941
02/11/2017	1304.25	1337	1303.38	1313.08	734211
03/11/2017	1316.2	1318.35	1301.4	1310.05	333443
06/11/2017	1310	1335.9	1305.88	1332.78	688500
07/11/2017	1335	1384	1333.03	1355.03	1348446
08/11/2017	1361.5	1379.5	1359.13	1367.5	701126
09/11/2017	1375	1375	1359.65	1368.2	576216
10/11/2017	1361.1	1363	1346.68	1354.38	678283
13/11/2017	1351.03	1388.7	1351.03	1379.48	748498
14/11/2017	1378.28	1378.28	1353.75	1357.3	828626
15/11/2017	1353	1377.5	1350.68	1352.65	3335417
16/11/2017	1355	1381.5	1343.48	1373.33	826741
17/11/2017	1374.05	1374.05	1351.8	1353.65	662732
20/11/2017	1357.5	1363.45	1347.65	1351.73	507249
21/11/2017	1350.5	1350.5	1333	1336.48	763870
22/11/2017	1336.5	1354.85	1336.2	1340.33	911312
23/11/2017	1340.5	1346.5	1334.5	1340.63	396735
24/11/2017	1341	1351.45	1336.55	1344.03	1143756
27/11/2017	1344	1347.95	1331.1	1342.93	928393
28/11/2017	1343	1351.2	1335	1342.65	455858
29/11/2017	1338.75	1346.5	1325	1329.08	723766
30/11/2017	1326.83	1333.48	1311.5	1318.5	2149981
01/12/2017	1317.5	1334	1310.75	1314.98	515572
04/12/2017	1311	1329.25	1301.47	1316.18	629552
05/12/2017	1315.5	1325.85	1314.08	1317.78	583957
06/12/2017	1318	1322.5	1306.43	1316.65	703759
07/12/2017	1316.15	1322.98	1307.5	1308.97	663150
08/12/2017	1309	1322.5	1298.5	1300.75	692774
11/12/2017	1304.18	1336.33	1304.18	1330.55	504001
12/12/2017	1330.5	1331	1303.7	1306.08	941123
13/12/2017	1305.7	1325.73	1300.5	1314.2	1480729
14/12/2017	1316	1316	1265.55	1278.9	2752075
15/12/2017	1281.88	1292.22	1268.43	1272.8	1359069
18/12/2017	1268.5	1294.47	1247.18	1290.25	1090332
19/12/2017	1288	1298.9	1282.35	1287.65	900976
20/12/2017	1291	1296.38	1275.33	1294.47	788785
21/12/2017	1293.5	1304	1290.03	1297.85	646824
22/12/2017	1302	1331.95	1295.1	1323.38	1832832
26/12/2017	1343	1344.88	1315.8	1324.73	1087893
27/12/2017	1324.73	1329.25	1305.25	1309.95	369642
28/12/2017	1304.4	1326.75	1302.83	1313.48	1302544
29/12/2017	1311.55	1354.45	1309.28	1350.6	1304771
01/01/2018	1341.15	1347.4	1317.5	1322.8	675880
02/01/2018	1330	1334.8	1310.1	1315.6	960145
03/01/2018	1316	1334.5	1315.6	1319.33	628560
04/01/2018	1325	1331	1320	1328.55	456541
05/01/2018	1325	1349.75	1325	1344.6	576853
08/01/2018	1350	1363.43	1340.93	1357.2	621110
09/01/2018	1357.5	1360.5	1338.28	1354.5	1074698
10/01/2018	1355.5	1408	1347.33	1403.3	1682925
11/01/2018	1405	1410.95	1391.1	1395.25	1260524
12/01/2018	1402.5	1402.5	1370.28	1388.18	1680157
15/01/2018	1388.58	1404	1367.53	1373.05	728607
16/01/2018	1378	1430.83	1375.28	1425.43	2133876
17/01/2018	1435	1462.5	1431.08	1444.48	2140403
18/01/2018	1448.5	1466.5	1434.03	1459.1	1104739
19/01/2018	1465.28	1491	1451.83	1479.65	910000
22/01/2018	1480.5	1567.35	1461	1558.2	2183555
23/01/2018	1557.48	1571.18	1545.03	1551	1619805
24/01/2018	1545	1629.53	1541.33	1587.3	2810769
25/01/2018	1587.5	1589.9	1540.5	1560.53	1916922
29/01/2018	1565.7	1612.5	1561	1599.43	1570530
30/01/2018	1590	1601.9	1571.85	1576.43	787379
31/01/2018	1568.5	1575	1549.3	1556.18	1521607
01/02/2018	1562	1595	1544.4	1569.3	1200315
02/02/2018	1560	1595	1551.73	1576.83	1228245
05/02/2018	1555	1594	1538.43	1551.6	1378871
06/02/2018	1505	1538.58	1492.5	1498.63	1328653
07/02/2018	1513.5	1515.5	1473.73	1477.53	1090162
08/02/2018	1489.88	1513.8	1479.5	1487.1	1377502
09/02/2018	1475	1497	1448.33	1485.85	1051229
12/02/2018	1489.15	1511.68	1477.78	1483.65	987281
14/02/2018	1485	1487.23	1446.25	1455.9	1423766
15/02/2018	1465.98	1471.5	1452.55	1462.93	1232618
16/02/2018	1461.5	1499.8	1461.5	1466.53	1257878
19/02/2018	1472.5	1476.65	1447.6	1461.8	784112
20/02/2018	1464	1492.53	1463.95	1472.38	944534
21/02/2018	1487	1531.3	1480.03	1521.15	1544614
22/02/2018	1526	1539.5	1511.25	1525.1	1731505
23/02/2018	1525	1544.5	1496.05	1537.9	1681250
26/02/2018	1537.5	1544.98	1510.6	1515.85	681941
27/02/2018	1520.5	1539.28	1516	1521.18	858900
28/02/2018	1517.5	1531.98	1510.73	1517.53	1353432
01/03/2018	1524.5	1530.6	1510	1518.85	859062
05/03/2018	1524.5	1556.83	1516.48	1552.93	1429084
06/03/2018	1561	1563.5	1515.08	1521.4	953382
07/03/2018	1535	1544.5	1509.25	1513.73	958886
08/03/2018	1527.45	1527.45	1493.75	1501.98	975913
09/03/2018	1502.5	1531.6	1488.6	1517.05	936218
12/03/2018	1521.5	1541.95	1517.75	1526.08	1045670
13/03/2018	1462.45	1469.85	1436	1443.4	44033577
14/03/2018	1446.48	1461.53	1437.53	1443.45	1834334
15/03/2018	1447.5	1451.28	1427.8	1434.85	1174453
16/03/2018	1434.4	1436	1402.5	1412.85	3598741
19/03/2018	1414.5	1424	1410	1415.5	1744970
20/03/2018	1410	1436.6	1409.5	1432.43	2012492
21/03/2018	1436.25	1442.15	1425	1428.38	1953839
22/03/2018	1429.98	1437.98	1411.28	1415.68	1163047
23/03/2018	1401	1417.05	1399.03	1409.08	1827061
26/03/2018	1409.5	1413.7	1390.78	1408.5	1482105
27/03/2018	1412.5	1431.5	1411.53	1423.85	1247287
28/03/2018	1417.95	1437.5	1412.5	1424.58	3432827
02/04/2018	1420	1457	1420	1454.83	831494
03/04/2018	1446.05	1464.95	1446.05	1455.63	968645
04/04/2018	1464.73	1467	1446	1455.45	1420910
05/04/2018	1463.28	1481.88	1460.18	1478.98	904712
06/04/2018	1477	1480	1463.28	1475.15	564509
09/04/2018	1469.85	1481.75	1457.5	1461.95	617933
10/04/2018	1462.85	1478.63	1462.85	1468.8	592266
11/04/2018	1475.3	1512.5	1472.8	1507.08	1562208
12/04/2018	1505	1575	1503.98	1569.63	3057180
13/04/2018	1575	1620.4	1566.05	1576.65	4089559
16/04/2018	1558	1599.98	1555.38	1593.83	3135137
17/04/2018	1593.83	1597.48	1573.6	1583.3	1650862
18/04/2018	1583	1596.73	1572.93	1579.55	1216533
19/04/2018	1589.95	1608.6	1582.88	1595.58	2410476
20/04/2018	1625	1711.18	1620	1701.23	9232831
23/04/2018	1712	1778.95	1694.78	1704.33	7592955
24/04/2018	1705	1721.58	1671.25	1692.83	4157168
25/04/2018	1692.5	1741.5	1682.53	1735.13	4098287
26/04/2018	1733.5	1780	1733.5	1769.63	6067517
27/04/2018	1762.5	1772	1710	1725.98	2250665
30/04/2018	1725.98	1774.5	1718.8	1766.05	1729279
02/05/2018	1765.25	1766.1	1735.65	1749.88	1579023
03/05/2018	1754.9	1763	1735.2	1740.93	1880775
04/05/2018	1746	1748.5	1735	1740.38	1173622
07/05/2018	1745	1745	1705.45	1710.48	1742213
08/05/2018	1717.35	1743.25	1698.35	1720.6	1496410
09/05/2018	1720.1	1747.38	1720.1	1744.65	1307525
10/05/2018	1751.48	1755.58	1720.1	1725.63	1929339
11/05/2018	1727.1	1742.5	1721.25	1728.48	1313938
14/05/2018	1728.5	1735.5	1705.4	1716.78	1216947
15/05/2018	1725	1747.9	1716.85	1741.2	976445
16/05/2018	1739.98	1754.5	1737.63	1746.95	824225
17/05/2018	1756.48	1766.58	1738	1745.9	1484024
18/05/2018	1740.4	1758.85	1729	1751.03	937498
21/05/2018	1764.35	1796	1759.03	1778.38	1723089
22/05/2018	1779	1787.48	1746.85	1754.45	928708
23/05/2018	1762.5	1772.5	1740.5	1747.55	753649
24/05/2018	1755	1807.5	1751.18	1801.85	1481158
25/05/2018	1812.5	1837.4	1786.28	1792.9	1884886
28/05/2018	1808.25	1808.25	1743	1751.03	1858399
29/05/2018	1764.95	1772	1744	1761.75	1762656
30/05/2018	1754.53	1766.5	1741.25	1757.05	1889553
31/05/2018	1734	1759.05	1726.1	1741.05	5049371
01/06/2018	1754	1758	1716	1732	1603856
04/06/2018	1745	1749	1712.6	1744.25	1681483
05/06/2018	1744	1751.9	1711.15	1721.6	2449568
06/06/2018	1723	1734.9	1715.2	1725.75	2236512
07/06/2018	1725	1749	1723.8	1735.55	2414762
08/06/2018	1735	1757.3	1735	1747.1	2582138
11/06/2018	1747.1	1763	1743	1749.7	2179378
12/06/2018	1757	1785	1753	1781	4608875
13/06/2018	1816	1831.65	1798	1824.1	5370983
14/06/2018	1830	1832.3	1784	1787.55	3819998
15/06/2018	1800	1847.1	1788.6	1840.05	9183574
18/06/2018	1867.95	1867.95	1822.15	1829	4674987
19/06/2018	1822.15	1839	1821	1824.5	3245034
20/06/2018	1832	1836.3	1818.6	1822.45	3107695
21/06/2018	1832	1832	1817.6	1819.35	2910659
22/06/2018	1827	1827	1799.55	1809.8	2949458
25/06/2018	1811.9	1822.35	1806	1819.25	2083217
26/06/2018	1823	1861	1821	1852	4679712
27/06/2018	1860	1885.15	1851.25	1858	4081208
28/06/2018	1865	1871	1826.3	1842.7	4888125
29/06/2018	1844.9	1867.4	1842.3	1847.75	3506276
02/07/2018	1852	1857.8	1841.1	1851.35	2650290
03/07/2018	1859.95	1879.9	1857.05	1874.05	3242233
04/07/2018	1879.9	1879.9	1857.15	1866.15	2700614
05/07/2018	1873	1887.5	1862.1	1880.3	2472571
06/07/2018	1882.85	1921	1881.65	1912.95	3713781
09/07/2018	1924	1924.4	1876.5	1883	6151747
10/07/2018	1898	1898.9	1870.75	1875.1	5303302
11/07/2018	1900	1998	1894.15	1979.9	22903802
12/07/2018	1984	1990.9	1960.5	1971.35	6921701
13/07/2018	1975	1997.9	1974	1981.1	4148185
16/07/2018	1990	1996	1977.45	1989.2	2582159
17/07/2018	1989	2009	1981	2002.15	3315492
18/07/2018	2005	2011.7	1993.05	2000.25	2013869
19/07/2018	2002.1	2010.45	1970	1981.4	1746318
20/07/2018	1984.9	2000	1984	1996.6	1934995
23/07/2018	2001	2009.95	1986	2005.65	2086201
24/07/2018	2015	2015	1984.15	1999	2038423
25/07/2018	2001.9	2002	1968.4	1981.5	1535492
26/07/2018	1974.95	1985	1955.1	1964.7	3503036
27/07/2018	1960.85	1964.65	1940.3	1943.75	2033977
30/07/2018	1943	1954.7	1931.55	1944.6	1579251
31/07/2018	1942	1947	1928	1940.2	2204803
01/08/2018	1949.95	1981.55	1949.8	1976.5	2425180
02/08/2018	1980	1985	1945	1948.4	1509287
03/08/2018	1956.5	1982.05	1956.5	1979.45	1505131
06/08/2018	1997	1998.95	1972.25	1975.55	1532249
07/08/2018	1978.2	1979.15	1960.5	1967.35	1353560
08/08/2018	1972	1978.3	1962	1974	1315062
09/08/2018	1980	1980.8	1966	1974.35	2060297
10/08/2018	1980.95	1996.5	1972.05	1993.1	2784105
13/08/2018	1997.8	2004.25	1990	2000.15	3559575
14/08/2018	1992	2024.6	1982.4	2003.55	3311765
16/08/2018	2000.3	2020.05	1995	2008.5	2152065
17/08/2018	2013.85	2021.9	2004	2012.75	1213731
20/08/2018	2024	2024	2003.7	2009.95	1587032
21/08/2018	2010.15	2024	2004	2017.65	1376866
23/08/2018	2022.8	2038	2020.3	2035.1	3046791
24/08/2018	2035.1	2046	2031	2043	1570533
27/08/2018	2043	2059	2035	2050.9	1532702
28/08/2018	2055	2072	2052	2069.2	1987983
29/08/2018	2072.5	2076.6	2045.6	2072	1525867
30/08/2018	2068	2085	2065.5	2082.4	2408020
31/08/2018	2082.3	2092	2074	2078.4	2504554
03/09/2018	2084.8	2090	2048.4	2052.9	1439711
04/09/2018	2059.8	2104.75	2056.95	2098.9	4420803
05/09/2018	2100	2107.25	2075.05	2079.25	1681106
06/09/2018	2075	2081.5	2060.3	2075.3	2238097
07/09/2018	2079.3	2084	2065.4	2079.85	1312182
10/09/2018	2084.4	2093.4	2074.25	2080.75	1530539
11/09/2018	2089	2089	2042.2	2046.25	3679745
12/09/2018	2052.35	2068.9	2040	2043.95	2307661
14/09/2018	2044	2071.55	2018.15	2065.4	3642038
17/09/2018	2070	2077.8	2054.55	2074.15	1033857
18/09/2018	2073	2078.8	2057.6	2070.75	1456507
19/09/2018	2071.9	2089	2066.85	2077.9	1301268
21/09/2018	2077	2121	2050.15	2103.15	4508530
24/09/2018	2115	2210.5	2098.15	2198.45	3032226
25/09/2018	2204.9	2211.9	2153.8	2183.2	2868778
26/09/2018	2187	2199	2135.1	2142.15	1970951
27/09/2018	2141.9	2209.7	2135.8	2188.85	3311802
28/09/2018	2178	2190	2158.85	2183.7	2904371
01/10/2018	2190.9	2275.95	2190.35	2255.55	3772208
03/10/2018	2250.3	2255	2155.6	2162.85	3902322
04/10/2018	2156.6	2156.65	2056.35	2064.8	4762419
05/10/2018	2050	2120	2020.9	2102.65	3417624
08/10/2018	2102.65	2122.2	2048.15	2077.55	2010154
09/10/2018	2080.35	2107.65	2053.2	2091.8	1867130
10/10/2018	2100	2105.95	2029	2043.6	2749573
11/10/2018	1985	2013	1941	1979.95	4700256
12/10/2018	1978	1978	1903	1918.3	9373289
15/10/2018	1940	1955.55	1920	1949.5	2638151
16/10/2018	1958	1971.9	1935	1962.3	2815425
17/10/2018	1970	1989	1920	1929.4	2779207
19/10/2018	1929	1929	1870.05	1913.2	3428776
22/10/2018	1914	1916	1886.95	1903	1778496
23/10/2018	1888	1898	1837	1843.65	2752811
24/10/2018	1852.05	1874	1811.1	1848.5	2735913
25/10/2018	1844	1876.9	1825.05	1853	2507233
26/10/2018	1853.9	1853.9	1791.1	1799.1	2285970
29/10/2018	1808.7	1877.95	1784.35	1871	2609483
30/10/2018	1867	1909.4	1845	1894.8	2404883
31/10/2018	1900	1943.9	1875.45	1938.15	2769190
01/11/2018	1943.65	1944.35	1901.3	1935.75	2769759
02/11/2018	1934.2	1954.6	1905	1913.45	1818635
05/11/2018	1910	1927.35	1884.75	1894	1713366
06/11/2018	1894	1937.5	1891	1932.7	1398710
09/11/2018	1961	1961.95	1905	1909.2	2570479
12/11/2018	1908.5	1946.1	1908.5	1914.85	2552008
13/11/2018	1915	1939	1903	1934.95	1418432
14/11/2018	1925	1929.9	1870	1880.65	2422318
15/11/2018	1864	1899	1857.6	1872.85	1829123
16/11/2018	1889	1899.8	1870.25	1886.6	1829729
19/11/2018	1899	1907.35	1864.3	1902.45	1740628
20/11/2018	1902	1902	1874.2	1878.25	1190182
21/11/2018	1871	1871.05	1798.55	1812	3840461
22/11/2018	1820	1847.6	1809.95	1812.55	3194219
26/11/2018	1819	1860	1784.5	1846.1	4333177
27/11/2018	1854	1897.9	1835.35	1890.25	3344839
28/11/2018	1889	1989	1882.5	1983.9	5313249
29/11/2018	1997	1997	1942.55	1960.55	4035441
30/11/2018	1966	1991	1959.85	1968.25	5268901
03/12/2018	1984	1990	1968.3	1982.4	1610576
04/12/2018	1983	2019.4	1971	2010.85	3270615
05/12/2018	2006	2018	1985	2006.75	2501539
06/12/2018	1998	2017	1979.6	1992.7	2321216
07/12/2018	1985.05	2003.9	1973	1995.2	1680420
10/12/2018	1975	2011	1960	1975.8	2010786
11/12/2018	1970	2010	1961	2000	2942014
12/12/2018	2001.1	2022	1984.95	2016.8	2219993
13/12/2018	2024	2029.7	1974.5	1982.6	3748429
14/12/2018	1983	1998.95	1975.25	1989.75	2473761
17/12/2018	1999	2004.9	1985	1994.3	1227921
18/12/2018	1991.9	2002	1976.4	1987.85	1768742
19/12/2018	1984.8	1984.8	1960.05	1968.45	2498833
20/12/2018	1953.8	1974.9	1946	1954.05	1940277
21/12/2018	1948	1950	1886.55	1895.8	3729956
24/12/2018	1905.8	1938.9	1905	1918.5	1864116
26/12/2018	1921.8	1921.8	1870.25	1889.2	2446614
27/12/2018	1909	1941.7	1872.1	1908.95	4968201
28/12/2018	1915	1920	1893	1896.05	2239130
31/12/2018	1908	1909	1886.15	1893.05	1879740
01/01/2019	1896	1910	1885	1902.8	1094883
02/01/2019	1905	1934.45	1900	1923.3	2100463
03/01/2019	1919	1944.95	1893.1	1899.95	2611668
04/01/2019	1900	1901.2	1841	1876.85	4280862
07/01/2019	1891.8	1908.8	1881	1897.9	1856423
08/01/2019	1905.4	1906.4	1883.3	1893.55	1691756
09/01/2019	1907.4	1919	1866.7	1886.95	2414376
10/01/2019	1890	1905	1872.1	1888.55	3053461
11/01/2019	1870	1875	1835	1842.55	9209862
14/01/2019	1850	1851	1810	1813.25	3615370
15/01/2019	1810	1869.35	1808	1867.8	7711653
16/01/2019	1870	1875	1847	1870.15	2359280
17/01/2019	1878	1898	1871.3	1894.3	2625816
18/01/2019	1881	1904.2	1876	1900.65	1683728
21/01/2019	1902	1932	1895.45	1908.7	2409803
22/01/2019	1907.1	1918.25	1890	1901.9	2457093
23/01/2019	1901	1906.1	1870	1875.6	2578169
24/01/2019	1884.8	1905.25	1875	1901.55	1962927
25/01/2019	1902	1935	1901	1920.8	2327080
28/01/2019	1933	1962	1925.5	1955	2769033
29/01/2019	1962	1989.05	1936.65	1982.75	2557626
30/01/2019	1979.6	1989.5	1954.65	1981.4	2429575
31/01/2019	1987	2019.75	1985	2014.1	4094319
01/02/2019	2009.5	2034.75	1998.1	2029.95	3064163
04/02/2019	2029.95	2055.45	2023	2050.25	1590764
05/02/2019	2050	2055	2028	2044.55	1111404
06/02/2019	2049.9	2086.85	2041.05	2074.8	1789812
07/02/2019	2074.75	2097.95	2067	2082.9	1339945
08/02/2019	2075	2089.5	2051	2061.4	1684474
11/02/2019	2060	2096	2048.9	2065.9	1778730
12/02/2019	2070	2070	2018	2051.6	2422903
13/02/2019	2062	2083	2050.5	2065.4	2808581
14/02/2019	2060.05	2075	2033.05	2044.6	1724085
15/02/2019	2049	2052	2010.95	2029.7	1930065
19/02/2019	1970	1971	1892	1904.8	4408554
20/02/2019	1915	1933.8	1881.3	1914.75	4645778
21/02/2019	1914.75	1940	1897.05	1914.2	4683919
22/02/2019	1917.2	1930	1905.1	1925.65	2271955
25/02/2019	1932.5	1990	1930.5	1985.15	2934880
26/02/2019	1984	2045.15	1972.25	2038.7	6453309
27/02/2019	2040	2074.95	2022	2058.1	4732082
28/02/2019	2060	2071.35	1977.6	1983.45	8454295
01/03/2019	1995.05	2005	1980.35	1995.4	4148548
05/03/2019	2005	2007	1976.6	1988.1	2449622
06/03/2019	1989.3	2015	1985.05	1999.6	2635047
07/03/2019	2005	2024.05	2000.2	2013.3	2539884
08/03/2019	2025	2033	2010.05	2022.7	2031071
11/03/2019	2028.9	2033	2003.65	2014.8	3111689
12/03/2019	2014.05	2024.8	2003	2012.45	2658550
13/03/2019	2013	2015.9	1978.6	2000.5	1833163
14/03/2019	2004.95	2007.8	1981	1987.4	1905495
15/03/2019	1998.9	2068.95	1991	2039.95	5184318
18/03/2019	2043	2064.6	2011	2022.8	2349915
19/03/2019	2030	2030	1995.1	2022.8	2373993
20/03/2019	2028	2044.8	2000	2015.05	3091165
22/03/2019	2015	2016	1983.3	2005.65	3148149
25/03/2019	2007.8	2007.8	1977.2	1984.25	2429205
26/03/2019	1984	1994.95	1958.05	1982.65	2316539
27/03/2019	1994	1998	1961	1967.9	2266166
28/03/2019	1980	2014.6	1972.8	2000.3	4054489
29/03/2019	2019	2024.9	1983.55	2001.65	2948955
01/04/2019	2010	2039.95	2008.25	2031.65	2095740
02/04/2019	2037.1	2086	2037	2079.3	3719663
03/04/2019	2085	2089.6	2058.1	2079.3	2939886
04/04/2019	2078.15	2079.7	2007.4	2014.5	4397518
05/04/2019	2028.65	2054.4	2018.8	2048.3	3152103
08/04/2019	2059	2075	2032.7	2070.75	2194294
09/04/2019	2070	2098	2057.65	2091.5	2690970
10/04/2019	2083	2085.5	2036	2040.25	3313062
11/04/2019	2045	2055	2013.65	2019.5	3422442
12/04/2019	2038	2039	2007	2014.5	3198471
15/04/2019	2070	2119.8	2041	2113.3	9189201
16/04/2019	2120	2155.95	2115.55	2131.8	5771952
18/04/2019	2149.9	2155	2114.2	2150.05	3413728
22/04/2019	2148	2176	2145.6	2161.45	2007135
23/04/2019	2163	2165.5	2134.05	2155.05	2163524
24/04/2019	2158	2195	2156.1	2183.45	3003071
25/04/2019	2175	2205	2168.05	2195	4211526
26/04/2019	2203	2243.95	2193.15	2238.55	2716958
30/04/2019	2238.55	2266.95	2230.1	2260.35	3488395
02/05/2019	2255	2259.4	2211.1	2215.4	2457699
03/05/2019	2185	2186.05	2125	2132	3780886
06/05/2019	2110	2165	2108.5	2157.85	2891422
07/05/2019	2160.05	2184.35	2138.8	2151.95	2201698
08/05/2019	2151	2168	2130.4	2152.85	1824895
09/05/2019	2145	2184.1	2136.1	2172.55	2264162
10/05/2019	2175	2192	2125.85	2135.8	2039633
13/05/2019	2133	2167	2121.65	2128.75	1701744
14/05/2019	2135	2159.8	2072.35	2092.35	2456110
15/05/2019	2097	2124	2084.5	2095.4	2346876
16/05/2019	2096	2124	2077.05	2108.75	1946529
17/05/2019	2112.6	2135	2090	2095.45	1947908
20/05/2019	2125	2151.4	2050	2143.95	2625116
21/05/2019	2148.05	2148.7	2102.55	2109.75	1863157
22/05/2019	2110	2121.95	2075	2081.75	2595795
23/05/2019	2098	2115.35	2050	2054.05	2541294
24/05/2019	2070	2070	2032.25	2048	2274208
27/05/2019	2054.8	2068.95	2040.1	2055.15	2329820
28/05/2019	2060	2097.5	2045	2073.75	5872979
29/05/2019	2080	2123.7	2077.1	2107.55	3281320
30/05/2019	2123	2156.55	2114.4	2146.3	4971725
31/05/2019	2160	2204.95	2152.25	2196.55	4265370
03/06/2019	2201	2247.65	2185.65	2242.3	3682419
04/06/2019	2224	2224	2175	2183.1	2408658
06/06/2019	2199	2199	2152	2166.1	3735467
07/06/2019	2174	2189.8	2142.1	2181.75	2659446
10/06/2019	2196.7	2235.85	2185.5	2231.5	2080593
11/06/2019	2237	2263.95	2231	2252.8	3048937
12/06/2019	2245	2266.9	2219	2260.9	2404448
13/06/2019	2264	2285	2243.05	2254.1	3320916
14/06/2019	2257.25	2263.1	2234	2254.5	2131408
17/06/2019	2256	2262	2241.45	2249.2	1489497
18/06/2019	2244	2260	2231.2	2250.85	1877447
19/06/2019	2255	2276	2243.15	2259.9	1652817
20/06/2019	2230	2284	2212	2277.95	2199377
21/06/2019	2285	2292.5	2242	2249.85	3871804
24/06/2019	2254.15	2280	2250.8	2275.5	1382424
25/06/2019	2270	2274.45	2250.5	2267.8	1386077
26/06/2019	2265	2266.8	2250	2254.2	1762224
27/06/2019	2255	2264	2241.3	2252.55	2813464
28/06/2019	2260	2261.95	2222.5	2227.2	2372928
01/07/2019	2235	2255	2206.6	2239.55	2769940
02/07/2019	2244.9	2257	2216.45	2252.1	1771746
03/07/2019	2252.2	2258.8	2232	2237.65	1656881
04/07/2019	2234	2252	2230.1	2242.65	984140
05/07/2019	2247	2250	2140	2163.1	4088470
08/07/2019	2149	2188.8	2132.1	2175.4	2788062
09/07/2019	2174	2174.4	2104.55	2133.35	3977224
10/07/2019	2080	2127.85	2071.3	2108.2	6343581
11/07/2019	2128	2129	2086.05	2102.55	2400346
12/07/2019	2102.1	2119.75	2093.1	2107.6	1560725
15/07/2019	2125	2153.6	2098	2145.7	2900415
16/07/2019	2126	2132.5	2100	2106	2735399
17/07/2019	2108	2125	2092.1	2117.25	1802969
18/07/2019	2116.2	2116.2	2060	2065.95	3072096
19/07/2019	2077	2097	2062.5	2076.95	1953177
22/07/2019	2077	2117.45	2068.8	2109.9	1920167
23/07/2019	2127.9	2130	2102.4	2112.45	3538588
24/07/2019	2110	2120.8	2076.5	2096.8	2413196
25/07/2019	2108.9	2135	2092.55	2127.9	2544464
26/07/2019	2129.8	2129.8	2095	2109.05	1720592
29/07/2019	2110.8	2142	2103.3	2130	1647090
30/07/2019	2130	2185	2120.45	2179.15	2851672
31/07/2019	2171.75	2211.7	2147.15	2205.7	3000677
01/08/2019	2200	2217.5	2166.25	2180.05	2375236
02/08/2019	2173	2210	2165.5	2205.3	2500816
05/08/2019	2199.9	2252.25	2195.6	2248.6	3039682
06/08/2019	2232.8	2251.95	2211.45	2214.9	2885467
07/08/2019	2230	2238.5	2207.25	2213.45	2165362
08/08/2019	2228.9	2281	2218.9	2258.1	2073298
09/08/2019	2260	2267.9	2241.35	2246.25	1744550
13/08/2019	2245	2246.25	2194.3	2199.45	1647281
14/08/2019	2181.1	2217.85	2167.4	2204.4	1945002
16/08/2019	2241.4	2241.4	2143.25	2165.1	3755507
19/08/2019	2180	2186	2157.7	2163	974884
20/08/2019	2172	2205	2166.5	2186.75	1843611
21/08/2019	2184.95	2202	2182.25	2186.2	1214408
22/08/2019	2187	2235.65	2170	2216	2131601
23/08/2019	2214.95	2259.9	2213.9	2247.7	2826425
26/08/2019	2247	2282	2225	2276.3	2345475
27/08/2019	2270	2274.85	2229	2236.5	3432106
28/08/2019	2240	2252.15	2216	2239.25	1294621
29/08/2019	2222.2	2248.2	2222.2	2233.45	1670652
30/08/2019	2241	2266	2218	2259.6	2583625
03/09/2019	2270	2296.2	2236.95	2251.6	2545060
04/09/2019	2265	2270	2233	2245.4	2228092
05/09/2019	2242.2	2253.65	2207.3	2215.3	2055943
06/09/2019	2216	2233.5	2192.6	2197.5	1890550
09/09/2019	2200	2202.85	2179.8	2182.85	1703945
11/09/2019	2186	2195	2146.55	2154	2627440
12/09/2019	2155	2165	2120.35	2133.6	2118859
13/09/2019	2135	2157.95	2115.55	2141.95	2291174
16/09/2019	2159.95	2173.4	2126.4	2150	2597948
17/09/2019	2154.95	2156.55	2105.6	2122.65	2796530
18/09/2019	2126.4	2142.95	2113.15	2138.55	1454663
19/09/2019	2135	2135.8	2091	2101.95	1652691
20/09/2019	2104.9	2129.4	2057	2065.45	6941979
23/09/2019	2099	2099	1975	2015.8	6323401
24/09/2019	2015	2061	2013	2044.7	4620978
25/09/2019	2065	2092	2060.05	2088.45	4002232
26/09/2019	2097.9	2107	2063	2087.6	4234281
27/09/2019	2085	2085.2	2051.4	2056.15	2046795
30/09/2019	2061.85	2104	2060	2099.3	2620039
01/10/2019	2095.95	2095.95	2039.7	2059.95	3342877
03/10/2019	2070	2081.15	2046.15	2060.25	2317618
04/10/2019	2060.6	2087.95	2054.95	2079.35	2163251
07/10/2019	2080	2094.5	2041	2047.7	2177916
09/10/2019	2060	2060	2015.5	2020.1	2066920
10/10/2019	2028	2039.05	1997.1	2004.45	2881452
11/10/2019	1931	1995	1925	1986.85	12593069
14/10/2019	1995	2032.75	1968	2021	3510704
15/10/2019	2032	2047	2022.7	2037.3	2261310
16/10/2019	2038	2056	2016	2046.4	3034082
17/10/2019	2014	2038	1999.3	2030.95	3818774
18/10/2019	2037.5	2063.9	2025	2057.35	3087901
22/10/2019	2080	2111.5	2040.05	2051.4	5552505
23/10/2019	2060	2083.85	2052.5	2070.1	2348134
24/10/2019	2084	2099	2061.3	2082	2798671
25/10/2019	2094	2130	2075.05	2124.95	3954245
27/10/2019	2129	2129	2108.8	2117.65	224405
29/10/2019	2121.5	2201.7	2121.5	2194.85	5064173
30/10/2019	2225	2260	2176.85	2252.8	5195136
31/10/2019	2250	2284.95	2237	2269.65	4879261
01/11/2019	2264	2275	2195	2200.9	4172620
04/11/2019	2207	2229.2	2180.9	2193.95	2646411
05/11/2019	2197	2211	2169	2201.85	2693475
06/11/2019	2200	2210.8	2179	2188.5	2540719
07/11/2019	2204.5	2204.5	2175.2	2185.35	1915598
08/11/2019	2189.6	2189.6	2124	2129.95	2788759
11/11/2019	2135	2139	2091	2100.95	2983768
13/11/2019	2118	2183.8	2118	2178.6	3823365
14/11/2019	2187.5	2200	2146.7	2196.8	2995915
15/11/2019	2196	2211.5	2168.75	2174.45	2724180
18/11/2019	2178.4	2187.75	2148.75	2152.6	1611089
19/11/2019	2153	2154.65	2105	2108.8	2975313
20/11/2019	2121.95	2135	2094.5	2108.55	2894129
21/11/2019	2112	2126.6	2107.4	2118.1	2052574
22/11/2019	2097	2107	2060.5	2071.7	3742049
25/11/2019	2074.55	2084.95	2052.2	2081.5	2737010
26/11/2019	2089.85	2097.9	2035.05	2046.65	6561580
27/11/2019	2052	2071.7	2046.55	2054.3	2907521
28/11/2019	2067.05	2094.4	2060	2077.35	2924429
29/11/2019	2085	2085	2045.8	2053.25	2064271
03/12/2019	2027.7	2062	2010	2051	4664774
04/12/2019	2053	2082	2045.5	2078.5	3334301
05/12/2019	2083	2126.8	2068.35	2121.3	3902721
06/12/2019	2124	2128	2101	2123.6	1829461
09/12/2019	2127.95	2127.95	2053.5	2060.45	2244747
10/12/2019	2060	2060.85	2003.25	2012.85	4520045
11/12/2019	2025.4	2048	2006.75	2041.9	4943024
12/12/2019	2051.1	2083.65	1984	2020.9	7137306
13/12/2019	2023	2077.4	2007	2071.25	5711133
16/12/2019	2096	2136	2080.3	2126.75	5574177
17/12/2019	2126.5	2169	2119	2164.95	6059673
18/12/2019	2174	2203.45	2153	2167.75	8251081
19/12/2019	2179.8	2236.5	2167.55	2229.05	6251505
20/12/2019	2220	2246.7	2208.25	2222.9	5548338
23/12/2019	2210	2241.95	2210	2231.7	2247329
24/12/2019	2239	2243.55	2211.15	2215.6	1805896
26/12/2019	2216.4	2229	2195.2	2201.95	1880367
27/12/2019	2208	2226.4	2176	2198.5	2720261
30/12/2019	2207	2225	2177.1	2183.2	2288830
31/12/2019	2189	2197	2157.45	2161.7	1909289
01/01/2020	2168	2183.9	2154	2167.6	1354908
02/01/2020	2179.95	2179.95	2149.2	2157.65	2380752
03/01/2020	2164	2223	2164	2200.65	4655761
06/01/2020	2205	2225.95	2187.9	2200.45	3023209
07/01/2020	2200.5	2214.65	2183.8	2205.85	2429317
08/01/2020	2205	2260	2202.05	2255.25	5197454
09/01/2020	2248.75	2251.95	2210	2214.35	3734173
10/01/2020	2228	2234	2208	2213.55	1915807
13/01/2020	2217.85	2218.95	2184.7	2190.35	2843893
14/01/2020	2195	2229.8	2195	2206.9	2948452
15/01/2020	2213	2231	2194.2	2226.9	2620681
16/01/2020	2226.95	2249	2215	2238.8	3117214
17/01/2020	2240.75	2253.55	2213	2219.1	3281059
20/01/2020	2194.9	2242.2	2156.2	2170.35	5817599
21/01/2020	2169.95	2186.55	2158.05	2171.05	1902980
22/01/2020	2181	2210	2173.7	2206.9	1773686
23/01/2020	2209.8	2217.75	2183.7	2190.95	2069866
24/01/2020	2190.95	2190.95	2170	2183.4	1319430
27/01/2020	2189.7	2193.45	2165	2169.25	1549101
28/01/2020	2174	2187.8	2152	2183.75	1743024
29/01/2020	2185	2186.95	2150	2154.6	2306761
30/01/2020	2160	2165	2125	2137.85	2098567
31/01/2020	2139.4	2144.35	2071.6	2079.05	3287223
01/02/2020	2079.5	2179	2063.6	2175	3127520
03/02/2020	2152	2194.7	2093.2	2102.5	4728073
04/02/2020	2129	2136.7	2086.6	2107.75	3509339
05/02/2020	2115	2156.7	2104.3	2146.55	2439322
06/02/2020	2145	2174.2	2115.5	2128.35	2640065
07/02/2020	2139	2151	2119	2136.55	2083442
10/02/2020	2140.9	2167	2119	2161.95	2383032
11/02/2020	2163	2174.8	2147.6	2153.4	1335820
12/02/2020	2151.1	2185	2150	2170.75	1620407
13/02/2020	2172.95	2197	2171	2191.95	1645948
14/02/2020	2188	2212	2171	2184.2	1500115
17/02/2020	2196.95	2217	2190.2	2203.25	1774724
18/02/2020	2199.95	2221	2186.05	2215.75	2486223
19/02/2020	2215.75	2230	2190.5	2196.35	1760463
20/02/2020	2204.5	2214.4	2151.25	2156.8	2317278
24/02/2020	2156	2178.95	2106.7	2115.35	3092877
25/02/2020	2115.5	2176.65	2111	2156.15	2674567
26/02/2020	2154	2163.9	2112.95	2123.6	2686842
27/02/2020	2119.95	2119.95	2086.2	2105.5	2349001
28/02/2020	2068	2069.5	1990	2000.15	4298076
02/03/2020	2035	2053.95	1985.7	2001.3	2667076
03/03/2020	2020	2060	2012	2036.2	2757585
04/03/2020	2056	2094.45	2025	2083.2	3237002
05/03/2020	2085.7	2147.75	2084.05	2125.05	3937056
06/03/2020	2098	2123.65	2071.6	2116.45	2595027
09/03/2020	2075	2079.9	1935	1972.35	4940982
11/03/2020	1933	1987.3	1920	1953.7	6796752
12/03/2020	1904	1908.4	1758.35	1769.85	8728972
13/03/2020	1687.9	1820	1506.05	1806.3	8029725
16/03/2020	1755	1842.25	1675.85	1696.4	7844420
17/03/2020	1730	1731	1623.15	1658	5713269
18/03/2020	1676.8	1713.55	1627.75	1654.4	7259111
19/03/2020	1559.7	1685.45	1546.75	1636.35	5135162
20/03/2020	1630	1869	1627	1797.45	8547645
23/03/2020	1620	1750	1617.75	1669.7	7003558
24/03/2020	1653.05	1770	1632.85	1703.15	6354209
25/03/2020	1700	1810	1680	1750.3	2765527
26/03/2020	1831.6	1832.05	1722.55	1790.95	4556071
27/03/2020	1820	1850	1750.4	1824.5	4331310
30/03/2020	1766	1905	1763.55	1778.5	8513608
31/03/2020	1837.4	1855	1780	1826.1	3927593
01/04/2020	1825.9	1834.75	1702	1708.75	4941898
03/04/2020	1740	1740	1650	1654.2	5735529
07/04/2020	1710	1785.85	1705	1775.2	5427965
08/04/2020	1760	1806	1701	1705.45	6285616
09/04/2020	1750.45	1778.8	1731.2	1766.15	5307649
13/04/2020	1761	1787	1746	1759.25	2990478
15/04/2020	1785	1812	1727.8	1735.15	4761401
16/04/2020	1709.95	1764.9	1675.05	1716.05	6245583
17/04/2020	1800	1851.95	1753	1806.2	9895825
20/04/2020	1830	1830	1802.5	1818.65	3244293
21/04/2020	1765	1794.6	1727.7	1737.65	5122606
22/04/2020	1737.65	1790	1719.15	1769.5	3829839
23/04/2020	1780	1900	1760.85	1878.25	5934424
24/04/2020	1840.7	1851.95	1807.8	1818.55	2987150
27/04/2020	1832.3	1875	1825	1836.6	3374747
28/04/2020	1865	1868	1832.6	1859.05	2678512
29/04/2020	1874	1912.55	1850.05	1905.65	4241579
30/04/2020	1980	2032	1942.2	2014.45	5915950
04/05/2020	1966	1966	1913.65	1930.45	3729409
05/05/2020	1955.1	1977	1927	1932.75	2905541
06/05/2020	1939.8	1953.7	1893.6	1903.6	3517432
07/05/2020	1910	1934.45	1883.35	1891.65	3166784
08/05/2020	1939.1	1939.5	1886.25	1893.4	2686536
11/05/2020	1909	1951.4	1909	1935.3	2449846
12/05/2020	1933.4	1956.5	1910.25	1949.5	3256630
13/05/2020	1994	1994	1925.65	1949.65	2656665
14/05/2020	1910	1923.1	1891.1	1902.35	2263204
15/05/2020	1916	1917.4	1865.2	1892.9	3173682
18/05/2020	1907	1952.95	1872.1	1945.6	3727896
19/05/2020	1903	1966.45	1903	1948.65	3198699
20/05/2020	1950	1962.9	1931.7	1953.6	2778505
21/05/2020	1946	1998	1941.15	1991.2	3400925
22/05/2020	1977.1	2032	1961.25	2020.35	3663422
26/05/2020	2015	2024	1925	1943	4575512
27/05/2020	1959	2010	1941.25	2005.3	3482185
28/05/2020	1988.5	2014	1971.3	2004.3	3475788
29/05/2020	1982	2002.65	1962.4	1972.35	7237765
01/06/2020	1990	2060	1981.1	2045.25	3747850
02/06/2020	2060.2	2081	2040.05	2047.15	2443886
03/06/2020	2051.85	2063.75	2020	2046.15	3699799
04/06/2020	2046.75	2100	2046.75	2091.55	4048593
05/06/2020	2091.6	2098	2040.3	2048.25	3573299
08/06/2020	2078.25	2095	2062.1	2071.75	2957841
09/06/2020	2063.1	2095.5	2060.25	2072.05	2910152
10/06/2020	2077.05	2132	2073.5	2108.75	5168494
11/06/2020	2100	2105	2061.8	2067.65	2269569
12/06/2020	2011.2	2049.2	2011	2039.5	2842757
15/06/2020	2039.1	2059	2000.95	2029.9	2399028
16/06/2020	2065	2073.95	2031	2045.8	2146528
17/06/2020	2046	2058.85	2026.55	2047.8	2703546
18/06/2020	2045	2059.2	2025.2	2038.1	1944471
19/06/2020	2042	2090	2032	2044.6	5681784
22/06/2020	2050	2052.25	2019.15	2027.95	3196138
23/06/2020	2027	2044	2010	2035.3	4206122
24/06/2020	2034	2064.25	2031.6	2042.2	2560951
25/06/2020	2035	2060	2009.25	2016.1	3044089
26/06/2020	2025	2132	2019.95	2118.85	6300912
29/06/2020	2108	2127.6	2091.3	2101.65	3076344
30/06/2020	2100	2111.9	2075.05	2082.15	3071877
01/07/2020	2079.7	2113.95	2079.5	2092.05	2503466
02/07/2020	2102	2165	2098	2157.15	3758709
03/07/2020	2163.65	2205	2160.25	2199.65	4185215
06/07/2020	2205	2269.9	2205	2263.2	5190366
07/07/2020	2275	2302.7	2232.15	2269.9	5630081
08/07/2020	2270	2274.4	2207.6	2218.9	2793674
09/07/2020	2229	2244.5	2191.05	2204.35	3443998
10/07/2020	2205.25	2249.85	2176	2222.35	9610327
13/07/2020	2220	2244.95	2210	2220	2963525
14/07/2020	2210	2239	2165	2171.95	2976749
15/07/2020	2185	2260	2181.1	2233.9	5569322
16/07/2020	2244	2333	2220.1	2234.75	8582120
17/07/2020	2237	2243.9	2190.05	2200.75	4509143
20/07/2020	2201	2226.9	2190.8	2207.9	2952719
21/07/2020	2230	2238.65	2201.15	2225.05	2665386
22/07/2020	2231	2231	2184.2	2190.95	2861698
23/07/2020	2190.95	2190.95	2163	2171.2	2265791
24/07/2020	2154.5	2163	2125.1	2157.4	3665123
27/07/2020	2165	2215	2163.5	2206.8	4248837
28/07/2020	2215	2320	2215	2309.75	8092458
29/07/2020	2292	2342	2246.05	2276.05	6090440
30/07/2020	2285.9	2358	2272.25	2279.5	7098913
31/07/2020	2303.15	2334.8	2257.45	2281.4	4723290
03/08/2020	2290.45	2303.85	2230.7	2254.15	4012445
04/08/2020	2259.95	2269.65	2225.05	2249.7	2927953
05/08/2020	2260	2300	2253	2259.5	3800641
06/08/2020	2275	2319.5	2265.35	2308.1	4748348
07/08/2020	2308	2328	2287	2295.35	3165495
10/08/2020	2318	2325	2276.05	2282.8	2929385
11/08/2020	2283	2312	2275.6	2279.9	2774509
12/08/2020	2288.35	2296.4	2246.55	2257.35	3415766
13/08/2020	2273	2300	2250.5	2254.45	2695682
14/08/2020	2277	2281.3	2233.1	2242.15	2270405
17/08/2020	2263	2270	2238.25	2253.4	2625670
18/08/2020	2262.8	2289	2248.3	2269.75	3493411
19/08/2020	2276.35	2284.6	2252.5	2256.6	2843007
20/08/2020	2257	2276.55	2240.05	2252.85	2895265
21/08/2020	2260	2271	2241.05	2248.6	1975304
24/08/2020	2250.6	2259.95	2230	2248.1	2167987
25/08/2020	2245	2250	2233.55	2242.65	1663454
26/08/2020	2242	2259.9	2216.45	2253.5	2618159
27/08/2020	2266	2287.35	2241.75	2248.4	3579397
28/08/2020	2268.4	2279.95	2235.1	2238.55	2941156
31/08/2020	2240	2276.2	2228	2257.25	6018160
01/09/2020	2269	2278	2241.3	2246.35	3610908
02/09/2020	2247	2268.75	2241.65	2265.15	2084152
03/09/2020	2268	2324	2268	2299.5	4654146
04/09/2020	2275	2324.25	2262.95	2288.8	5232180
07/09/2020	2289	2343.5	2283.35	2327.05	4620416
08/09/2020	2335.95	2390.45	2327.05	2348.2	7454161
09/09/2020	2325	2359	2320	2327.65	3866542
10/09/2020	2335	2348.5	2324.3	2331.15	2308813
11/09/2020	2330.95	2383	2330.15	2374.1	4145429
14/09/2020	2384.1	2505.75	2381.85	2491.4	7512284
15/09/2020	2491.4	2538	2464.6	2491.4	7318773
16/09/2020	2488.95	2507.6	2477.3	2503	3074013
17/09/2020	2480	2495.75	2450.6	2460.95	4828231
18/09/2020	2485	2500.4	2436.4	2449.9	4183256
21/09/2020	2465	2504.9	2452.15	2465.3	4598809
22/09/2020	2485	2555	2458	2522.95	7499927
23/09/2020	2510	2519.85	2409	2467.45	7503152
24/09/2020	2450	2450	2302.6	2332.25	8425118
25/09/2020	2368	2440	2352.1	2422.3	8228297
28/09/2020	2440	2444	2366	2426.3	4347177
29/09/2020	2434.85	2511.05	2426.3	2488.4	6995815
30/09/2020	2489	2505	2460	2492.3	3917186
01/10/2020	2510	2540	2492.3	2523.45	2610338
05/10/2020	2620	2728.1	2603.05	2705.8	17412119
06/10/2020	2736	2736	2650.1	2714.3	9846376
07/10/2020	2742	2770	2703	2735.95	9656167
08/10/2020	2800	2885	2800	2825.7	19839826
09/10/2020	2810	2829.85	2780	2812.95	7739375
12/10/2020	2815.5	2854	2800.75	2830	4623211
13/10/2020	2845	2854.9	2812.2	2826.55	4209905
14/10/2020	2842	2842	2787.55	2809.6	4395979
15/10/2020	2811	2827.75	2727	2740.6	6629395
16/10/2020	2750.1	2771.65	2731.3	2763.3	5273773
19/10/2020	2774	2774	2706.6	2711.55	3331194
20/10/2020	2725	2759.9	2717.95	2739	3406298
21/10/2020	2739	2749	2663.05	2675.4	4570175
22/10/2020	2661	2686.65	2638.1	2671.15	5262311
23/10/2020	2687.8	2702	2670.1	2686.8	3499372
26/10/2020	2689.95	2709.95	2670.5	2688.2	2672766
27/10/2020	2699.75	2718.15	2624.1	2630.15	3537594
28/10/2020	2650	2655.95	2606	2622.2	3569515
29/10/2020	2608	2655	2600.25	2632.65	3105970
30/10/2020	2636.1	2674.35	2621.6	2664.85	3427003
02/11/2020	2660	2664.85	2600.05	2604.6	2571196
03/11/2020	2604	2665	2601.05	2633.6	2879269
04/11/2020	2610	2721.85	2610	2653.15	4893928
05/11/2020	2685	2710	2667	2685.7	2816502
06/11/2020	2699	2713.25	2681.3	2707.45	3884421
09/11/2020	2731.1	2744	2695.1	2726.6	3646592
10/11/2020	2697.2	2713.15	2638.35	2649.6	4760020
11/11/2020	2667.95	2692.8	2643.4	2687.8	3242441
12/11/2020	2686	2713	2661.75	2671.05	2437505
13/11/2020	2655.75	2664.9	2636	2656.85	2548093
17/11/2020	2695	2695	2650.05	2666.05	2827273
18/11/2020	2661	2664.2	2607.05	2626.65	2893762
19/11/2020	2637	2676.15	2630.85	2636.9	4167501
20/11/2020	2655	2676	2627.55	2660.25	2711471
23/11/2020	2690	2730	2665	2724.25	3706418
24/11/2020	2734.4	2743	2705	2722.05	3120516
25/11/2020	2729	2732.95	2688.2	2701.3	3302249
26/11/2020	2686	2730.95	2680	2720.6	2341099
27/11/2020	2705	2717.7	2669.05	2679.65	6086808
01/12/2020	2679	2735.9	2624.45	2726.8	3605017
02/12/2020	2719	2754.7	2702.45	2749.55	2509032
03/12/2020	2773.9	2773.9	2700.8	2709.45	2852548
04/12/2020	2710.8	2738.85	2699	2727.55	2686527
07/12/2020	2715	2744	2706.15	2737.7	1996400
08/12/2020	2740	2805.55	2732.45	2797.3	4277818
09/12/2020	2815	2840	2793.15	2810.8	3659996
10/12/2020	2818	2827.3	2780.25	2784.3	2127801
11/12/2020	2792.7	2807.7	2764.55	2783.6	1795408
14/12/2020	2802	2804	2756.25	2797.7	2483658
15/12/2020	2786	2794.7	2755	2761.55	2365509
16/12/2020	2779	2819.8	2760.45	2814.2	2565149
17/12/2020	2811	2853.7	2805	2838.2	2863460
18/12/2020	2868	2898	2846.2	2861	6076692
21/12/2020	2861	2886.5	2785	2820.15	2705195
22/12/2020	2834	2883.65	2818.65	2872.5	2881737
23/12/2020	2876.05	2919	2865.45	2908.75	2790988
24/12/2020	2909	2921.35	2883.2	2909.35	1807144
28/12/2020	2910	2949.7	2902	2929.4	2108994
29/12/2020	2920	2952	2920	2930.5	1994151
30/12/2020	2934.4	2947.7	2902	2909.3	2637968
31/12/2020	2900	2905	2845	2862.75	4040956
01/01/2021	2880	2940	2879	2928.25	2681440
04/01/2021	2950	3050.75	2940.95	3039.45	5113293
05/01/2021	3039.6	3114.25	3039.6	3093	5801309
06/01/2021	3100	3113.5	3037.2	3051.5	3726716
07/01/2021	3075	3080.85	3000.25	3032.8	3717827
08/01/2021	3090	3128	3060	3120.9	5879039
11/01/2021	3230	3230	3146.55	3176.45	9508039
12/01/2021	3176.45	3210	3150	3174.85	3611458
13/01/2021	3175	3177	3126.25	3158.95	3572801
14/01/2021	3155	3266.5	3120.4	3250.7	6931542
15/01/2021	3235	3274	3210	3233.35	4131692
18/01/2021	3250	3256.75	3187.4	3221.75	4160906
19/01/2021	3233	3279	3232	3260.7	2975735
20/01/2021	3270	3327.95	3267.1	3308.8	3453446
21/01/2021	3305	3309.15	3262.1	3273.85	2778546
22/01/2021	3241.9	3325	3241.9	3303.1	3052459
25/01/2021	3308.95	3339.8	3278.65	3291.3	2272887
27/01/2021	3300	3306.45	3227	3261.05	2786662
28/01/2021	3230	3275	3183.8	3196.55	3083938
29/01/2021	3210.05	3216.85	3100	3111.35	5445659
01/02/2021	3100	3165	3044.1	3139.35	3985846
02/02/2021	3174	3224	3150	3203.45	2881837
03/02/2021	3213	3236	3162.65	3200.05	2505866
04/02/2021	3216.05	3237.85	3176	3188.45	2057261
05/02/2021	3198.95	3205.85	3129	3157.95	2366135
08/02/2021	3189.5	3226	3155.15	3214.1	2526592
09/02/2021	3195	3245.8	3164	3176.9	2658751
10/02/2021	3185	3219.4	3157.3	3213.3	2127983
11/02/2021	3215	3219.3	3185.05	3206	1165882
12/02/2021	3184.2	3245.5	3182	3190.8	2777404
15/02/2021	3209	3209	3131.55	3139.85	2630853
16/02/2021	3150	3167.65	3100	3108.8	3435770
17/02/2021	3105.1	3132.85	3045.55	3073.1	3678426
18/02/2021	3065	3097.9	3031	3057.35	4189909
19/02/2021	3058	3087.15	3016.15	3071.85	3725028
22/02/2021	3096	3096	2943.15	2958.45	5366696
23/02/2021	2970	3028	2968	2980.2	3832829
24/02/2021	2972	3003.35	2921.15	2948.1	3774549
25/02/2021	2974	3029.9	2968.45	2995.3	4224073
26/02/2021	2960	2972.35	2880	2894.3	5553153
01/03/2021	2926	2965	2901.8	2924.2	3265871
02/03/2021	2960	3025	2948	3006.35	3306469
03/03/2021	3035	3064	2996.9	3059.1	3509857
04/03/2021	3023	3081.45	3016.05	3049.7	3916760
05/03/2021	3016.1	3063.2	2996.6	3008.05	3203686
08/03/2021	3016	3033	2996	3006.95	2003125
09/03/2021	3006.95	3066.9	2992.1	3050.95	1942397
10/03/2021	3075	3093.2	3060	3070.95	3053778
12/03/2021	3075	3117	3041.35	3057.95	2938317
15/03/2021	3041	3099	3041	3066.15	3097140
16/03/2021	3060	3141	3060	3110.05	4894756
17/03/2021	3105	3155	3085.3	3112.95	3838390
18/03/2021	3125.95	3146.45	2987.05	3036.5	3656306
19/03/2021	3030	3099	3005	3050.2	5776626
22/03/2021	3048.7	3139.45	3018.65	3129.65	2821646
23/03/2021	3140	3169	3122.85	3142.6	3305973
24/03/2021	3111.2	3152.3	3111.15	3121.1	2207104
25/03/2021	3112.2	3130.85	3050	3064.85	3179786
26/03/2021	3090.65	3118	3043.05	3066.8	3697370
30/03/2021	3083	3188.45	3060.9	3158.55	4694261
31/03/2021	3155	3205	3132	3177.85	3530069
01/04/2021	3191.1	3215	3145	3165	4285076
05/04/2021	3171	3263	3151	3238.9	5317862
06/04/2021	3275	3275	3230	3264.7	2291562
07/04/2021	3259	3277.55	3234.8	3271.4	2491268
08/04/2021	3270	3335	3266.05	3317.35	2578118
09/04/2021	3354	3354.35	3308	3322.25	2911129
12/04/2021	3322.25	3338.1	3213.2	3246.55	3791828
13/04/2021	3214	3214	3073.05	3104.05	8654596
15/04/2021	3160.3	3237.25	3087.45	3218.95	6062760
16/04/2021	3229	3247	3182.6	3195.15	3224657
19/04/2021	3169	3189	3135.1	3161.8	2679106
20/04/2021	3225	3225.35	3126.35	3144.55	3141893
22/04/2021	3148	3148	3105.25	3118.8	1988980
23/04/2021	3105	3119	3091.05	3109.5	1615309
26/04/2021	3102.05	3153	3088.05	3100.8	2490260
27/04/2021	3106	3136.1	3103	3132	1471417
28/04/2021	3149.95	3151	3112	3124.1	1639037
29/04/2021	3145.6	3157.35	3105.5	3115.25	1621395
30/04/2021	3099	3132.05	3020	3035.65	3072305
03/05/2021	3024.9	3055	3004	3037	1545831
04/05/2021	3062.8	3090	3035	3049.75	1990777
05/05/2021	3070	3099.4	3052.4	3095.7	1939289
06/05/2021	3105.5	3134	3074	3111.45	1791671
07/05/2021	3133	3159.85	3111.8	3132.9	1912540
10/05/2021	3145.95	3164.2	3125	3145.5	2137153
11/05/2021	3125	3128.1	3091.15	3122.6	2415625
12/05/2021	3120	3120	3070.6	3087.6	1978558
14/05/2021	3098.5	3098.5	3040	3051.5	2043935
17/05/2021	3055	3075.2	3036	3069.75	2890462
18/05/2021	3100	3124	3078	3088.8	2098538
19/05/2021	3084	3118	3067.1	3082	1986041
20/05/2021	3067.1	3088.8	3052.1	3060	2329027
21/05/2021	3061	3088.2	3055.1	3080.5	1685566
24/05/2021	3081.5	3105	3072	3081.5	1652260
25/05/2021	3092	3128.25	3082.1	3114	1841613
26/05/2021	3120	3165	3103.8	3158.5	1923753
27/05/2021	3161.95	3217.75	3161.8	3180	5959785
28/05/2021	3189.5	3198	3135.65	3143.6	1763701
31/05/2021	3150	3170.35	3128.6	3159.15	1652799
01/06/2021	3168.6	3169.95	3132	3153	1377441
02/06/2021	3150.85	3159.45	3115	3129.45	2240078
03/06/2021	3154.55	3154.55	3122.65	3141.25	1281706
04/06/2021	3128	3156.85	3125	3143.75	1836060
07/06/2021	3145	3190.45	3133.6	3183.2	2559821
08/06/2021	3198	3231	3187.2	3200.15	2574057
09/06/2021	3202	3220	3186.2	3200.25	1710925
10/06/2021	3210	3224	3193	3216.8	1874324
11/06/2021	3211.55	3309	3211	3273.8	3452954
14/06/2021	3279	3308.7	3270.35	3276.35	1847360
15/06/2021	3298	3298	3251.55	3262.75	1304985
16/06/2021	3262.1	3294.7	3253	3274.35	1635552
17/06/2021	3265.5	3336.05	3260	3317.75	2273413
18/06/2021	3350.9	3358	3275	3297.3	3380431
21/06/2021	3265	3286	3251.7	3273.1	1130569
22/06/2021	3304	3327.05	3285	3301.2	1708688
23/06/2021	3329	3329	3256.4	3261.4	1467104
24/06/2021	3284	3383	3278.5	3373.6	4155204
25/06/2021	3375.25	3399.65	3350	3380.8	2722861
28/06/2021	3391.5	3391.5	3333	3336.75	1355238
29/06/2021	3342	3366.3	3326.5	3340.85	1497322
30/06/2021	3346	3382	3338.5	3345.75	1693146
01/07/2021	3358	3362	3332.35	3341.5	990310
02/07/2021	3331	3339.7	3295.2	3325.45	1682274
05/07/2021	3342	3374	3302	3321	1972858
06/07/2021	3313	3328	3256.1	3262.3	2159420
07/07/2021	3275	3282.7	3241.6	3274.95	2640710
08/07/2021	3298	3298	3231.9	3258.5	2485811
09/07/2021	3250	3282	3201	3208.15	6365067
12/07/2021	3235	3236	3188.35	3193.1	1892226
13/07/2021	3214	3214	3175	3187.55	1809339
14/07/2021	3187	3222	3185	3214.55	2044279
15/07/2021	3227.6	3231.85	3194	3202.95	2232968
16/07/2021	3213	3219.85	3192	3194.8	1256526
19/07/2021	3180	3199.8	3176	3184.6	1597058
20/07/2021	3184.6	3215	3156.15	3205.8	1811945
22/07/2021	3190	3224.95	3190	3216.35	2859334
23/07/2021	3230	3241.55	3206.65	3212.85	1776193
26/07/2021	3200	3224.25	3190.85	3197.55	1259611
27/07/2021	3200	3210	3161.15	3182.95	1121367
28/07/2021	3188	3204.45	3132.4	3197.8	1660654
29/07/2021	3200.25	3225.45	3190.3	3195.8	1731997
30/07/2021	3219	3223.5	3162.35	3167.45	2999943
02/08/2021	3180	3224.9	3167	3219.4	2608669
03/08/2021	3229	3290	3218.95	3284.9	3804735
04/08/2021	3300	3305.2	3261.2	3273.95	2929598
05/08/2021	3275	3315	3262.5	3283.95	2534521
06/08/2021	3272.55	3324	3265	3309.8	2292362
09/08/2021	3323.9	3337	3310	3322.7	1510489
10/08/2021	3315.6	3349.9	3315.6	3333.9	2040777
11/08/2021	3350	3360	3327.1	3344.2	1929707
12/08/2021	3326	3368	3326	3351.75	1310205
13/08/2021	3360.75	3480	3357.5	3463.4	4363584
16/08/2021	3460	3494.35	3436.5	3472.95	2083489
17/08/2021	3482.1	3560.8	3463	3553.05	4336019
18/08/2021	3573.85	3595	3536.6	3560.55	2631309
20/08/2021	3506	3575	3500	3559.5	2836148
23/08/2021	3580	3673	3561.9	3637.4	3744176
24/08/2021	3657	3667.35	3594.4	3613.2	2511141
25/08/2021	3610	3697.75	3607.05	3659	2123263
26/08/2021	3660	3687.6	3647.9	3671.85	1902533
27/08/2021	3666	3729.5	3651.1	3720.15	3944728
30/08/2021	3715	3740.35	3687.6	3701.3	2033114
31/08/2021	3709.4	3804.1	3703.45	3786.45	3207480
01/09/2021	3796	3816.7	3707	3714.95	2643336
02/09/2021	3734	3859.15	3722	3836.75	3403717
03/09/2021	3825	3856.9	3804.55	3842.05	1746812
06/09/2021	3849.7	3877.6	3814	3852	1723693
07/09/2021	3864	3869.95	3808.25	3815.9	1585039
08/09/2021	3810	3815	3756	3774.15	4147175
09/09/2021	3789.7	3808.7	3765	3791.4	1441148
13/09/2021	3767	3852.4	3767	3845.35	1691473
14/09/2021	3849.95	3896.5	3825	3885.9	1991188
15/09/2021	3882.1	3980	3866	3954.55	2461369
16/09/2021	3930	3981.75	3892.1	3903.3	2946666
17/09/2021	3920	3945	3805	3827.85	6477148
20/09/2021	3809	3871	3807.85	3823.5	2002008
21/09/2021	3858	3871.55	3821.65	3862.95	1568129
22/09/2021	3862.5	3896.85	3852.45	3862.15	1744067
23/09/2021	3870	3879	3835	3869.25	2003869
24/09/2021	3890	3944.4	3855	3871.3	2320754
27/09/2021	3900	3904	3802.9	3836.95	1673362
28/09/2021	3850	3850	3751.25	3779.15	2253075
29/09/2021	3759.8	3806	3722.15	3791.9	2489161
30/09/2021	3805	3805	3750.1	3775.55	2252412
01/10/2021	3781.75	3810	3725	3730.2	1578374
04/10/2021	3724.8	3783.65	3707.45	3773.3	1356860
05/10/2021	3754	3840	3741.6	3833.3	1877966
06/10/2021	3836	3857.45	3795	3810.9	1678154
07/10/2021	3830	3899	3820.05	3892.9	1647233
08/10/2021	3925	3989.9	3900	3935.65	2934339
11/10/2021	3755	3757.5	3660	3685.6	11845402
12/10/2021	3706	3707	3630.6	3652.85	5752877
13/10/2021	3650	3675.45	3645	3655.2	3545655
14/10/2021	3625	3670	3608.2	3611.45	6442299
18/10/2021	3603.45	3652.7	3601.45	3647.15	3590107
19/10/2021	3669	3690.1	3625.2	3634.15	3135441
20/10/2021	3612	3630	3578.3	3608.85	2933693
21/10/2021	3604.1	3607.45	3511.25	3532.5	4871211
22/10/2021	3560	3561.6	3485	3498.85	2691670
25/10/2021	3503	3514.55	3450	3492.95	2595594
26/10/2021	3494.5	3529	3475	3482.6	3878763
27/10/2021	3483	3511.25	3483	3489.75	2510813
28/10/2021	3518	3518	3415	3421.65	2424942
29/10/2021	3400.05	3461	3385.95	3397.75	3960501
01/11/2021	3437.95	3487	3412.95	3476.4	2020718
02/11/2021	3494	3513.6	3469.75	3484.2	3087414
03/11/2021	3504.2	3519.9	3466.05	3492.25	1537639
04/11/2021	3512.95	3513.25	3505	3508.65	328991
08/11/2021	3548	3548	3481.2	3502.75	2526082
09/11/2021	3508	3535	3496	3505.7	1782692
10/11/2021	3498	3519.7	3480.2	3484.3	1516489
11/11/2021	3480	3510.05	3436	3488.2	1284514
12/11/2021	3506	3534.15	3485.7	3526.05	1747259
15/11/2021	3528	3569.6	3528	3553.3	1809157
16/11/2021	3569	3575.55	3542	3556.4	2013204
17/11/2021	3550.6	3562.85	3506.4	3521.9	1632914
18/11/2021	3515.15	3520.85	3451.6	3475.7	2136598
22/11/2021	3478.4	3515.95	3440.3	3458.4	3167936
23/11/2021	3445	3480.95	3407.8	3464.25	2153461
24/11/2021	3472.2	3493.05	3424	3443.3	2161746
25/11/2021	3443.9	3463	3434.05	3445.9	1849619
26/11/2021	3425	3490	3411.9	3446.85	1941251
29/11/2021	3447.15	3529.35	3406.45	3502	2981745
30/11/2021	3491	3563.75	3491	3529.15	5588446
01/12/2021	3535	3590	3535	3577.8	2102118
02/12/2021	3589.2	3648	3574.1	3642.9	3152938
03/12/2021	3646.45	3665.95	3630.85	3640.45	2486263
06/12/2021	3640.45	3658	3522	3536.4	1849642
07/12/2021	3562.5	3598	3524.3	3584.5	1484458
08/12/2021	3601	3646.45	3601	3626.9	1428660
09/12/2021	3610	3634.75	3566	3601.75	1567957
10/12/2021	3585	3642	3575.1	3636.8	1510718
13/12/2021	3650	3662	3601.7	3609.65	1883864
14/12/2021	3605	3635	3576.7	3623.8	1747007
15/12/2021	3620	3623	3558.15	3570.35	1603233
16/12/2021	3582	3608.45	3570	3581.6	2072320
17/12/2021	3602.5	3651.35	3573.7	3584.35	4333992
20/12/2021	3589	3606	3510.15	3556.9	2312310
21/12/2021	3582.65	3641.2	3566.4	3608.3	2340989
22/12/2021	3624	3636.8	3606.25	3630.75	1224328
23/12/2021	3648	3670.5	3630	3662.7	1792861
24/12/2021	3685	3705	3644.8	3670.9	2209923
27/12/2021	3671	3700	3653.1	3696.1	1534135
28/12/2021	3710	3725	3693.85	3706.55	1456218
29/12/2021	3692.25	3719.95	3685	3694.7	1456923
30/12/2021	3681.35	3740	3680	3733.75	1966475
31/12/2021	3742.8	3760	3731.3	3738.35	1207141
03/01/2022	3750	3830	3745	3817.75	2346158
04/01/2022	3831.1	3889.15	3811.7	3884.75	2488606
05/01/2022	3865	3870	3812.4	3860.95	1733031
06/01/2022	3812	3835	3772	3807.45	1810293
07/01/2022	3820	3864.9	3796.4	3853.5	2460591
10/01/2022	3978	3978	3861	3879.85	3937092
11/01/2022	3856	3925	3856	3915.9	1906106
12/01/2022	3925	3929	3836.55	3859.9	3203744
13/01/2022	3918	3923	3857	3897.9	6684507
14/01/2022	3877.85	3977	3860.05	3968.15	3348123
17/01/2022	3992.7	4043	3962.3	4019.15	3442604
18/01/2022	4033.95	4041.7	3980	3990.6	2389041
19/01/2022	4012	4012	3910.5	3914.65	3102539
20/01/2022	3910	3920	3811	3826.55	6176776
21/01/2022	3807	3851.55	3771.1	3833.5	3112358
24/01/2022	3840	3849.65	3740.1	3771.35	3258414
25/01/2022	3769.5	3809.4	3722.2	3769.9	3330501
27/01/2022	3731	3733.4	3625.1	3649.25	5718297
28/01/2022	3646	3729.8	3646	3690.05	3143862
31/01/2022	3749	3758	3721.4	3736.25	2739393
01/02/2022	3770	3808	3736.4	3800.65	2105169
02/02/2022	3827.9	3864	3800.65	3856.2	1984212
03/02/2022	3851	3882.5	3816.05	3824.6	1960538
04/02/2022	3815.3	3824.7	3769	3814.9	2307366
07/02/2022	3791	3831.8	3756.15	3779	1919149
08/02/2022	3791.55	3799.7	3721	3743.45	2946443
09/02/2022	3750	3777.95	3746.1	3760.55	1638721
10/02/2022	3789.8	3789.8	3758	3770.35	2112459
11/02/2022	3752.5	3752.5	3690	3694.95	3851488
14/02/2022	3724	3793.25	3710	3733.75	5951745
15/02/2022	3786	3835	3748	3817.8	3931683
16/02/2022	3844	3854.1	3806	3813.1	3256906
17/02/2022	3825	3835	3779	3784.2	3134372
18/02/2022	3769	3815.95	3757.6	3793.9	3688883
21/02/2022	3810	3827.8	3705.55	3719.4	7465922
22/02/2022	3650	3667.9	3570	3586.4	5408531
23/02/2022	3611	3622.9	3555.65	3563.8	2426203
24/02/2022	3474	3483.85	3391.1	3401.65	5039136
25/02/2022	3468	3530	3462	3520.75	2549723
28/02/2022	3490	3563.75	3455.9	3554.2	3288942
02/03/2022	3552.5	3571.95	3506	3546.15	2761341
03/03/2022	3562.85	3578.6	3530.1	3544.4	1928039
04/03/2022	3501.5	3561.2	3487.05	3524.35	2370257
07/03/2022	3450	3548	3431.55	3484.9	3054130
08/03/2022	3460	3609	3460	3599.95	3300992
09/03/2022	3605	3654	3597.05	3632.6	2719654
10/03/2022	3684	3684	3615	3620.95	2005441
11/03/2022	3603.25	3639.85	3592.85	3599.15	1623423
14/03/2022	3580	3648.35	3580	3643	1765688
15/03/2022	3659	3659	3585.4	3593.9	3651133
16/03/2022	3640.5	3668	3616.25	3655.9	3090475
17/03/2022	3696.6	3710	3660.3	3672.75	3600452
21/03/2022	3696	3713.95	3615	3626.7	2413831
22/03/2022	3640	3711	3625	3700.95	2907611
23/03/2022	3708	3729.8	3690	3712.4	1596195
24/03/2022	3700	3758.2	3695	3749.85	1879046
25/03/2022	3759.9	3779.5	3672	3707.45	1690133
28/03/2022	3695	3713	3661.2	3707.7	1760990
29/03/2022	3694.75	3722	3691	3705.35	2689063
30/03/2022	3738	3738	3706.2	3731.55	1583455
31/03/2022	3740	3754.65	3720.2	3739.95	2168110
01/04/2022	3748	3763	3728.05	3758.75	1387014
04/04/2022	3762	3780	3737.1	3770.35	1472994
05/04/2022	3772	3835.6	3772	3814.8	2314947
06/04/2022	3809.3	3809.3	3731.15	3755.35	2051729
07/04/2022	3745.5	3745.5	3679	3684.15	2494829
08/04/2022	3690	3705	3642.5	3685.65	2296773
11/04/2022	3690	3712.35	3656.1	3696.4	2291660
12/04/2022	3683	3739	3648.35	3691.1	4483476
13/04/2022	3707	3709.85	3655.55	3661.95	1621672
18/04/2022	3610	3610	3522.5	3528.05	3820792
19/04/2022	3550	3563.55	3439.15	3471.9	3170014
20/04/2022	3500	3569.15	3480	3556.8	2640370
21/04/2022	3580	3644	3567.4	3628.65	2280996
22/04/2022	3581.1	3617	3571.5	3612.55	1581465
25/04/2022	3558	3584	3533.1	3548.2	1960694
26/04/2022	3575.15	3587.9	3518.15	3546.3	1943469
27/04/2022	3546	3568.45	3506.3	3561.2	1727648
28/04/2022	3588	3604.4	3538.05	3584.3	1703660
29/04/2022	3597	3623.25	3536.85	3546.7	2051115
02/05/2022	3519.9	3547.95	3492.75	3542.4	1324161
04/05/2022	3538.5	3545.45	3465.3	3479.75	2305825
05/05/2022	3512.1	3533	3485.35	3513.4	1612262
06/05/2022	3459	3474.5	3424.5	3432.6	2010812
09/05/2022	3398	3456	3346.85	3445.1	2481830
10/05/2022	3434	3464.8	3422	3438.75	1622685
11/05/2022	3435	3448.45	3382.15	3412	1841769
12/05/2022	3378	3449.7	3350.1	3408.65	2807195
13/05/2022	3435	3439.9	3382.15	3414.9	2187823
16/05/2022	3415	3430	3366.6	3376.8	1195813
17/05/2022	3370	3467	3350.4	3451.6	1754076
18/05/2022	3465	3495	3443.05	3448.8	1866781
19/05/2022	3397	3405	3230	3261.95	4642963
20/05/2022	3310	3313.9	3270.05	3293	3065125
23/05/2022	3304.8	3338.9	3267	3321.75	2293690
24/05/2022	3315.15	3324.85	3275.6	3288	1711510
25/05/2022	3292.85	3292.85	3154.05	3167.65	3548046
26/05/2022	3191	3241.5	3180.55	3226.95	2813186
27/05/2022	3253.2	3278.9	3229.2	3261.3	3103153
30/05/2022	3297	3386.6	3286.35	3375.25	2094624
31/05/2022	3354.15	3383.4	3325	3364.35	4840965
01/06/2022	3388	3388	3340.05	3355.2	1493835
02/06/2022	3355	3432	3346.3	3423	2657939
03/06/2022	3459.4	3477.3	3431.2	3440.15	1913622
06/06/2022	3418	3453	3377.15	3430.95	1084210
07/06/2022	3401.05	3418.85	3356	3362.7	2308256
08/06/2022	3380.15	3413.95	3346.5	3404.15	2185707
09/06/2022	3385	3437	3353.1	3427.1	1279197
10/06/2022	3382	3393	3352	3359.9	1527582
13/06/2022	3290	3293	3192.45	3219.6	3030921
14/06/2022	3190	3238.9	3174.7	3210.55	2611493
15/06/2022	3218.5	3234	3201	3206.3	1404536
16/06/2022	3240	3244.85	3133.05	3142	2032028
17/06/2022	3092	3118.75	3023.85	3088.9	5240434
20/06/2022	3094	3138.75	3069	3112.4	1502769
21/06/2022	3130	3237.75	3125.4	3211.95	2964461
22/06/2022	3199.9	3250.55	3183	3222.95	3336315
23/06/2022	3222.95	3318	3222.95	3308.8	3692578
24/06/2022	3339	3345	3277.5	3293.1	2132118
27/06/2022	3350	3362.9	3306.5	3314.7	2037686
28/06/2022	3307	3330	3272.6	3318.15	1400046
29/06/2022	3271	3333	3271	3290.5	2133994
30/06/2022	3272	3310.9	3255	3267.1	2719603
01/07/2022	3260	3333	3252.05	3315.1	1502879
04/07/2022	3312	3317.95	3225.05	3235.05	2622535
05/07/2022	3255	3272	3206.95	3216.3	2170627
06/07/2022	3218.5	3268.5	3202.25	3260.75	2182144
07/07/2022	3271	3319.4	3265.05	3287.85	1989921
08/07/2022	3300	3305	3250	3265.45	2136916
11/07/2022	3206.15	3225	3106	3113.8	6974600
12/07/2022	3114.9	3136.2	3080.25	3084.7	3734815
13/07/2022	3104	3110	3035	3038.75	3863530
14/07/2022	3056	3057	2967	2998.75	4764908
15/07/2022	3018.55	3028.9	2953	2994.6	4574806
18/07/2022	3023	3076.95	3014.3	3063.5	3202795
19/07/2022	3030.05	3078.95	3030.05	3074.25	1865074
20/07/2022	3107.8	3171.95	3098.05	3164.8	3402251
21/07/2022	3167	3184	3144.05	3177.3	2420640
22/07/2022	3185	3197	3143.5	3171	2075886
25/07/2022	3165	3186.45	3149.1	3166.75	1797504
26/07/2022	3164.7	3168.9	3096.5	3115.9	2639367
27/07/2022	3115	3194.1	3110	3188.85	1389808
28/07/2022	3216	3264	3201.65	3260.5	2106333
29/07/2022	3290	3317.3	3275	3301.9	2430257
01/08/2022	3327	3327	3271	3298.8	1306913
02/08/2022	3290	3312.9	3271.65	3291.8	1269114
03/08/2022	3280	3349	3277.05	3339.5	2895824
04/08/2022	3350	3387.9	3307.35	3354.95	2150567
05/08/2022	3361.2	3377	3355	3365.05	1106933
08/08/2022	3365	3378.9	3336	3374.45	1068836
10/08/2022	3385	3385	3335	3354.25	1878359
11/08/2022	3400	3428.7	3375.05	3422.5	1449248
12/08/2022	3419	3419	3381.25	3401.55	1472354
16/08/2022	3411	3414.85	3387.5	3392.7	839942
17/08/2022	3385.1	3417.95	3371.1	3401.1	1622326
18/08/2022	3390	3392	3362	3381.25	1430659
19/08/2022	3387	3421.5	3371.25	3385.75	1398410
22/08/2022	3365	3384.1	3347.4	3354.55	1536532
23/08/2022	3319.95	3341.9	3270	3284.6	1849256
24/08/2022	3292	3308	3250.2	3255.35	1691923
25/08/2022	3276	3278.15	3214.75	3218.2	1946930
26/08/2022	3234.3	3257	3216.8	3222.2	1457962
29/08/2022	3125	3142.7	3081	3132.55	2539173
30/08/2022	3155	3226.5	3142.1	3211.15	3431525
01/09/2022	3190	3190	3121	3131.7	3546935
02/09/2022	3163	3163	3120.3	3130.4	2052900
05/09/2022	3123.65	3147.95	3112.25	3133.4	2147912
06/09/2022	3135.5	3140.85	3106.35	3127.05	1936453
07/09/2022	3102	3161.9	3102	3149.6	1291534
08/09/2022	3170	3183.5	3160.1	3169.65	1346113
09/09/2022	3195	3233.5	3168.5	3217.65	1561185
13/09/2022	3263.45	3263.45	3225	3229.35	1972678
14/09/2022	3135	3141.4	3113.8	3120.4	5090269
15/09/2022	3130	3137.75	3100	3104.35	2138023
16/09/2022	3076	3094.35	3000	3008.7	5322221
19/09/2022	3036	3042	2987.8	3028.8	2072220
20/09/2022	3050	3079.95	3030	3040.3	1544295
21/09/2022	3028	3041.4	2998.15	3001.2	2253818
22/09/2022	2990	3029.95	2979.3	3007.4	2017983
23/09/2022	3004	3022.5	2979	2982.05	2652374
26/09/2022	2959.85	3025.85	2926.1	2994.4	2925489
27/09/2022	3009.4	3025	2976	3017.45	2227447
28/09/2022	2980	3049.95	2980	3035.65	2739767
29/09/2022	3054	3055.85	2990	2997.3	2493902
30/09/2022	2990.85	3019.7	2950.1	3004.55	2817353
03/10/2022	2995	3020.7	2974	2984.95	1763331
04/10/2022	3029.95	3098	3023	3091.15	2145875
06/10/2022	3111	3124	3092.45	3101.95	1790816
07/10/2022	3097.4	3105	3058.1	3064.9	1939879
10/10/2022	3010	3127	3005	3118.55	3064063
11/10/2022	3100	3145	3053.35	3069.55	4730645
12/10/2022	3084.9	3109.9	3062.05	3100.75	1665247
13/10/2022	3100.75	3110	3052.35	3103.3	2054781
14/10/2022	3145	3150	3071	3099.15	2245977
17/10/2022	3072.65	3128.4	3071.45	3111.75	1517005
18/10/2022	3150	3155.35	3128.55	3144.7	1793722
19/10/2022	3159	3159	3112	3121.85	1194289
20/10/2022	3105	3160	3105	3157.3	1587601
21/10/2022	3157.8	3160.4	3127	3137.4	1021913
25/10/2022	3180.5	3184.25	3151.15	3162.1	2069643
27/10/2022	3160.7	3174	3134.35	3157.4	2438421
28/10/2022	3150	3178.5	3145	3163.25	1355739
31/10/2022	3199	3199	3177.8	3193.15	1919414
01/11/2022	3214.5	3262.6	3203.45	3259.7	2991060
02/11/2022	3270	3270	3222.05	3241.7	1405955
03/11/2022	3228.05	3228.05	3195	3206.75	1422652
04/11/2022	3217	3220.05	3166.15	3217.4	1464013
07/11/2022	3229	3242.8	3195.1	3233.7	1474498
09/11/2022	3249.8	3249.8	3201.65	3216.05	1162267
10/11/2022	3170	3225	3170	3205.65	1573092
11/11/2022	3269.6	3341.6	3255.05	3315.95	3265394
14/11/2022	3324	3349	3309	3335.5	1342074
15/11/2022	3321	3339.95	3292	3332.6	1400708
16/11/2022	3338.9	3367.9	3321.45	3355.35	1748235
17/11/2022	3340	3360	3317.75	3349	1417986
18/11/2022	3350	3362.75	3321	3343.45	1164540
21/11/2022	3322.5	3333.7	3273	3283.5	1304194
22/11/2022	3280	3318.95	3255.25	3314.95	1149739
23/11/2022	3330	3330	3291	3308.3	1150011
24/11/2022	3316.25	3392.95	3308.3	3380.15	1296591
25/11/2022	3383	3403.35	3348	3389.65	1588981
28/11/2022	3366	3417	3365.55	3395.25	2195437
29/11/2022	3383	3429	3383	3397.35	1576028
30/11/2022	3383	3414.9	3375	3390.8	3410702
01/12/2022	3425	3480	3420	3475.65	2180856
02/12/2022	3458.1	3468.9	3413	3439.15	2411749
05/12/2022	3433	3439.15	3407	3425.9	1475065
06/12/2022	3400.05	3407.95	3368	3385.35	1166999
07/12/2022	3368.3	3393.7	3354	3380.6	1167505
08/12/2022	3360	3380.6	3339.45	3350.55	1285619
09/12/2022	3374.1	3374.1	3276.35	3292.75	1797896
12/12/2022	3255.5	3296	3236.1	3286.45	1527610
13/12/2022	3277.2	3336.45	3267.8	3332.1	1378016
14/12/2022	3348.8	3377	3340.9	3365.35	1213311
15/12/2022	3358.8	3364.75	3298.95	3305.1	1415694
16/12/2022	3275	3292	3225.2	3240.25	2703680
19/12/2022	3227	3245.5	3194.5	3202.05	2120965
20/12/2022	3198.9	3249	3163.65	3243.95	1529971
21/12/2022	3249	3283.05	3240	3268.55	1432566
22/12/2022	3294	3294	3245.1	3259.7	1384101
23/12/2022	3217	3266.85	3217	3228.35	1360281
26/12/2022	3228.35	3272	3225.05	3252.9	870157
27/12/2022	3269.2	3273.8	3231.5	3259.5	835883
28/12/2022	3249.8	3266.1	3226	3257.1	910795
29/12/2022	3231.1	3271.5	3228	3268.75	1037927
30/12/2022	3286.05	3299	3246.2	3256.7	1163131
02/01/2023	3261	3266.85	3235.2	3261.45	709547
03/01/2023	3252	3320	3245.3	3311.35	1245178
04/01/2023	3306.7	3327.35	3286.2	3314.65	1231668
05/01/2023	3330.2	3337.3	3281.95	3311.1	1826057
06/01/2023	3300	3301.55	3200	3211.55	2488376
09/01/2023	3229	3327	3221.15	3319.95	2885060
10/01/2023	3285	3298	3230.1	3286.4	3864655
11/01/2023	3290.1	3349.5	3271.15	3328.7	2720512
12/01/2023	3329	3350	3315.55	3334.35	2250391
13/01/2023	3342.9	3379	3305	3374.55	1742837
16/01/2023	3317	3353	3298.05	3334.05	1843607
17/01/2023	3330	3381.8	3321	3378.4	1688475
18/01/2023	3380	3408.95	3372.25	3390	2421189
19/01/2023	3380	3387	3361	3373.1	1585044
20/01/2023	3365	3394.65	3355.6	3363.1	1529349
23/01/2023	3388	3419	3355.6	3414.9	1067916
24/01/2023	3425	3451.95	3417.3	3436.3	1387863
25/01/2023	3425.3	3435	3405	3429.75	874110
27/01/2023	3426	3446	3382.3	3411.05	1785879
30/01/2023	3420	3458.45	3385.55	3433.65	1953798
31/01/2023	3449	3449	3351	3358.7	2820375
01/02/2023	3363	3419	3355	3408.35	2205161
02/02/2023	3427	3469	3420.1	3460.4	1813847
03/02/2023	3504	3504	3452.9	3482.3	1804469
06/02/2023	3473.15	3473.15	3436.85	3459.95	1138714
07/02/2023	3468.9	3493	3461.4	3472.55	1455647
08/02/2023	3478.05	3539.9	3478.05	3520.1	1986946
09/02/2023	3515	3547.6	3505.3	3540.85	1655427
10/02/2023	3520	3542.35	3508.15	3537.55	1187821
13/02/2023	3549	3549	3473.4	3482.4	1087939
14/02/2023	3505	3524.85	3495	3500.1	1579818
15/02/2023	3487	3526	3460.15	3520.65	1429449
16/02/2023	3527.2	3575	3527	3558.05	1618931
17/02/2023	3526.15	3538.9	3490	3501.15	1061369
20/02/2023	3502	3522	3475.05	3487.3	1296082
21/02/2023	3494	3508.9	3444.75	3451	1139541
22/02/2023	3414.95	3447	3395	3401.55	1218430
23/02/2023	3421	3452.4	3408	3413.8	1441570
24/02/2023	3422.5	3433.95	3382.3	3400.45	977592
27/02/2023	3390	3390	3316	3331.85	1128022
28/02/2023	3328.5	3392	3299.9	3312.85	4116217
01/03/2023	3323	3389	3315	3385.7	1669307
02/03/2023	3361	3369.9	3318	3321.45	1556538
03/03/2023	3354	3358	3331.1	3342.15	1043190
06/03/2023	3361.9	3404.95	3359	3371.85	1334132
08/03/2023	3364	3396	3330.85	3390.4	1844590
09/03/2023	3385	3385	3330.85	3336.85	1648500
10/03/2023	3312.9	3337.25	3290	3331	1024404
13/03/2023	3333	3369.8	3272	3281.95	1901233
14/03/2023	3280	3304.4	3209.4	3214.95	2670334
15/03/2023	3250	3260.35	3192	3198.9	1780522
16/03/2023	3208	3219.8	3172	3185	1901060
17/03/2023	3150.5	3221.4	3144	3179.3	6739966
20/03/2023	3169.65	3169.65	3095.05	3143.3	2289468
21/03/2023	3143.3	3156.75	3097.45	3106.1	1815297
22/03/2023	3130.05	3143.5	3106.1	3130.8	1123939
23/03/2023	3114.9	3146.35	3101	3124.65	1372218
24/03/2023	3148.9	3170	3106	3120.5	1329577
27/03/2023	3135	3152.75	3106	3122.3	1524217
28/03/2023	3127	3149.55	3110.15	3115.9	1303530
29/03/2023	3129	3150	3104.1	3138.9	1740616
31/03/2023	3189.95	3213	3152	3205.9	2382581
03/04/2023	3224.95	3224.95	3173.75	3200	1521830
05/04/2023	3185.5	3264.35	3185.5	3239.8	2655065
06/04/2023	3225	3257.35	3215	3220.7	1703464
10/04/2023	3220	3272	3215	3263.4	2203187
11/04/2023	3264	3272.95	3192.15	3213.8	2348779
12/04/2023	3227.95	3260.95	3199	3241.65	2417727
13/04/2023	3210	3230	3180	3188.85	4174070
17/04/2023	3134.1	3163.4	3070.25	3139.5	5505048
18/04/2023	3154.95	3156.85	3110.6	3130.75	2617302
19/04/2023	3130.75	3140	3071.5	3089.6	3298034
20/04/2023	3090	3113	3078	3104.8	2419999
21/04/2023	3110	3164.45	3100.8	3160.85	1929184
24/04/2023	3151.1	3180.95	3126.15	3174.8	1640676
25/04/2023	3183	3191.2	3147.5	3176	2024090
26/04/2023	3181	3208.4	3181	3198.15	2000029
27/04/2023	3185	3199.2	3170.65	3187.95	2434446
28/04/2023	3200.4	3227.25	3196.25	3219.25	2931312
02/05/2023	3235	3235	3210	3219.4	2321159
03/05/2023	3216	3216	3173.15	3179.9	2468285
04/05/2023	3180.15	3224.45	3178	3220.7	1953253
05/05/2023	3220	3244	3210.05	3230.7	1710027
08/05/2023	3245	3254.85	3231.3	3250.6	928235
09/05/2023	3252.6	3298	3246	3283.25	1107375
10/05/2023	3290	3306.5	3266.05	3286.8	1559987
11/05/2023	3309	3309.7	3272	3282.15	1719623
12/05/2023	3279.15	3290	3260	3274.3	1027479
15/05/2023	3284	3292	3248.35	3255.05	1150390
16/05/2023	3256.2	3285	3250.45	3258.15	986306
17/05/2023	3255.95	3280	3198.25	3208.7	1588815
18/05/2023	3225.95	3228.95	3195	3199.85	1369364
19/05/2023	3210	3234.5	3203.05	3222.85	1152449
22/05/2023	3230	3308.45	3217.05	3298.7	1333243
23/05/2023	3306	3327.95	3290.1	3297.05	1687418
24/05/2023	3276	3317.2	3276	3303.35	1016555
25/05/2023	3294	3306	3267.1	3293.5	1374917
26/05/2023	3293.5	3338.65	3291	3328.9	1791115
29/05/2023	3360.8	3372	3312	3320.35	1210372
30/05/2023	3315	3326.95	3301.35	3316.2	1344224
31/05/2023	3309	3327.7	3265.15	3289.5	5815424
01/06/2023	3314	3340	3297.5	3324	1177314
02/06/2023	3326.25	3335.9	3297.45	3305.6	2030661
05/06/2023	3315	3327	3285.05	3288.9	1861468
06/06/2023	3280	3288.85	3220.6	3232.3	2022849
07/06/2023	3253	3278.85	3241	3274.9	1567196
08/06/2023	3261	3270	3233	3236.45	1759366
09/06/2023	3245	3250	3205.35	3209.3	1775689
12/06/2023	3215	3254.4	3211	3246.9	2324605
13/06/2023	3260	3265	3239	3243.7	1371928
14/06/2023	3243.7	3255.85	3225.85	3251.05	1658544
15/06/2023	3245.3	3247.45	3210	3216.3	2273810
16/06/2023	3197	3199.4	3156	3174.9	4156189
19/06/2023	3190	3214.9	3175	3210.4	1468186
20/06/2023	3214	3232.5	3201.05	3227.7	1528452
21/06/2023	3250	3261.4	3223.95	3258.2	1645987
22/06/2023	3260	3267.65	3230.1	3238.5	1529603
23/06/2023	3237.3	3249.4	3209.15	3216.35	1119505
26/06/2023	3205	3213.9	3173	3189.65	1978803
27/06/2023	3202	3209.65	3182.3	3197.35	863542
28/06/2023	3208	3230.95	3193.4	3215.45	1575872
30/06/2023	3220	3310	3214.1	3302.25	2672406
03/07/2023	3314.3	3318.8	3268.75	3272.3	1687264
04/07/2023	3290	3315	3277.3	3308.85	1656681
05/07/2023	3320	3329	3305	3319.95	1453008
06/07/2023	3306.55	3328.45	3302	3322.9	1848238
07/07/2023	3302	3356.9	3302	3329.25	1789326
10/07/2023	3324.75	3324.75	3265.2	3271.95	1407431
11/07/2023	3295	3295	3260.8	3272.4	1110172
12/07/2023	3280.95	3289.15	3250.1	3259.9	1515240
13/07/2023	3284	3367.45	3272.75	3340.55	4585146
14/07/2023	3365	3524.85	3352	3514.65	6306101
17/07/2023	3510	3549.9	3477.05	3491.7	2743228
18/07/2023	3476	3524	3465	3496.85	2600090
19/07/2023	3500	3516.85	3445.65	3470.05	2405370
20/07/2023	3453.1	3478.9	3436.05	3463.3	1715404
21/07/2023	3404.05	3434.9	3359.05	3368.3	3770223
24/07/2023	3381	3413.45	3372.1	3394.75	1680132
25/07/2023	3397.5	3406.8	3380.2	3399.15	1272980
26/07/2023	3400.35	3420.85	3385	3388.3	1066803
27/07/2023	3394.95	3411.65	3385.05	3396.9	1701769
28/07/2023	3385	3393.7	3331	3355.4	2599831
31/07/2023	3364.4	3426.65	3360.9	3421.45	2743678
01/08/2023	3415	3460	3415	3452.05	1956167
02/08/2023	3434.95	3446.4	3413.6	3440.65	1914899
03/08/2023	3420	3433.25	3368	3399.95	2026351
04/08/2023	3401.25	3471	3401.25	3443.55	2248493
07/08/2023	3453.95	3488	3441.25	3484.05	1853889
08/08/2023	3484.05	3489.95	3456.6	3470.6	1634225
09/08/2023	3464.9	3467	3425.05	3462.5	1794589
10/08/2023	3450	3464.9	3430.05	3442.1	1096701
11/08/2023	3438.1	3466.65	3414	3448.8	1679974
14/08/2023	3440.7	3455	3411	3449.85	1190425
16/08/2023	3450	3466	3435.2	3458.4	1328445
17/08/2023	3455	3460.8	3413.2	3435.75	1843241
18/08/2023	3410	3410	3356.5	3367.1	2526749
21/08/2023	3375	3409.75	3372	3401.65	1375579
22/08/2023	3400	3411	3365.05	3382.15	1222012
23/08/2023	3388	3402	3376	3398.25	1330046
24/08/2023	3408	3413.05	3378.1	3387.75	1152881
25/08/2023	3375	3385.8	3350.25	3381.3	1158046
28/08/2023	3394	3394	3360.1	3375.55	1037485
29/08/2023	3381.05	3389.55	3365	3376.15	944517
30/08/2023	3398	3408.1	3383.05	3390.95	1188200
31/08/2023	3401	3417.4	3343.65	3356.8	3417652
01/09/2023	3366	3389	3356.8	3379.2	1277950
04/09/2023	3378	3432.85	3370.05	3418.5	1828332
05/09/2023	3420	3447	3405.15	3429.35	1501842
06/09/2023	3434	3443.9	3398.1	3429.9	1314818
07/09/2023	3430.8	3460	3422.3	3455.25	1885092
08/09/2023	3455.25	3465	3435.05	3441.9	1518917
11/09/2023	3462	3485.7	3445	3480.65	1783604
12/09/2023	3492	3589.9	3483	3580.8	4476016
13/09/2023	3571.1	3588.85	3545	3567.85	1754929
14/09/2023	3570.05	3597.7	3545.6	3560.05	2604721
15/09/2023	3567.85	3607.35	3562.45	3598.3	2952897
18/09/2023	3580.05	3619.3	3575.25	3606.15	1395753
20/09/2023	3580	3625	3580	3606.05	1649396
21/09/2023	3588.55	3605	3528	3585.3	2004073
22/09/2023	3584	3633.75	3565.05	3603.65	1989083
25/09/2023	3602.5	3620	3558.65	3577.15	1238778
26/09/2023	3567.6	3594.95	3536	3585.7	1726062
27/09/2023	3590	3614	3555.7	3589.3	1541134
28/09/2023	3600	3602.8	3527.35	3536.75	1755753
29/09/2023	3537.2	3568.45	3505.55	3528.6	2243791
03/10/2023	3534.2	3534.2	3480.1	3513.85	1948148
04/10/2023	3486.3	3548	3477.3	3537.75	1788138
05/10/2023	3554	3624	3551.2	3589.35	2990768
06/10/2023	3591	3634.95	3575.05	3621.4	2075691
09/10/2023	3645.05	3679	3631	3638.35	4233074
10/10/2023	3640.05	3648	3601.35	3628.9	1848148
11/10/2023	3650	3650	3605	3609.9	2426417
12/10/2023	3575	3588.65	3538.1	3542.55	4241281
13/10/2023	3530	3577	3525	3570.85	2890357
16/10/2023	3566	3574.65	3519.1	3524.05	1671104
17/10/2023	3530	3534.15	3503.35	3507.05	1672065
18/10/2023	3511	3522.7	3484	3487.25	1408245
19/10/2023	3469.5	3476.85	3451.9	3455.65	1514545
20/10/2023	3450.4	3499.5	3444.05	3494.55	1481211
23/10/2023	3473	3478.95	3401.3	3410.15	1106272
25/10/2023	3390.5	3425	3377.2	3390.1	1518537
26/10/2023	3368.05	3373.7	3330	3336.75	1984471
27/10/2023	3350	3362	3337	3350.95	1108851
30/10/2023	3350	3382.85	3333.75	3378.55	910972
31/10/2023	3399	3399	3350.05	3368.75	999811
01/11/2023	3355	3371.6	3311	3330.65	1563475
02/11/2023	3343.2	3375.95	3343.2	3360.1	1245384
03/11/2023	3382	3387.9	3344.3	3350.9	1402598
06/11/2023	3375	3392.3	3359	3380.25	1099852
07/11/2023	3378	3404.15	3366	3370.45	1191144
08/11/2023	3371.45	3401.95	3369.55	3381.55	992899
09/11/2023	3390.1	3391.5	3342.05	3347.45	2112352
10/11/2023	3338	3347.45	3322.35	3333.45	1338557
13/11/2023	3356	3356	3327	3331.55	1030990
15/11/2023	3383.1	3413	3356.05	3404.3	2059802
16/11/2023	3430.05	3529.35	3414.2	3497.85	3951984
17/11/2023	3497.85	3524.5	3492.55	3502.45	2021292
20/11/2023	3491.25	3533.9	3491.25	3519.6	1475621
21/11/2023	3519.6	3539.05	3501	3510.2	1807236
22/11/2023	3500	3532.65	3481.1	3530.15	1798051
23/11/2023	3530	3544	3500	3508.25	2729804
24/11/2023	3494.25	3504.55	3453	3457.1	1989733
28/11/2023	3457.1	3481.25	3433	3470.15	1689195
29/11/2023	3481	3518	3475.8	3513.75	1441634
30/11/2023	3499.45	3516.65	3481	3487.6	3266235
01/12/2023	3500	3516.95	3490.05	3511.65	1172141
04/12/2023	3544.65	3547.8	3498	3512.45	1625213
05/12/2023	3538	3538	3502.8	3531.6	1377656
06/12/2023	3532.6	3612.85	3525.15	3604.1	1896572
07/12/2023	3605	3630.55	3591.7	3614.9	1967653
08/12/2023	3633	3645	3602.05	3626.7	1641155
11/12/2023	3622.9	3653	3615	3642.9	1102503
12/12/2023	3638.95	3698.4	3631	3672.1	2236866
13/12/2023	3643.55	3650	3563	3593.55	3850968
14/12/2023	3630	3678	3627.6	3667.25	3290396
15/12/2023	3666.7	3895.95	3666.7	3861	8531230
18/12/2023	3858.1	3929	3830.15	3859.2	2521612
19/12/2023	3845	3855.1	3790	3816.2	2004435
20/12/2023	3827.25	3898.8	3766.55	3780.05	2586083
21/12/2023	3756.25	3806.7	3743.35	3787.5	1517562
22/12/2023	3800	3845.95	3762	3824	2413058
26/12/2023	3819.85	3834	3790.15	3795.55	1285231
27/12/2023	3799	3818.2	3768	3811.2	1293976
28/12/2023	3824	3838	3792.1	3799.9	1682889
29/12/2023	3792	3822.6	3765.4	3793.4	1574996
01/01/2024	3790	3832	3773	3811.1	825907
02/01/2024	3811.1	3811.1	3767.25	3783.2	1344068
03/01/2024	3767	3771.85	3687.05	3691.75	1803075
04/01/2024	3701.75	3719	3651	3666.8	3598144
05/01/2024	3675	3747.75	3674.85	3737.9	1963127
08/01/2024	3737.9	3739.75	3672.4	3678.3	1067805
09/01/2024	3709.95	3752.35	3682.75	3689.9	1370944
10/01/2024	3690	3729.25	3688	3713.05	1292227
11/01/2024	3724	3773	3707	3735.55	1777909
12/01/2024	3848	3905.25	3821.6	3882.8	6813450
15/01/2024	3960	3965	3885	3903.8	2801505
16/01/2024	3899	3899	3855.55	3861.3	1432672
17/01/2024	3819	3909.95	3812.55	3884.6	3458696
18/01/2024	3898	3908.8	3862	3902.6	2239110
19/01/2024	3945	3963.55	3915.05	3943.05	2941975
23/01/2024	3900	3933.9	3842.75	3858.25	2618854
24/01/2024	3880	3883.65	3805.6	3841.8	2657709
25/01/2024	3839.9	3861	3778.7	3810.3	2205154
29/01/2024	3800.8	3820	3780.85	3801	1646747
30/01/2024	3807.45	3847.8	3787	3800.55	1411621
31/01/2024	3811.2	3834	3796.45	3815.95	2459358
01/02/2024	3820	3904.9	3805.05	3854.15	2363107
02/02/2024	3875.05	3984.4	3872	3966.3	2826510
05/02/2024	3983	4022	3962.1	3973.3	1691523
06/02/2024	3997	4149.9	3990	4136	4474396
07/02/2024	4153	4155	4073.95	4083.4	2124267
08/02/2024	4090	4158	4086.05	4134.1	2345173
09/02/2024	4136.55	4184.75	4100	4133.7	2100596
12/02/2024	4130	4159.6	4105.55	4120.7	1013716
13/02/2024	4125.45	4170	4081.5	4149.5	1257415
14/02/2024	4107	4114.9	4049.5	4100.1	1391283
15/02/2024	4128	4146.3	4083	4103.2	1091582
16/02/2024	4113.25	4147.95	4100.1	4128.3	1307556
19/02/2024	4123.05	4128.3	4055	4103.8	772291
20/02/2024	4082.1	4098	4010	4030.65	1193648
21/02/2024	4013	4063.35	3980.6	3991.5	1885939
22/02/2024	3971	4094.95	3971	4087.1	2982052
23/02/2024	4130	4130	4046.4	4052.1	2538072
26/02/2024	4036	4050	3982.75	4001.05	1379284
27/02/2024	3999	4124	3999	4104.4	2960475
28/02/2024	4095.6	4154.9	4089	4118.95	1939225
29/02/2024	4099	4138.1	4064.55	4095.1	3772719
01/03/2024	4107.2	4140	4086.8	4094.35	2043265
04/03/2024	4105	4117.9	4075.9	4080.7	1749271
05/03/2024	4062	4064	3980	4012.1	2070859
06/03/2024	3994.05	4072	3958.45	4064.3	1744204
07/03/2024	4065	4124	4037.7	4108.6	2688905
11/03/2024	4089	4153	4089	4122.35	2304068
12/03/2024	4122.35	4229.95	4121.05	4192.25	4039801
13/03/2024	4205	4241	4131.9	4149	2837260
14/03/2024	4153.45	4225	4086	4207.6	2919608
15/03/2024	4192.6	4239	4177	4219.25	3373143
18/03/2024	4215.25	4254.75	4117.85	4152.5	1526904
19/03/2024	4051.25	4058	3966.6	3977.3	8931209
20/03/2024	3986	4018	3960.2	3970.9	1817913
21/03/2024	3990.05	4008.4	3948	3972.95	3829582
22/03/2024	3897	3938	3855	3910.9	5852485
26/03/2024	3875	3946.7	3871.45	3877.5	3440925
27/03/2024	3888.5	3895	3829.4	3840.9	1968575
28/03/2024	3850.1	3915	3840.5	3876.3	4311783
01/04/2024	3897.7	3933.3	3888.05	3916.75	1569676
02/04/2024	3890	3909.85	3873	3883.8	2142666
03/04/2024	3851	3981	3851	3947.3	3973090
04/04/2024	3975.9	4028.65	3935.25	4003.3	3394637
05/04/2024	3978	4002	3960.5	3979.25	1636819
08/04/2024	3983	4032.65	3960	3972.55	2302538
09/04/2024	3984	4015.85	3925.05	3946.55	1876992
10/04/2024	3956.4	3990.2	3918	3984.65	2101965
12/04/2024	3971	4013.35	3945.5	4001.4	4354821
15/04/2024	4001.4	4064.2	3919.05	3941.2	4200329
16/04/2024	3902	3928.7	3862.85	3872.8	3051420
18/04/2024	3876.8	3936	3850	3862	3476284
19/04/2024	3838	3852.55	3800.9	3826.2	2957749
22/04/2024	3837	3878	3812	3864.6	1728883
23/04/2024	3877.05	3895	3860.6	3874.7	1807586
24/04/2024	3890	3898	3824.45	3831.05	1317312
25/04/2024	3811.2	3873.65	3811	3852.2	2856271
26/04/2024	3855.15	3876.8	3802.55	3821.35	2039178
29/04/2024	3838	3877.8	3819.2	3870.2	1110693
30/04/2024	3872	3881.75	3810	3820.65	2203078
02/05/2024	3778.05	3871.1	3778.05	3863.3	2491044
03/05/2024	3890.15	3893.6	3797.6	3843.4	2962234
06/05/2024	3853	3939.95	3853	3921.05	2053831
07/05/2024	3930.8	3988	3913.5	3978.95	2062112
08/05/2024	3961	3984.3	3938.6	3976.95	1247685
09/05/2024	3962	3971	3910.05	3960.2	1726486
10/05/2024	3962.6	3973.6	3885.05	3893.9	1672489
13/05/2024	3884.5	3955	3870	3947.8	931326
14/05/2024	3936	3945.8	3892.9	3901.2	1058317
15/05/2024	3904.5	3926.95	3875.5	3880.4	1115021
16/05/2024	3891.1	3909.5	3843.5	3900.95	2599399
17/05/2024	3919	3920	3830	3834.1	2765804
21/05/2024	3830.6	3844.75	3810.05	3820.2	1908117
22/05/2024	3835	3841.25	3817.55	3832	1311168
23/05/2024	3840.95	3905	3825.5	3893.45	2095742
24/05/2024	3878.25	3883.8	3844.3	3849.5	1309452
27/05/2024	3855	3908.35	3841.35	3847.05	1841538
28/05/2024	3858	3870	3830	3839.9	1801993
29/05/2024	3848.9	3848.9	3800	3803.65	1568095
30/05/2024	3777	3794.4	3715.45	3736.1	2919230
31/05/2024	3740	3749.8	3653.75	3670.95	10956800
03/06/2024	3732.8	3751.55	3696	3702.85	2156773
04/06/2024	3700	3745	3591.5	3715	3395997
05/06/2024	3716	3783.8	3700	3746.45	2799670
06/06/2024	3781	3839.9	3741.5	3830.4	4328036
07/06/2024	3837.3	3915	3837.3	3893.95	4552445
10/06/2024	3895	3905.9	3841.9	3858.7	1734661
11/06/2024	3845	3879.95	3841	3852.1	1419898
12/06/2024	3874.4	3893.5	3827.45	3831.65	2177001
13/06/2024	3856.8	3890	3852	3878.15	1932323
14/06/2024	3889	3889	3828	3832.05	1860730
18/06/2024	3826.05	3842	3795.05	3815.1	1774045
19/06/2024	3827.65	3833.85	3792.95	3801.7	1509050
20/06/2024	3796	3809.95	3780.05	3787.25	2846526
21/06/2024	3827	3877.8	3798.05	3810.75	4642195
24/06/2024	3808.75	3857	3791.3	3816.8	1702154
25/06/2024	3817	3847.65	3792.9	3838.45	1338808
26/06/2024	3844.5	3866.95	3841	3855.85	1639845
27/06/2024	3831	3942	3818.1	3934.15	4526556
28/06/2024	3917.8	3960	3897.85	3904.15	2731571
01/07/2024	3884	4001.7	3884	3978.2	2658723
02/07/2024	3993.6	4023.4	3982.55	4017.4	2307449
03/07/2024	4020	4026.1	3955	3965.25	1821198
04/07/2024	3999.85	4047.35	3982.1	4020.95	2518001
05/07/2024	4010	4026.75	3988	4011.8	1668616
08/07/2024	4022	4031.25	3978.05	3993.2	1758882
09/07/2024	3985	4006.95	3975.1	3985.5	1305801
10/07/2024	3983.7	4003.3	3902	3909.15	2669716
11/07/2024	3931	3980	3895.6	3923.7	4872189
12/07/2024	3980	4199.95	3971.3	4183.95	13509164
15/07/2024	4235.7	4240	4157.05	4169.2	4848030
16/07/2024	4172	4194.55	4144.9	4178.45	2029521
18/07/2024	4160	4325	4160	4315.55	5613364
19/07/2024	4317.4	4358.75	4285.25	4302.4	3903354
22/07/2024	4299.95	4319.95	4265	4287.35	1896386
23/07/2024	4283	4361.7	4266.3	4302.35	2365208
24/07/2024	4287.5	4339.1	4268.1	4306.25	1809793
25/07/2024	4295	4343	4274.2	4322.5	2810342
26/07/2024	4350	4422.45	4337.05	4387.85	3552210
29/07/2024	4415	4431	4371	4381.1	1746803
30/07/2024	4391.1	4398	4327.3	4365.35	1797906
31/07/2024	4350	4414	4345	4385.35	2330091
01/08/2024	4399.4	4419.3	4365.05	4397.1	2202244
02/08/2024	4365	4398	4270	4283.05	2811282
05/08/2024	4239	4239	4110.5	4155.05	2787771
06/08/2024	4170.95	4258.25	4160.8	4171.2	2203067
07/08/2024	4228	4244.95	4180.3	4200.45	1237666
08/08/2024	4181	4232	4160	4172.55	2441283
09/08/2024	4217	4253.65	4205.55	4228.75	1302536
12/08/2024	4230	4239	4186.35	4195.65	936912
13/08/2024	4213	4234	4183	4196.95	1495593
14/08/2024	4209	4306.2	4188.15	4295.25	3226545
16/08/2024	4350	4427	4325.1	4416.05	3457058
19/08/2024	4421	4494.25	4390.35	4490	2055210
20/08/2024	4505	4565	4500	4523.3	2212298
21/08/2024	4518	4560	4492.55	4551.5	1896990
22/08/2024	4560	4560.95	4497.2	4502	1829872
23/08/2024	4500	4506	4455	4463.9	1809253
26/08/2024	4489	4552.15	4485	4502.45	1844164
27/08/2024	4505	4510	4486.8	4497.15	930697
28/08/2024	4498.75	4562.5	4457.3	4506.05	1848058
29/08/2024	4460	4556	4460	4511.8	2133641
30/08/2024	4500	4592.25	4487.8	4553.75	3637222
02/09/2024	4576	4588	4512	4521.05	1216500
03/09/2024	4521.05	4555.9	4495.9	4512.35	1717263
04/09/2024	4476.95	4487	4436.7	4479.25	1265505
05/09/2024	4481	4499	4454.15	4475.95	1688793
06/09/2024	4473.95	4518.95	4440	4456.75	1649179
09/09/2024	4455	4490.25	4430.5	4449.55	1184938
10/09/2024	4442.45	4539.95	4440.45	4507.85	1385591
11/09/2024	4521.45	4549.35	4471.25	4479.35	1325919
12/09/2024	4510.25	4532.6	4431.3	4517.7	2742216
13/09/2024	4530	4547	4505	4522.6	1458786
16/09/2024	4527	4546.05	4494.45	4513.25	1155120
17/09/2024	4513.25	4535.8	4466	4505.65	1699364
18/09/2024	4497.05	4497.05	4321	4346.15	2961779
19/09/2024	4390.05	4422.2	4281.8	4296.15	2927551
20/09/2024	4316.9	4330.7	4227.5	4284.9	5447908
23/09/2024	4300	4309.4	4253	4268.5	1702319
24/09/2024	4251.65	4291	4240	4271.3	3012026
25/09/2024	4252.35	4289.6	4240	4274.75	2713073
26/09/2024	4260	4316.8	4260	4292.5	3964251
27/09/2024	4335	4378	4300.05	4308.7	3012477
30/09/2024	4286.9	4298.75	4260.05	4268.5	2503416
01/10/2024	4255.55	4295.75	4242.95	4287.9	1823365
03/10/2024	4262.6	4279	4210	4232.75	3350119
04/10/2024	4225	4298	4224.05	4252.25	2965463
07/10/2024	4273.9	4297.25	4229.4	4272.85	1472619
08/10/2024	4272.6	4279.4	4203.95	4253.25	1541867
09/10/2024	4260	4295	4246.7	4252.95	1082504
10/10/2024	4253.25	4293.85	4198.6	4227.4	2378875
11/10/2024	4143	4241.95	4112.45	4149.2	5759183
14/10/2024	4140	4165.4	4122.2	4136.65	2137590
15/10/2024	4131.05	4169.95	4095	4116.8	2759474
16/10/2024	4085	4115	4067.2	4094.95	2359151
17/10/2024	4112.8	4129.95	4092.95	4109	2522659
18/10/2024	4090	4146.15	4080	4123.05	2361000
21/10/2024	4132.6	4139.95	4070	4079.85	1595450
22/10/2024	4066	4089.8	4006.35	4015.5	1928049
23/10/2024	3999.6	4113.55	3995.15	4066.25	1966476
24/10/2024	4004	4079	4004	4047.9	2676744
25/10/2024	4057.05	4092	4032.7	4057.55	1759676
28/10/2024	4068.95	4134	4051	4090.85	1532534
29/10/2024	4095.85	4103.5	4060.1	4075.25	1445885
30/10/2024	4075	4107	4060.05	4084.65	1935002
31/10/2024	4070	4078.3	3960	3968.45	3740372
04/11/2024	3966.3	3991.9	3913.25	3964.15	2269192
05/11/2024	3941.1	3986	3941.1	3971.35	967590
06/11/2024	4003.6	4149.8	3975.25	4139.65	3792017
07/11/2024	4169.7	4205.8	4085.05	4150.9	3724349
08/11/2024	4155	4169.75	4117.65	4147	1648039
11/11/2024	4128.2	4234.3	4117.65	4198.7	1406487
12/11/2024	4216	4218	4164.35	4197.4	1587640
13/11/2024	4178.1	4196.75	4131.05	4150.35	1098813
14/11/2024	4135	4160	4116.45	4145.9	1825432
18/11/2024	4213	4213	3990.2	4019.5	3313944
19/11/2024	4019.9	4132.15	4014.1	4039.55	1776233
21/11/2024	4044.9	4092.45	4024	4072.85	2384347
22/11/2024	4071	4254.95	4054	4244.6	3096553
25/11/2024	4280	4328.1	4252.2	4315.1	4052167
26/11/2024	4321.05	4366.6	4310	4352.7	2060669
27/11/2024	4358.95	4377.4	4324.05	4332.55	1558993
28/11/2024	4319	4339.95	4233	4244.9	2558544
29/11/2024	4220	4298.7	4195.65	4270.85	2017425
02/12/2024	4270	4288.2	4230.05	4276.65	1670944
03/12/2024	4314.35	4325	4265.45	4302.75	2010905
04/12/2024	4313.55	4386.95	4289.05	4354.4	3302642
05/12/2024	4400.8	4489	4360	4464.05	3746747
06/12/2024	4453	4465	4412.75	4445.5	1842087
09/12/2024	4430.45	4469.4	4415.55	4452.15	2066639
10/12/2024	4426.15	4493.8	4412.1	4432.55	2087828
11/12/2024	4431.85	4448.65	4407	4427.45	1635256
12/12/2024	4430.05	4485	4426	4454.95	1914642
13/12/2024	4434.95	4494.9	4394.4	4473.9	1967048
16/12/2024	4459	4475	4397	4415.2	1646224
17/12/2024	4410	4432.95	4318	4328.5	3225027
18/12/2024	4311.7	4362	4289.6	4347.85	1575404
19/12/2024	4282	4364	4262	4271.9	3015763
20/12/2024	4329	4382	4152.5	4170.3	4116989
23/12/2024	4200.05	4217	4114.9	4158.3	2195338
24/12/2024	4158.3	4218	4158.3	4179.5	1181886
26/12/2024	4179.5	4199.95	4143.15	4169.1	1208464
27/12/2024	4163	4180.95	4147.25	4164.85	858100
30/12/2024	4151	4199.3	4112	4158.8	1527169
31/12/2024	4135	4139.95	4032.05	4094.8	1555429
01/01/2025	4094.4	4134	4085.45	4112.45	763161
02/01/2025	4120	4183	4096.95	4175.75	1720835
03/01/2025	4179.95	4179.95	4092.3	4099.9	1791953
06/01/2025	4105.5	4149.65	4066.4	4095	2085593
07/01/2025	4114.95	4140.35	4011.55	4028.3	2669054
08/01/2025	4034.9	4126	4017.75	4108.4	2181277
09/01/2025	4101	4137.75	4025.3	4038.85	2392472
10/01/2025	4200	4297	4170	4265.65	7894300
13/01/2025	4245	4322.95	4227.4	4291.1	4003771
14/01/2025	4302	4313.9	4219.05	4233.05	3441709
15/01/2025	4218	4256.45	4207.45	4249.6	1653474
16/01/2025	4260	4294	4191.85	4206.3	2637705
17/01/2025	4159.9	4160.6	4100.05	4124.3	1761466
20/01/2025	4145.8	4145.8	4068.1	4077.8	1287799
21/01/2025	4095.3	4111	4030	4035.85	1971591
22/01/2025	4050	4163.15	4044.2	4156.6	2409223
23/01/2025	4168	4191.35	4140.05	4145.45	1822998
24/01/2025	4104	4178	4104	4152.35	1910099
27/01/2025	4102	4156.35	4041.05	4065.15	1551782
28/01/2025	4070.8	4102	4028.3	4040.3	2468272
29/01/2025	4054	4107.85	4054	4099.8	1217089
30/01/2025	4099.9	4129.9	4058.5	4100.05	1531251
31/01/2025	4110	4128.45	4085.25	4112.4	1492943
03/02/2025	4030.9	4077	3998.7	4068.65	1265713
04/02/2025	4083.7	4118.85	4066.05	4107.05	2547132
05/02/2025	4150	4150	4076	4091.1	1693912
06/02/2025	4105.4	4139.5	4051.55	4082.75	2284536
07/02/2025	4090	4090	4008	4029.4	1548940
10/02/2025	4040	4052	4014.35	4036.95	1339511
11/02/2025	4018.4	4040	3955	3963.55	1810908
12/02/2025	3971.1	4021.75	3940.15	3950.15	1678002
13/02/2025	3968	3984.45	3902.25	3910.15	2277310
14/02/2025	3925	3948	3900	3934.85	1681975
17/02/2025	3856.5	3934	3856.2	3904.5	1799806
18/02/2025	3898.4	3924.4	3864.5	3873.2	2149879
19/02/2025	3872.2	3874.95	3768.15	3784.1	4366672
20/02/2025	3761.5	3788	3751.3	3779.4	2888572
21/02/2025	3776.1	3817	3775	3786	1833931
24/02/2025	3743.15	3763.2	3670	3675.6	2508516
25/02/2025	3625	3658	3621.25	3629.55	4101954
27/02/2025	3611.7	3638	3600.7	3612.55	3823856
28/02/2025	3584.95	3600	3457	3483.25	7085018
03/03/2025	3485	3523.25	3476.15	3493.05	4990439
04/03/2025	3474	3551	3464.3	3532.05	2797737
05/03/2025	3520.85	3600.35	3520.85	3547.05	2501894
06/03/2025	3557	3609.45	3536.1	3601.6	2786513
07/03/2025	3600	3625	3574.4	3611.2	2051315
10/03/2025	3606.5	3622.1	3582.6	3589.65	1004626
11/03/2025	3558	3588.75	3537.65	3575.3	1995450
12/03/2025	3565	3569.25	3486.85	3506.2	3174167
13/03/2025	3502.3	3524.3	3484.1	3511.05	1693004
17/03/2025	3489	3530.45	3477.35	3497.7	2690906
18/03/2025	3502.35	3556.95	3478.45	3552.45	3069109
19/03/2025	3547	3547	3462.75	3497.1	3051244
20/03/2025	3512	3578.95	3512	3563.15	2845192
21/03/2025	3475	3616.25	3465	3578.1	4161925
24/03/2025	3600	3649.75	3566.6	3628.95	1834751
25/03/2025	3645	3710	3638	3657.75	3135390
26/03/2025	3647.75	3680.5	3625.85	3635.8	1734499
27/03/2025	3614.85	3663	3610.5	3651.2	2528474
28/03/2025	3651	3660.95	3591.9	3606.15	2051919
01/04/2025	3572.7	3584	3525	3550.8	2618493
02/04/2025	3544	3564.1	3530.05	3543.95	1764313
03/04/2025	3491	3502	3396.15	3403.15	4537821
04/04/2025	3362.6	3399.65	3295.5	3299.4	5317367
07/04/2025	3100	3291.4	3056.05	3274.05	6623955
08/04/2025	3302.05	3349	3255.3	3292.95	5557558
09/04/2025	3260.55	3270	3212.05	3246.6	2990265
11/04/2025	3289.55	3298.95	3206	3231.5	7108961
15/04/2025	3314.4	3314.4	3238.6	3248.2	3512160
16/04/2025	3248.2	3278.1	3229	3273.8	2384391
17/04/2025	3245.5	3303.6	3218	3298.9	2932346
21/04/2025	3290.1	3354	3284.1	3321.6	2432946
22/04/2025	3322.6	3333.9	3295	3314.4	2710498
23/04/2025	3365	3420.9	3337.3	3413	3543923
24/04/2025	3401.1	3412.5	3387.7	3401.6	2252175
25/04/2025	3420	3477.8	3405	3448	2742991
28/04/2025	3435	3457.8	3405	3443.5	1593296
29/04/2025	3455	3495	3430.4	3472.5	1578332
30/04/2025	3472	3509.9	3366	3453.7	2809332
02/05/2025	3472	3491.5	3420	3444.7	1721761
05/05/2025	3450	3504.5	3446.4	3454.3	1284443
06/05/2025	3460	3473	3437	3460	1324763
07/05/2025	3420.6	3459.5	3420.6	3445.1	1477128
08/05/2025	3448	3477	3428.7	3448.9	2543591
09/05/2025	3399	3446.2	3398.1	3440.3	2531757
12/05/2025	3505	3630.5	3502.2	3620.4	2228678
13/05/2025	3620.4	3623	3510.5	3515	3062887
14/05/2025	3521	3561	3508.6	3548.7	2119499
15/05/2025	3564	3600	3514.1	3579.9	3548330
16/05/2025	3593.9	3593.9	3546.1	3561.3	1666727
19/05/2025	3550	3550	3503.7	3518.8	2537377
20/05/2025	3531.8	3558	3494	3498.3	2038374
21/05/2025	3508	3537	3498.3	3525.8	1440153
22/05/2025	3495	3497.8	3451.3	3477	2034383
23/05/2025	3477	3535	3465.6	3514.6	1274331
26/05/2025	3521	3545	3510.1	3537.3	967470
27/05/2025	3532	3540	3483.1	3498.7	2467680
28/05/2025	3520	3529	3493	3497.7	1222933
29/05/2025	3504.7	3532.5	3486.5	3498.1	3188072
30/05/2025	3490	3506.7	3453.1	3463.4	3404365
02/06/2025	3450	3460	3418.6	3449.8	1877585
03/06/2025	3446	3473.5	3400.5	3405.2	2848125
04/06/2025	3389	3394.8	3370	3380.9	2544807
05/06/2025	3409	3409	3363.7	3371.1	3584683
06/06/2025	3371.1	3390.9	3358.7	3384.2	2070390
09/06/2025	3400	3434	3390.9	3421.9	1718678
10/06/2025	3440	3485.8	3423.2	3462.9	2419874
11/06/2025	3470	3489	3449.1	3471.9	2847013
12/06/2025	3471.9	3474.7	3423.2	3434.2	4060134
13/06/2025	3393.2	3450.5	3393.2	3445.7	2178493
16/06/2025	3440	3509	3426.2	3496.3	1934088
17/06/2025	3510	3520	3488.1	3515.3	2111940
18/06/2025	3519.1	3538	3443.1	3451.4	2696327
19/06/2025	3450	3451	3413	3424	2672768
20/06/2025	3425	3446.3	3410.9	3435.7	2351248
23/06/2025	3415	3425	3370	3393.6	3123421
24/06/2025	3434.6	3442.1	3382	3390.4	3403048
25/06/2025	3407.3	3450	3400	3444.8	1757699
26/06/2025	3444.8	3451.4	3415.3	3441.8	2879106
27/06/2025	3455	3466.4	3431	3441.1	1778433
30/06/2025	3439.9	3464.9	3430	3462	1468351
01/07/2025	3455	3485	3413.5	3429.7	2375183
02/07/2025	3487.2	3489.9	3420	3423.3	3090585
03/07/2025	3430	3435.3	3397.6	3400.8	2531870
04/07/2025	3408	3427	3390.1	3419.8	1109320
07/07/2025	3418.3	3426.1	3408.4	3411.7	1639174
08/07/2025	3405	3425	3393.4	3406.2	2325242
09/07/2025	3410	3414	3367	3383.8	2034938
10/07/2025	3380	3399	3356	3382	3035012
11/07/2025	3299.9	3335	3261.1	3266	7635550
14/07/2025	3266	3272	3200	3222.7	3924009
15/07/2025	3206	3259.4	3206	3252.3	2590889
16/07/2025	3227	3244.9	3220.6	3233.1	2540733
17/07/2025	3224.1	3242	3204.1	3209.2	2947640
18/07/2025	3225	3228.8	3187	3189.9	3432645
21/07/2025	3190	3197.6	3152	3158.2	3844346
22/07/2025	3159.6	3180.1	3154.6	3159.6	3198036
23/07/2025	3159.6	3182	3157.6	3179.1	1922875
24/07/2025	3165.1	3173.7	3140	3148	2934778
25/07/2025	3140	3156.9	3125.6	3135.8	2568917
28/07/2025	3110	3118	3069.9	3079.3	3374473
29/07/2025	3060	3074	3041.2	3056	4785312
30/07/2025	3060	3069	3047.2	3053.6	2880121
31/07/2025	3041.7	3059.8	3015	3036.8	2968371
01/08/2025	3029.9	3036.8	3000	3003	2053847
04/08/2025	3009.1	3079.4	2991.6	3074.4	2519252
05/08/2025	3074.4	3077.5	3042	3063.9	1927996
06/08/2025	3063	3066.8	3026	3032.3	1487081
07/08/2025	3016	3051.6	3010.9	3047	2543076
08/08/2025	3048.1	3059.8	3025	3036.4	2762140
11/08/2025	3036.4	3049.9	3021.3	3040.8	1884215
12/08/2025	3041	3096.4	3026.9	3035.4	3358232
13/08/2025	3036.1	3044.4	3028.6	3036.2	2148166
14/08/2025	3034	3055.9	3019.1	3022.3	3342174
18/08/2025	3046.5	3049	3003.4	3011.2	2945609
19/08/2025	3011.2	3025	3011.1	3016.2	2650784
20/08/2025	3010.9	3103.4	3010.9	3098.6	4952358
21/08/2025	3130	3130	3083.1	3102.6	3230726
22/08/2025	3086	3095.7	3050	3054	1593791
25/08/2025	3087.3	3152	3077.1	3140.6	3448370
26/08/2025	3129	3162	3120	3157.2	5522097
28/08/2025	3145	3146.5	3086.5	3093.7	3116051
29/08/2025	3093	3115	3077.2	3084.7	2271789
01/09/2025	3090	3131.1	3090	3112.6	1246862
02/09/2025	3121.1	3155	3103.1	3111.5	2185229
03/09/2025	3129.9	3141.9	3088	3097.5	1799774
04/09/2025	3116	3118	3090.8	3095.7	1481391
05/09/2025	3097.1	3103.4	3028.6	3048.3	2802055
08/09/2025	3050	3064.9	3016	3019	2626187
09/09/2025	3032.1	3060	3030.8	3049.4	2489301
10/09/2025	3056.4	3122.7	3053.4	3110	2079428
11/09/2025	3139	3139	3110.1	3124.2	2263446
12/09/2025	3144	3148.7	3121	3133.4	1447167
15/09/2025	3134	3134	3096	3111.9	1732539
16/09/2025	3128	3150	3109.1	3145.7	2573429
17/09/2025	3152	3182.4	3142.4	3172.8	2418271
18/09/2025	3185	3203	3161.4	3176.7	2633138
19/09/2025	3170	3180.5	3144	3169.2	4901694
22/09/2025	3095	3106.9	3065	3073.8	3634901
23/09/2025	3070	3080.7	3052	3062.4	3177741
24/09/2025	3050	3057	3033	3035.4	1625714
25/09/2025	3022	3029.6	2951	2957.4	4974361
26/09/2025	2941	2954.8	2891.3	2899.1	3934636
29/09/2025	2916	2929.3	2894	2896.1	3110035
30/09/2025	2911	2915.3	2885.1	2888.4	2253458
01/10/2025	2891	2924.8	2866.6	2914.2	1952902
03/10/2025	2924	2924	2891.1	2901.9	2899519
06/10/2025	2902	2993.6	2895.6	2988.4	2112774
07/10/2025	2995	3004.5	2955.5	2973.7	3062943
08/10/2025	2975	3043	2968	3027.2	4121889
09/10/2025	3034	3066	3020	3061.7	3211304
10/10/2025	3050	3070	3006.9	3028.3	8817365
13/10/2025	3027	3035.5	2998.2	3007.2	2866865
14/10/2025	3021	3027.2	2955.5	2960.3	3611416
15/10/2025	2971	2979.7	2951	2969.8	4282226
16/10/2025	2969.9	2975	2943.1	2970.7	3251495
17/10/2025	2970	2988.8	2955.4	2962.2	4374683
20/10/2025	2985.5	3023	2978.5	3015.2	3133039
21/10/2025	3031.1	3031.8	2996	3006.7	310644
23/10/2025	3055	3098	3036.1	3073.2	5564758
24/10/2025	3080	3090	3058.3	3063.2	2684318
27/10/2025	3066.5	3094.2	3060.2	3084.9	1946312
28/10/2025	3076	3090.2	3040.2	3057.9	3470737
29/10/2025	3057.9	3076	3046.1	3057.6	2895420
30/10/2025	3049.1	3063.8	3032.8	3035.3	2241536
31/10/2025	3035	3067.4	3025.1	3058	1868085
03/11/2025	3046.9	3058	3010	3016.8	2194877
04/11/2025	3019.6	3029.3	2976	2990.2	2670720
06/11/2025	2990.1	3024	2990	3010.9	2542721
07/11/2025	3001	3004	2960.5	2991.8	1830520
10/11/2025	2993	3047.9	2992	3025.2	1556656
11/11/2025	3045	3055.7	3018	3047	2806868
12/11/2025	3060	3136.4	3057.1	3131.8	4460315
13/11/2025	3131.8	3131.9	3102	3105.7	1740435
14/11/2025	3090	3113.1	3077.3	3106	2210794
17/11/2025	3106	3123.5	3086.6	3102.2	2232853
18/11/2025	3102	3105	3078	3087.1	2548350
19/11/2025	3097	3155	3083.5	3147.7	3151053
20/11/2025	3148	3164.5	3138.1	3144.8	2700767
21/11/2025	3144.8	3170	3135.2	3150.6	4177037
24/11/2025	3158	3178.9	3131	3141.2	6703764
25/11/2025	3145.3	3149.8	3115	3119.2	2737920
26/11/2025	3118.8	3178	3117	3162.9	2508527
27/11/2025	3180	3180	3125	3136.6	2836233
28/11/2025	3140	3147.3	3125	3137.5	1616690
01/12/2025	3137.9	3154	3122.2	3133.4	1747647
02/12/2025	3131	3144	3120.4	3135.7	2512003
03/12/2025	3140	3211.9	3139	3180	3952112
04/12/2025	3194	3250	3187.4	3229.2	5025905
05/12/2025	3230	3271.6	3222.4	3238.2	5244013
08/12/2025	3243	3259.9	3208.6	3236.5	2544725
09/12/2025	3230	3233.7	3181.2	3208.3	2734893
10/12/2025	3225	3225	3178.1	3189.2	1386849
11/12/2025	3205	3208.4	3153.1	3191.9	1914362
12/12/2025	3197.7	3223	3185.7	3220.5	1146554
15/12/2025	3211.1	3238.2	3197.3	3230.2	1562190
16/12/2025	3220	3220	3191.1	3205.1	1734623
17/12/2025	3200.5	3236.9	3200.5	3217.8	1376350
18/12/2025	3228	3287.8	3221	3280.8	2307422
19/12/2025	3299	3317.9	3278.8	3282	3902511
22/12/2025	3310	3328.6	3291	3324.9	2632816
23/12/2025	3319.9	3319.9	3293.5	3310	2365420
24/12/2025	3304.1	3327.1	3296.1	3319	1367708
26/12/2025	3313.1	3320	3271.8	3280	1176664
29/12/2025	3280	3288	3242.9	3251.5	2079473
30/12/2025	3250	3267.5	3239.5	3246.8	2807593
31/12/2025	3240	3246	3198.5	3206.2	3362634
01/01/2026	3215	3234.1	3198.2	3227.4	1255735
02/01/2026	3234	3254.3	3219.5	3250.7	1184324
05/01/2026	3240.5	3247	3191	3216.1	2341703
06/01/2026	3210	3263.2	3205	3255.8	2912325
07/01/2026	3242.9	3300.6	3223.2	3295.6	1989442
08/01/2026	3286.9	3286.9	3182	3203.9	4159336
09/01/2026	3191	3229.7	3191	3207.8	1938673
12/01/2026	3203	3252	3174.3	3239.6	2228342
13/01/2026	3245	3280	3210.5	3268	5645341
14/01/2026	3260	3260	3183	3192.5	3539511
16/01/2026	3219.4	3221.9	3171	3206.7	4293470
19/01/2026	3188	3220	3152.1	3163.6	3387562
20/01/2026	3151.6	3160	3091.1	3102.3	4499273
21/01/2026	3100	3138.5	3082	3122.6	2015150
22/01/2026	3150	3160	3122.3	3150.4	2269827
23/01/2026	3190.3	3194.5	3152	3162.5	2068857
27/01/2026	3175	3175	3130	3158	4279874
28/01/2026	3176	3205.2	3170.6	3200.1	2751234
29/01/2026	3200.1	3200.1	3125.6	3144.4	2457641
30/01/2026	3141	3141	3092	3123.9	3022068
02/02/2026	3198	3198	3134	3169.6	2636272
03/02/2026	3350	3350	3186.3	3220	4366060
04/02/2026	3120	3120	2986	2999.1	10852595
05/02/2026	2990	3029.7	2972.3	2991.5	3521545
06/02/2026	2976.6	2985	2916	2941.6	4687389
09/02/2026	2959.1	2977	2937.5	2948.2	2380318
10/02/2026	2949.8	3011.6	2943.5	2984.6	3547763
11/02/2026	2980	2998	2904.2	2909.8	3363513
12/02/2026	2869.8	2880	2740	2750.1	10612156
13/02/2026	2585	2713	2585	2692.2	11168735
16/02/2026	2700	2719.8	2671	2706.6	2918730
17/02/2026	2716	2760	2695.2	2717.4	4209118
18/02/2026	2730	2730	2657.3	2694.9	2950820
19/02/2026	2708	2748.7	2666.6	2677.9	3238849
20/02/2026	2667	2702.6	2647.5	2686.2	2293482
23/02/2026	2686	2704	2660.2	2676.3	4699596
24/02/2026	2641	2647.5	2561.3	2573.7	7798833
25/02/2026	2596	2654.2	2595	2629.3	3621285
26/02/2026	2650	2671	2635	2647.7	3464267
27/02/2026	2681.6	2688.6	2626.1	2637.4	5083717
02/03/2026	2592	2623.8	2580.3	2613.5	3374385
04/03/2026	2625	2635	2580.4	2587.8	3446434
05/03/2026	2600	2609.5	2546.4	2578.8	2960636
06/03/2026	2572	2619.2	2553.6	2557.6	3998643
09/03/2026	2530	2560	2505	2527.4	3653428
10/03/2026	2541	2545.2	2490.1	2513.1	4323710
11/03/2026	2508.1	2521	2460.1	2464.9	2720664
12/03/2026	2459.8	2472.9	2436	2442.4	2752075
13/03/2026	2437	2445.9	2397	2410.5	2466488
16/03/2026	2410	2425	2366.1	2409.2	3807907
17/03/2026	2420	2420	2360	2391.7	2993367
18/03/2026	2410	2482.9	2410	2440.8	3082388
19/03/2026	2417	2424	2350.2	2356	2757060
20/03/2026	2386	2407.8	2364.2	2390.6	4206320
23/03/2026	2365	2406.8	2348	2383.8	3860472